,Date,Visiting,Home,Initial Call,Challenging Team,Outcome,Period,Time,Link
0,10/31/25,DEN,POR,Foul,DEN,Lost,4,00:27.7,https://official.nba.com/archive/challenge-of-called-foul-nuggets-trail-blazers-5/
1,10/31/25,UTA,PHX,Foul,UTA,Won,3,00:18.7,https://official.nba.com/archive/challenge-of-called-foul-jazz-suns-6/
2,10/31/25,UTA,PHX,Foul,PHX,Lost,3,01:02.0,https://official.nba.com/archive/51982-challenge-of-called-foul-jazz-at-suns/
3,10/31/25,NYK,CHI,Foul,NYK,Won,3,00:20.6,https://official.nba.com/archive/challenge-of-called-foul-knicks-bulls-3/
4,10/31/25,NYK,CHI,Foul,CHI,Lost,3,04:08.0,https://official.nba.com/archive/challenge-of-called-foul-knicks-bulls-6/
5,10/31/25,ATL,IND,Possession,IND,Won,4,05:20.0,https://official.nba.com/archive/challenge-oob-hawks-pacers-2/
6,10/31/25,TOR,CLE,Foul,CLE,Lost,3,03:33.0,https://official.nba.com/archive/51972-challenge-of-called-foul-raptors-at-cavaliers/
7,10/31/25,ATL,IND,Foul,ATL,Won,4,07:45.0,https://official.nba.com/archive/challenge-of-called-foul-hawks-pacers/
8,10/31/25,BOS,PHI,Possession,PHI,Won,3,03:31.0,https://official.nba.com/archive/51968-challenge-oob-celtics-at-76ers/
9,10/30/25,ORL,CHA,Possession,CHA,Lost,4,06:23.0,https://official.nba.com/archive/challenge-oob-magic-hornets-2/
10,10/30/25,MIA,SAS,Foul,MIA,Lost,1,06:06.0,https://official.nba.com/archive/challenge-of-called-foul-heat-spurs-3/
11,10/30/25,GSW,MIL,Foul,MIL,Won,1,07:03.0,https://official.nba.com/archive/challenge-of-called-foul-warriors-bucks-3/
12,10/30/25,ORL,CHA,Foul,ORL,Lost,2,02:00.0,https://official.nba.com/archive/challenge-of-called-foul-magic-hornets-3/
13,10/29/25,MEM,PHX,Foul,PHX,Lost,4,06:00.0,https://official.nba.com/archive/challenge-of-called-foul-grizzlies-suns-5/
14,10/29/25,LAL,MIN,Foul,LAL,Won,3,00:03.9,https://official.nba.com/archive/challenge-of-called-foul-lakers-timberwolves-6/
15,10/29/25,MEM,PHX,Foul,MEM,Won,3,09:00.0,https://official.nba.com/archive/challenge-of-called-foul-grizzlies-suns-4/
16,10/29/25,POR,UTA,Foul,POR,Lost,4,05:58.0,https://official.nba.com/archive/challenge-of-called-foul-trail-blazers-jazz-7/
17,10/29/25,MEM,PHX,Foul,PHX,Won,3,10:46.0,https://official.nba.com/archive/challenge-of-called-foul-grizzlies-suns-3/
18,10/29/25,LAL,MIN,Foul,MIN,Won,3,06:40.0,https://official.nba.com/archive/challenge-of-called-foul-lakers-timberwolves-5/
19,10/29/25,POR,UTA,Possession,POR,Won,3,09:29.0,https://official.nba.com/archive/challenge-oob-trail-blazers-jazz-5/
20,10/29/25,IND,DAL,Possession,DAL,Won,3,00:49.0,https://official.nba.com/archive/challenge-oob-pacers-mavericks/
21,10/29/25,ATL,BKN,Possession,BKN,Won,4,02:07.0,https://official.nba.com/archive/challenge-oob-hawks-nets/
22,10/29/25,ATL,BKN,Possession,BKN,Won,4,07:08.0,https://official.nba.com/archive/challenge-oob-hawks-nets-2/
23,10/29/25,ATL,BKN,Foul,ATL,Lost,4,09:21.0,https://official.nba.com/archive/challenge-of-called-foul-hawks-nets-6/
24,10/29/25,ORL,DET,Foul,ORL,Won,4,06:46.0,https://official.nba.com/archive/challenge-of-called-foul-magic-pistons-4/
25,10/29/25,CLE,BOS,Possession,CLE,Won,4,05:26.0,https://official.nba.com/archive/challenge-oob-cavaliers-celtics-4/
26,10/29/25,IND,DAL,Foul,IND,Won,2,10:35.0,https://official.nba.com/archive/challenge-of-called-foul-pacers-mavericks-4/
27,10/29/25,CLE,BOS,Foul,BOS,Won,3,05:47.0,https://official.nba.com/archive/challenge-of-called-foul-cavaliers-celtics-6/
28,10/29/25,ORL,DET,Possession,DET,Lost,2,06:12.0,https://official.nba.com/archive/challenge-oob-magic-pistons/
29,10/28/25,LAC,GSW,Foul,GSW,Won,1,05:35.0,https://official.nba.com/archive/51916-challenge-of-called-foul-clippers-at-warriors/
30,10/28/25,SAC,OKC,Foul,OKC,Lost,4,11:11.0,https://official.nba.com/archive/challenge-of-called-foul-kings-thunder-4/
31,10/28/25,SAC,OKC,Foul,SAC,Won,3,10:33.0,https://official.nba.com/archive/challenge-of-called-foul-kings-thunder-3/
32,10/28/25,SAC,OKC,Foul,OKC,Won,2,02:45.0,https://official.nba.com/archive/challenge-of-called-foul-kings-thunder-2/
33,10/28/25,CHA,MIA,Foul,MIA,Won,2,08:27.0,https://official.nba.com/archive/challenge-of-called-foul-hornets-heat-5/
34,10/28/25,PHI,WAS,Foul,WAS,Won,2,05:56.0,https://official.nba.com/archive/challenge-of-called-foul-76ers-wizards-4/
35,10/27/25,POR,LAL,Foul,POR,Won,4,04:43.0,https://official.nba.com/archive/challenge-of-called-foul-trail-blazers-lakers-6/
36,10/27/25,MEM,GSW,Foul,MEM,Won,4,07:20.0,https://official.nba.com/archive/challenge-of-called-foul-grizzlies-warriors-6/
37,10/27/25,MEM,GSW,Foul,GSW,Lost,4,07:32.0,https://official.nba.com/archive/challenge-of-called-foul-grizzlies-warriors-5/
38,10/27/25,PHX,UTA,Foul,PHX,Won,5,02:20.0,https://official.nba.com/archive/challenge-of-called-foul-suns-jazz-8/
39,10/27/25,MEM,GSW,Possession,MEM,Won,3,06:19.0,https://official.nba.com/archive/challenge-oob-grizzlies-warriors/
40,10/27/25,PHX,UTA,Foul,PHX,Won,4,00:08.4,https://official.nba.com/archive/challenge-of-called-foul-suns-jazz-7/
41,10/27/25,POR,LAL,Possession,LAL,Won,2,09:15.0,https://official.nba.com/archive/challenge-oob-trail-blazers-lakers/
42,10/27/25,OKC,DAL,Possession,DAL,Lost,4,00:22.4,https://official.nba.com/archive/51895-challenge-oob-thunder-at-mavericks/
43,10/27/25,DEN,MIN,Foul,DEN,Lost,2,00:57.9,https://official.nba.com/archive/challenge-of-called-foul-nuggets-timberwolves-8/
44,10/27/25,DEN,MIN,Foul,MIN,Lost,2,02:16.0,https://official.nba.com/archive/challenge-of-called-foul-nuggets-timberwolves-7/
45,10/27/25,OKC,DAL,Foul,DAL,Won,4,07:48.0,https://official.nba.com/archive/challenge-of-called-foul-thunder-mavericks-3/
46,10/27/25,ATL,CHI,Possession,CHI,Won,4,01:59.0,https://official.nba.com/archive/challenge-oob-hawks-bulls-2/
47,10/27/25,OKC,DAL,Foul,OKC,Won,3,08:25.0,https://official.nba.com/archive/challenge-of-called-foul-thunder-mavericks-2/
48,10/27/25,TOR,SAS,Possession,TOR,Won,3,04:22.0,https://official.nba.com/archive/challenge-oob-raptors-spurs-2/
49,10/27/25,BKN,HOU,Foul,HOU,Lost,3,03:38.0,https://official.nba.com/archive/challenge-of-called-foul-nets-rockets-3/
50,10/27/25,ORL,PHI,Possession,PHI,Won,4,00:55.6,https://official.nba.com/archive/challenge-oob-magic-76ers/
51,10/27/25,CLE,DET,Foul,DET,Lost,3,03:48.0,https://official.nba.com/archive/challenge-of-called-foul-cavaliers-pistons-6/
52,10/27/25,BOS,NOP,Foul,NOP,Won,2,09:33.0,https://official.nba.com/archive/challenge-of-called-foul-celtics-pelicans-2/
53,10/26/25,LAL,SAC,Foul,LAL,Lost,4,03:35.0,https://official.nba.com/archive/challenge-of-called-foul-lakers-kings-9/
54,10/26/25,POR,LAC,Foul,LAC,Won,4,03:11.0,https://official.nba.com/archive/challenge-of-called-foul-trail-blazers-clippers-4/
55,10/26/25,LAL,SAC,Foul,LAL,Won,4,08:12.0,https://official.nba.com/archive/challenge-of-called-foul-lakers-kings-8/
56,10/26/25,POR,LAC,Foul,POR,Lost,4,08:04.0,https://official.nba.com/archive/challenge-of-called-foul-trail-blazers-clippers-2/
57,10/26/25,LAL,SAC,Foul,SAC,Won,3,02:28.0,https://official.nba.com/archive/challenge-of-called-foul-lakers-kings-7/
58,10/26/25,LAL,SAC,Foul,SAC,Won,2,08:34.0,https://official.nba.com/archive/challenge-of-called-foul-lakers-kings-6/
59,10/26/25,POR,LAC,Possession,POR,Won,1,06:17.0,https://official.nba.com/archive/51863-challenge-oob-trail-blazers-at-clippers/
60,10/26/25,IND,MIN,Possession,IND,Won,4,05:49.0,https://official.nba.com/archive/51862-challenge-oob-pacers-at-timberwolves/
61,10/26/25,IND,MIN,Foul,IND,Won,3,00:40.0,https://official.nba.com/archive/challenge-of-called-foul-pacers-timberwolves-6/
62,10/26/25,MIL,CLE,Possession,MIL,Lost,3,02:56.0,https://official.nba.com/archive/51857-challenge-oob-bucks-at-cavaliers/
63,10/26/25,IND,MIN,Possession,MIN,Won,1,08:21.0,https://official.nba.com/archive/51854-challenge-oob-pacers-at-timberwolves/
64,10/26/25,MIL,CLE,Foul,CLE,Won,2,00:22.5,https://official.nba.com/archive/challenge-of-called-foul-bucks-cavaliers-2/
65,10/26/25,NYK,MIA,Possession,MIA,Won,2,09:33.0,https://official.nba.com/archive/51851-challenge-oob-knicks-at-heat/
66,10/26/25,CHA,WAS,Foul,CHA,Won,1,00:24.4,https://official.nba.com/archive/51850-challenge-of-called-foul-hornets-at-wizards/
67,10/26/25,NYK,MIA,Possession,NYK,Won,1,00:02.0,https://official.nba.com/archive/51849-challenge-oob-knicks-at-heat/
68,10/26/25,CHA,WAS,Foul,WAS,Won,1,05:43.0,https://official.nba.com/archive/51846-challenge-of-called-foul-hornets-at-wizards/
69,10/26/25,BOS,DET,Foul,BOS,Lost,4,01:33.0,https://official.nba.com/archive/51843-challenge-of-called-foul-celtics-at-pistons/
70,10/26/25,BOS,DET,Foul,DET,Lost,4,03:54.0,https://official.nba.com/archive/51842-challenge-of-called-foul-celtics-at-pistons/
71,10/26/25,BOS,DET,Foul,BOS,Won,4,10:19.0,https://official.nba.com/archive/51841-challenge-of-called-foul-celtics-at-pistons/
72,10/26/25,BKN,SAS,Foul,SAS,Lost,4,08:41.0,https://official.nba.com/archive/challenge-of-called-foul-nets-spurs-2/
73,10/26/25,BKN,SAS,Foul,BKN,Lost,2,03:04.0,https://official.nba.com/archive/challenge-of-called-foul-nets-spurs/
74,10/26/25,BKN,SAS,Possession,BKN,Won,1,00:10.9,https://official.nba.com/archive/51837-challenge-oob-nets-at-spurs/
75,10/25/25,PHX,DEN,Foul,PHX,Won,4,07:11.0,https://official.nba.com/archive/challenge-of-called-foul-suns-nuggets-8/
76,10/25/25,CHA,PHI,Foul,PHI,Lost,4,08:48.0,https://official.nba.com/archive/challenge-of-called-foul-hornets-76ers-7/
77,10/25/25,PHX,DEN,Foul,DEN,Won,1,03:06.0,https://official.nba.com/archive/challenge-of-called-foul-suns-nuggets-7/
78,10/25/25,CHI,ORL,Possession,ORL,Won,4,03:43.0,https://official.nba.com/archive/challenge-oob-bulls-magic-2/
79,10/25/25,OKC,ATL,Foul,OKC,Won,3,02:22.0,https://official.nba.com/archive/challenge-of-called-foul-thunder-hawks/
80,10/24/25,PHX,LAC,Possession,PHX,Won,4,08:33.0,https://official.nba.com/archive/51825-challenge-oob-suns-at-clippers/
81,10/24/25,GSW,POR,Foul,GSW,Won,4,04:50.0,https://official.nba.com/archive/challenge-of-called-foul-warriors-trail-blazers-8/
82,10/24/25,PHX,LAC,Foul,LAC,Won,3,07:22.0,https://official.nba.com/archive/challenge-of-called-foul-suns-clippers/
83,10/24/25,UTA,SAC,Possession,UTA,Lost,3,01:33.0,https://official.nba.com/archive/challenge-oob-jazz-kings/
84,10/24/25,GSW,POR,Foul,POR,Lost,3,05:34.0,https://official.nba.com/archive/challenge-of-called-foul-warriors-trail-blazers-7/
85,10/24/25,GSW,POR,Foul,GSW,Won,3,07:35.0,https://official.nba.com/archive/challenge-of-called-foul-warriors-trail-blazers-6/
86,10/24/25,MIN,LAL,Foul,LAL,Lost,2,09:24.0,https://official.nba.com/archive/challenge-of-called-foul-timberwolves-lakers-8/
87,10/24/25,DET,HOU,Possession,DET,Won,4,00:53.9,https://official.nba.com/archive/challenge-oob-pistons-rockets-2/
88,10/24/25,SAS,NOP,Foul,NOP,Lost,5,03:41.0,https://official.nba.com/archive/challenge-of-called-foul-spurs-pelicans-3/
89,10/24/25,MIN,LAL,Possession,MIN,Won,1,06:10.0,https://official.nba.com/archive/challenge-oob-timberwolves-lakers-3/
90,10/24/25,WAS,DAL,Foul,DAL,Lost,3,00:56.8,https://official.nba.com/archive/challenge-of-called-foul-wizards-mavericks/
91,10/24/25,CLE,BKN,Possession,CLE,Won,4,05:10.0,https://official.nba.com/archive/challenge-oob-cavaliers-nets/
92,10/24/25,BOS,NYK,Possession,NYK,Won,4,07:56.0,https://official.nba.com/archive/challenge-oob-celtics-knicks-4/
93,10/24/25,MIA,MEM,Foul,MIA,Lost,3,06:21.0,https://official.nba.com/archive/challenge-of-called-foul-heat-grizzlies-2/
94,10/24/25,MIL,TOR,Foul,TOR,Lost,4,00:21.5,https://official.nba.com/archive/challenge-of-called-foul-bucks-raptors-2/
95,10/24/25,CLE,BKN,Foul,CLE,Won,2,04:48.0,https://official.nba.com/archive/challenge-of-called-foul-cavaliers-nets-6/
96,10/24/25,ATL,ORL,Foul,ATL,Won,1,03:42.0,https://official.nba.com/archive/challenge-of-called-foul-hawks-magic-5/
97,10/23/25,OKC,IND,Foul,OKC,Lost,5,03:26.0,https://official.nba.com/archive/challenge-of-called-foul-thunder-pacers-2/
98,10/22/25,MIN,POR,Foul,MIN,Lost,4,08:18.0,https://official.nba.com/archive/challenge-of-called-foul-timberwolves-trail-blazers-3/
99,10/22/25,SAC,PHX,Possession,PHX,Won,2,07:18.0,https://official.nba.com/archive/challenge-oob-kings-suns-4/
100,10/22/25,DET,CHI,Possession,CHI,Won,4,00:13.8,https://official.nba.com/archive/challenge-oob-pistons-bulls/
101,10/22/25,MIN,POR,Possession,POR,Lost,1,08:03.0,https://official.nba.com/archive/challenge-oob-timberwolves-trail-blazers/
102,10/22/25,DET,CHI,Possession,DET,Won,4,08:34.0,https://official.nba.com/archive/challenge-oob-pistons-bulls-2/
103,10/22/25,PHI,BOS,Foul,BOS,Won,4,07:38.0,https://official.nba.com/archive/challenge-of-called-foul-76ers-celtics-4/
104,10/22/25,BKN,CHA,Foul,CHA,Lost,4,04:11.0,https://official.nba.com/archive/challenge-of-called-foul-nets-hornets-7/
105,10/22/25,MIA,ORL,Foul,MIA,Lost,4,03:01.0,https://official.nba.com/archive/challenge-of-called-foul-heat-magic-6/
106,10/22/25,TOR,ATL,Foul,ATL,Lost,3,05:55.0,https://official.nba.com/archive/challenge-of-called-foul-raptors-hawks-8/
107,10/22/25,MIA,ORL,Foul,ORL,Lost,4,04:30.0,https://official.nba.com/archive/challenge-of-called-foul-heat-magic-4/
108,10/22/25,NOP,MEM,Foul,MEM,Lost,2,03:29.0,https://official.nba.com/archive/challenge-of-called-foul-pelicans-grizzlies/
109,10/22/25,DET,CHI,Possession,CHI,Won,2,06:21.0,https://official.nba.com/archive/challenge-oob-pistons-bulls-3/
110,10/22/25,CLE,NYK,Possession,CLE,Won,3,03:27.0,https://official.nba.com/archive/challenge-oob-cavaliers-knicks/
111,10/22/25,TOR,ATL,Foul,TOR,Lost,2,10:33.0,https://official.nba.com/archive/51753-challenge-of-called-foul-raptors-at-hawks/
112,10/22/25,BKN,CHA,Foul,BKN,Won,1,00:03.4,https://official.nba.com/archive/51752-challenge-of-called-foul-nets-at-hornets/
113,10/21/25,GSW,LAL,Foul,LAL,Lost,1,00:03.2,https://official.nba.com/archive/challenge-of-called-foul-warriors-lakers-5/
114,10/21/25,HOU,OKC,Foul,OKC,Lost,4,00:53.1,https://official.nba.com/archive/challenge-of-called-foul-rockets-thunder-7/
115,10/21/25,HOU,OKC,Foul,HOU,Won,4,01:42.0,https://official.nba.com/archive/challenge-of-called-foul-rockets-thunder-3/
116,10/21/25,HOU,OKC,Possession,HOU,Won,2,01:31.0,https://official.nba.com/archive/challenge-oob-rockets-thunder-3/
117,10/21/25,HOU,OKC,Possession,OKC,Won,1,03:26.0,https://official.nba.com/archive/51733-challenge-oob-rockets-at-thunder/
0,11/30/25,SAS,MIN,Foul,MIN,Lost,4,04:00.0,https://official.nba.com/archive/challenge-of-called-foul-spurs-timberwolves/
1,11/30/25,SAS,MIN,Possession,MIN,Won,4,10:16.0,https://official.nba.com/archive/52642-challenge-oob-spurs-at-timberwolves/
2,11/30/25,ATL,PHI,Possession,ATL,Won,5,01:53.0,https://official.nba.com/archive/52641-challenge-oob-hawks-at-76ers/
3,11/30/25,ATL,PHI,Possession,PHI,Won,5,03:38.0,https://official.nba.com/archive/challenge-oob-hawks-76ers-3/
4,11/30/25,OKC,POR,Foul,POR,Lost,4,05:53.0,https://official.nba.com/archive/challenge-of-called-foul-thunder-trail-blazers-7/
5,11/30/25,TOR,NYK,Possession,TOR,Won,4,09:45.0,https://official.nba.com/archive/challenge-oob-raptors-knicks-4/
6,11/30/25,OKC,POR,Foul,OKC,Lost,3,05:00.0,https://official.nba.com/archive/challenge-of-called-foul-thunder-trail-blazers-8/
7,11/30/25,HOU,UTA,Foul,HOU,Won,4,10:04.0,https://official.nba.com/archive/challenge-of-called-foul-rockets-jazz-6/
8,11/30/25,HOU,UTA,Possession,HOU,Won,3,02:42.0,https://official.nba.com/archive/52631-challenge-oob-rockets-at-jazz/
9,11/29/25,DAL,LAC,Possession,LAC,Lost,4,05:28.0,https://official.nba.com/archive/52629-challenge-oob-mavericks-at-clippers/
10,11/29/25,DAL,LAC,Foul,DAL,Won,2,08:36.0,https://official.nba.com/archive/challenge-of-called-foul-mavericks-clippers-3/
11,11/29/25,DET,MIA,Possession,MIA,Won,4,01:07.0,https://official.nba.com/archive/52624-challenge-oob-pistons-at-heat/
12,11/29/25,NOP,GSW,Foul,GSW,Won,3,05:45.0,https://official.nba.com/archive/52623-challenge-of-called-foul-pelicans-at-warriors/
13,11/29/25,NOP,GSW,Possession,GSW,Won,3,08:03.0,https://official.nba.com/archive/52621-challenge-oob-pelicans-at-warriors/
14,11/29/25,BKN,MIL,Possession,BKN,Won,4,06:38.0,https://official.nba.com/archive/52620-challenge-oob-nets-at-bucks/
15,11/29/25,DEN,PHX,Foul,PHX,Won,2,04:10.0,https://official.nba.com/archive/challenge-of-called-foul-nuggets-suns-2/
16,11/29/25,CHI,IND,Possession,CHI,Won,4,10:36.0,https://official.nba.com/archive/52614-challenge-oob-bulls-at-pacers/
17,11/29/25,TOR,CHA,Possession,CHA,Won,4,08:32.0,https://official.nba.com/archive/52609-challenge-oob-raptors-at-hornets/
18,11/29/25,TOR,CHA,Possession,TOR,Won,4,11:05.0,https://official.nba.com/archive/challenge-oob-raptors-hornets-2/
19,11/29/25,TOR,CHA,Foul,CHA,Won,3,02:52.0,https://official.nba.com/archive/challenge-of-called-foul-raptors-hornets-5/
20,11/29/25,TOR,CHA,Foul,TOR,Won,3,07:25.0,https://official.nba.com/archive/challenge-of-called-foul-raptors-hornets/
21,11/29/25,BOS,MIN,Foul,MIN,Lost,3,03:21.0,https://official.nba.com/archive/challenge-of-called-foul-celtics-timberwolves/
22,11/28/25,DAL,LAL,Foul,LAL,Won,4,01:10.0,https://official.nba.com/archive/challenge-of-called-foul-mavericks-lakers-2/
23,11/28/25,SAS,DEN,Foul,SAS,Lost,4,01:42.0,https://official.nba.com/archive/challenge-of-called-foul-spurs-nuggets-4/
24,11/28/25,PHX,OKC,Foul,PHX,Lost,4,01:26.0,https://official.nba.com/archive/challenge-of-called-foul-suns-thunder-8/
25,11/28/25,SAS,DEN,Foul,DEN,Lost,3,03:44.0,https://official.nba.com/archive/challenge-of-called-foul-spurs-nuggets-3/
26,11/28/25,SAC,UTA,Foul,UTA,Lost,3,05:31.0,https://official.nba.com/archive/challenge-of-called-foul-kings-jazz-2/
27,11/28/25,MEM,LAC,Possession,LAC,Won,2,07:11.0,https://official.nba.com/archive/challenge-oob-grizzlies-clippers-4/
28,11/28/25,PHX,OKC,Foul,OKC,Lost,2,01:34.0,https://official.nba.com/archive/challenge-of-called-foul-suns-thunder-7/
29,11/28/25,MIL,NYK,Foul,MIL,Lost,4,03:37.0,https://official.nba.com/archive/challenge-of-called-foul-bucks-knicks-6/
30,11/28/25,ORL,DET,Possession,ORL,Won,4,01:04.0,https://official.nba.com/archive/challenge-oob-magic-pistons-4/
31,11/28/25,PHX,OKC,Possession,PHX,Won,1,04:10.0,https://official.nba.com/archive/challenge-oob-suns-thunder/
32,11/28/25,CLE,ATL,Foul,CLE,Won,4,01:24.0,https://official.nba.com/archive/challenge-of-called-foul-cavaliers-hawks-2/
33,11/28/25,CLE,ATL,Foul,ATL,Lost,4,07:56.0,https://official.nba.com/archive/challenge-of-called-foul-cavaliers-hawks/
34,11/28/25,ORL,DET,Possession,ORL,Won,4,08:33.0,https://official.nba.com/archive/challenge-oob-magic-pistons-3/
35,11/28/25,PHI,BKN,Possession,BKN,Won,3,01:27.0,https://official.nba.com/archive/challenge-oob-76ers-nets-3/
36,11/28/25,ORL,DET,Possession,DET,Lost,3,05:45.0,https://official.nba.com/archive/challenge-oob-magic-pistons-2/
37,11/28/25,PHI,BKN,Foul,PHI,Won,3,08:44.0,https://official.nba.com/archive/challenge-of-called-foul-76ers-nets-2/
38,11/26/25,HOU,GSW,Foul,GSW,Lost,4,02:47.0,https://official.nba.com/archive/challenge-of-called-foul-rockets-warriors-8/
39,11/26/25,HOU,GSW,Foul,HOU,Won,4,03:25.0,https://official.nba.com/archive/challenge-of-called-foul-rockets-warriors-7/
40,11/26/25,HOU,GSW,Possession,GSW,Won,4,06:35.0,https://official.nba.com/archive/challenge-oob-rockets-warriors-6/
41,11/26/25,SAS,POR,Possession,SAS,Won,4,04:44.0,https://official.nba.com/archive/52566-challenge-oob-spurs-at-trail-blazers/
42,11/26/25,SAS,POR,Foul,POR,Lost,4,06:58.0,https://official.nba.com/archive/challenge-of-called-foul-spurs-trail-blazers-2/
43,11/26/25,HOU,GSW,Foul,HOU,Won,4,10:59.0,https://official.nba.com/archive/challenge-of-called-foul-rockets-warriors-6/
44,11/26/25,PHX,SAC,Possession,SAC,Won,2,06:28.0,https://official.nba.com/archive/challenge-oob-suns-kings-3/
45,11/26/25,PHX,SAC,Foul,PHX,Won,2,09:34.0,https://official.nba.com/archive/challenge-of-called-foul-suns-kings-2/
46,11/26/25,SAS,POR,Possession,POR,Won,1,06:50.0,https://official.nba.com/archive/challenge-oob-spurs-trail-blazers/
47,11/26/25,MEM,NOP,Foul,MEM,Won,4,09:48.0,https://official.nba.com/archive/challenge-of-called-foul-grizzlies-pelicans-7/
48,11/26/25,IND,TOR,Foul,TOR,Lost,4,03:50.0,https://official.nba.com/archive/challenge-of-called-foul-pacers-raptors-3/
49,11/26/25,IND,TOR,Possession,TOR,Won,3,06:57.0,https://official.nba.com/archive/challenge-oob-pacers-raptors-2/
50,11/26/25,MIL,MIA,Possession,MIA,Lost,3,04:28.0,https://official.nba.com/archive/52552-challenge-oob-bucks-at-heat/
51,11/26/25,MIN,OKC,Foul,OKC,Won,2,07:26.0,https://official.nba.com/archive/challenge-of-called-foul-timberwolves-thunder-7/
52,11/26/25,MIN,OKC,Foul,MIN,Won,2,11:05.0,https://official.nba.com/archive/challenge-of-called-foul-timberwolves-thunder-8/
53,11/26/25,MIN,OKC,Foul,MIN,Won,1,03:36.0,https://official.nba.com/archive/challenge-of-called-foul-timberwolves-thunder-9/
54,11/26/25,NYK,CHA,Possession,CHA,Won,1,08:29.0,https://official.nba.com/archive/challenge-oob-knicks-hornets/
55,11/26/25,DET,BOS,Possession,DET,Won,3,06:03.0,https://official.nba.com/archive/challenge-oob-pistons-celtics-3/
56,11/26/25,DET,BOS,Possession,BOS,Won,2,08:41.0,https://official.nba.com/archive/challenge-oob-pistons-celtics-4/
57,11/25/25,LAC,LAL,Foul,LAL,Lost,3,00:32.2,https://official.nba.com/archive/challenge-of-called-foul-clippers-lakers-6/
58,11/25/25,LAC,LAL,Foul,LAC,Won,3,02:45.0,https://official.nba.com/archive/challenge-of-called-foul-clippers-lakers-5/
59,11/25/25,LAC,LAL,Foul,LAC,Won,1,03:32.0,https://official.nba.com/archive/52535-challenge-of-called-foul-clippers-at-lakers/
60,11/25/25,ATL,WAS,Possession,ATL,Lost,1,08:15.0,https://official.nba.com/archive/challenge-oob-hawks-wizards/
61,11/24/25,MIN,SAC,Foul,SAC,Won,4,08:34.0,https://official.nba.com/archive/challenge-of-called-foul-timberwolves-kings-3/
62,11/24/25,HOU,PHX,Foul,PHX,Lost,4,04:31.0,https://official.nba.com/archive/challenge-of-called-foul-rockets-suns-2/
63,11/24/25,HOU,PHX,Foul,HOU,Lost,4,07:31.0,https://official.nba.com/archive/52528-challenge-of-called-foul-rockets-at-suns/
64,11/24/25,UTA,GSW,Possession,GSW,Won,2,06:48.0,https://official.nba.com/archive/challenge-oob-jazz-warriors/
65,11/24/25,MIN,SAC,Possession,SAC,Won,2,11:20.0,https://official.nba.com/archive/challenge-oob-timberwolves-kings/
66,11/24/25,POR,MIL,Possession,POR,Won,4,09:46.0,https://official.nba.com/archive/challenge-oob-trail-blazers-bucks-2/
67,11/24/25,CHI,NOP,Possession,CHI,Won,3,06:43.0,https://official.nba.com/archive/challenge-oob-bulls-pelicans/
68,11/24/25,DAL,MIA,Foul,MIA,Won,3,03:01.0,https://official.nba.com/archive/challenge-of-called-foul-mavericks-heat/
69,11/24/25,CLE,TOR,Possession,CLE,Lost,4,03:51.0,https://official.nba.com/archive/challenge-oob-cavaliers-raptors-2/
70,11/24/25,DET,IND,Foul,IND,Lost,2,03:43.0,https://official.nba.com/archive/challenge-of-called-foul-pistons-pacers-5/
71,11/23/25,LAL,UTA,Foul,UTA,Won,3,05:15.0,https://official.nba.com/archive/challenge-of-called-foul-lakers-jazz-2/
72,11/23/25,SAS,PHX,Possession,PHX,Lost,2,00:40.1,https://official.nba.com/archive/52499-challenge-oob-spurs-at-suns/
73,11/23/25,POR,OKC,Foul,OKC,Won,3,05:30.0,https://official.nba.com/archive/challenge-of-called-foul-trail-blazers-thunder-6/
74,11/23/25,CHA,ATL,Foul,CHA,Won,4,03:58.0,https://official.nba.com/archive/52494-challenge-of-called-foul-hornets-at-hawks/
75,11/23/25,CHA,ATL,Foul,CHA,Won,3,10:29.0,https://official.nba.com/archive/challenge-of-called-foul-hornets-hawks-4/
76,11/23/25,LAC,CLE,Foul,LAC,Lost,2,07:39.0,https://official.nba.com/archive/challenge-of-called-foul-clippers-cavaliers-2/
77,11/23/25,LAC,CLE,Foul,CLE,Lost,2,11:12.0,https://official.nba.com/archive/challenge-of-called-foul-clippers-cavaliers-5/
78,11/23/25,ORL,BOS,Foul,BOS,Lost,1,02:13.0,https://official.nba.com/archive/challenge-of-called-foul-magic-celtics-8/
79,11/22/25,MEM,DAL,Foul,MEM,Lost,3,00:30.5,https://official.nba.com/archive/challenge-of-called-foul-grizzlies-mavericks-6/
80,11/22/25,DET,MIL,Goaltending,MIL,Lost,4,11:23.0,https://official.nba.com/archive/52481-challenge-goaltending-bi-pistons-at-bucks/
81,11/22/25,WAS,CHI,Foul,CHI,Lost,3,10:09.0,https://official.nba.com/archive/challenge-of-called-foul-wizards-bulls-2/
82,11/22/25,DET,MIL,Possession,MIL,Won,2,06:23.0,https://official.nba.com/archive/challenge-oob-pistons-bucks/
83,11/22/25,NYK,ORL,Foul,NYK,Won,4,04:43.0,https://official.nba.com/archive/challenge-of-called-foul-knicks-magic-6/
84,11/22/25,NYK,ORL,Foul,NYK,Won,3,04:43.0,https://official.nba.com/archive/challenge-of-called-foul-knicks-magic-5/
85,11/22/25,NYK,ORL,Possession,ORL,Won,2,03:33.0,https://official.nba.com/archive/challenge-oob-knicks-magic-6/
86,11/21/25,POR,GSW,Foul,GSW,Lost,4,03:24.0,https://official.nba.com/archive/52468-challenge-of-called-foul-trail-blazers-at-warriors/
87,11/21/25,POR,GSW,Foul,GSW,Won,3,01:46.0,https://official.nba.com/archive/challenge-of-called-foul-trail-blazers-warriors/
88,11/21/25,MIN,PHX,Foul,PHX,Lost,4,00:18.7,https://official.nba.com/archive/challenge-of-called-foul-timberwolves-suns-6/
89,11/21/25,OKC,UTA,Foul,OKC,Lost,1,09:41.0,https://official.nba.com/archive/challenge-of-called-foul-thunder-jazz/
90,11/21/25,MIN,PHX,Foul,MIN,Won,2,08:28.0,https://official.nba.com/archive/challenge-of-called-foul-timberwolves-suns-7/
91,11/21/25,MIN,PHX,Possession,PHX,Won,1,00:54.2,https://official.nba.com/archive/challenge-oob-timberwolves-suns-2/
92,11/21/25,BKN,BOS,Possession,BKN,Won,4,11:18.0,https://official.nba.com/archive/challenge-oob-nets-celtics-2/
93,11/21/25,WAS,TOR,Foul,TOR,Lost,3,00:29.1,https://official.nba.com/archive/challenge-of-called-foul-wizards-raptors-4/
94,11/21/25,BKN,BOS,Foul,BKN,Won,3,04:54.0,https://official.nba.com/archive/challenge-of-called-foul-nets-celtics-5/
95,11/21/25,BKN,BOS,Foul,BOS,Lost,3,05:52.0,https://official.nba.com/archive/challenge-of-called-foul-nets-celtics-6/
96,11/21/25,NOP,DAL,Possession,NOP,Won,1,01:09.0,https://official.nba.com/archive/challenge-oob-pelicans-mavericks-4/
97,11/21/25,IND,CLE,Possession,CLE,Won,3,06:04.0,https://official.nba.com/archive/challenge-oob-pacers-cavaliers-3/
98,11/20/25,PHI,MIL,Possession,PHI,Won,5,00:13.7,https://official.nba.com/archive/challenge-oob-76ers-bucks-2/
99,11/20/25,PHI,MIL,Foul,MIL,Lost,4,00:53.8,https://official.nba.com/archive/challenge-of-called-foul-76ers-bucks-3/
100,11/20/25,PHI,MIL,Foul,PHI,Won,4,04:00.0,https://official.nba.com/archive/challenge-of-called-foul-76ers-bucks-2/
101,11/20/25,LAC,ORL,Possession,ORL,Won,4,06:53.0,https://official.nba.com/archive/52438-challenge-oob-clippers-at-magic/
102,11/20/25,SAC,MEM,Possession,MEM,Won,2,02:39.0,https://official.nba.com/archive/challenge-oob-kings-grizzlies-3/
103,11/20/25,SAC,MEM,Foul,MEM,Won,2,05:50.0,https://official.nba.com/archive/challenge-of-called-foul-kings-grizzlies-5/
104,11/20/25,ATL,SAS,Possession,SAS,Lost,2,06:17.0,https://official.nba.com/archive/52435-challenge-oob-hawks-at-spurs/
105,11/20/25,LAC,ORL,Possession,ORL,Lost,3,00:46.0,https://official.nba.com/archive/challenge-oob-clippers-magic-2/
106,11/19/25,CHI,POR,Foul,POR,Won,4,00:26.7,https://official.nba.com/archive/challenge-of-called-foul-bulls-trail-blazers-3/
107,11/19/25,CHI,POR,Possession,POR,Won,2,08:13.0,https://official.nba.com/archive/challenge-oob-bulls-trail-blazers/
108,11/19/25,WAS,MIN,Foul,MIN,Lost,4,00:41.7,https://official.nba.com/archive/52428-challenge-of-called-foul-wizards-at-timberwolves/
109,11/19/25,SAC,OKC,Foul,SAC,Lost,4,01:44.0,https://official.nba.com/archive/challenge-of-called-foul-kings-thunder-8/
110,11/19/25,DEN,NOP,Foul,DEN,Lost,4,02:44.0,https://official.nba.com/archive/challenge-of-called-foul-nuggets-pelicans-4/
111,11/19/25,WAS,MIN,Possession,MIN,Won,4,02:03.0,https://official.nba.com/archive/52424-challenge-oob-wizards-at-timberwolves/
112,11/19/25,GSW,MIA,Foul,GSW,Lost,4,07:31.0,https://official.nba.com/archive/challenge-oob-warriors-heat-3/
113,11/19/25,WAS,MIN,Foul,WAS,Lost,3,07:40.0,https://official.nba.com/archive/challenge-of-called-foul-wizards-timberwolves-4/
114,11/19/25,CHA,IND,Foul,CHA,Won,4,04:32.0,https://official.nba.com/archive/challenge-of-called-foul-hornets-pacers-6/
115,11/19/25,HOU,CLE,Possession,CLE,Lost,3,00:14.5,https://official.nba.com/archive/challenge-oob-rockets-cavaliers-2/
116,11/19/25,GSW,MIA,Possession,GSW,Won,2,10:02.0,https://official.nba.com/archive/challenge-oob-warriors-heat-2/
117,11/19/25,HOU,CLE,Goaltending,HOU,Won,1,10:23.0,https://official.nba.com/archive/52407-challenge-goaltending-bi-rockets-at-cavaliers/
118,11/18/25,UTA,LAL,Foul,UTA,Won,3,04:17.0,https://official.nba.com/archive/challenge-of-called-foul-jazz-lakers-5/
119,11/18/25,UTA,LAL,Foul,UTA,Won,2,06:11.0,https://official.nba.com/archive/challenge-of-called-foul-jazz-lakers-4/
120,11/18/25,DET,ATL,Foul,DET,Lost,4,02:55.0,https://official.nba.com/archive/challenge-of-called-foul-pistons-hawks-5/
121,11/18/25,DET,ATL,Foul,ATL,Won,3,08:49.0,https://official.nba.com/archive/challenge-of-called-foul-pistons-hawks-4/
122,11/17/25,OKC,NOP,Foul,NOP,Won,3,00:08.0,https://official.nba.com/archive/52386-challenge-of-called-foul-thunder-at-pelicans/
123,11/17/25,OKC,NOP,Possession,OKC,Won,3,06:47.0,https://official.nba.com/archive/challenge-oob-thunder-pelicans-2/
124,11/17/25,LAC,PHI,Foul,LAC,Won,4,00:11.7,https://official.nba.com/archive/challenge-of-called-foul-clippers-76ers-4/
125,11/17/25,LAC,PHI,Foul,PHI,Won,4,01:08.0,https://official.nba.com/archive/52381-challenge-of-called-foul-clippers-at-76ers/
126,11/17/25,DAL,MIN,Foul,MIN,Won,2,01:00.0,https://official.nba.com/archive/challenge-of-called-foul-mavericks-timberwolves-2/
127,11/17/25,OKC,NOP,Foul,OKC,Won,2,01:03.0,https://official.nba.com/archive/challenge-of-called-foul-thunder-pelicans-8/
128,11/17/25,CHA,TOR,Foul,CHA,Won,2,00:00.9,https://official.nba.com/archive/52376-challenge-of-called-foul-hornets-at-raptors/
129,11/17/25,NYK,MIA,Foul,NYK,Lost,2,03:17.0,https://official.nba.com/archive/challenge-of-called-foul-knicks-heat/
130,11/17/25,MIL,CLE,Possession,CLE,Won,2,11:13.0,https://official.nba.com/archive/challenge-oob-bucks-cavaliers-2/
131,11/16/25,ATL,PHX,Foul,PHX,Lost,4,00:24.1,https://official.nba.com/archive/challenge-of-called-foul-hawks-suns-2/
132,11/16/25,POR,DAL,Foul,POR,Lost,5,04:13.0,https://official.nba.com/archive/challenge-of-called-foul-trail-blazers-mavericks-3/
133,11/16/25,CHI,UTA,Foul,UTA,Won,3,02:23.0,https://official.nba.com/archive/challenge-of-called-foul-bulls-jazz-2/
134,11/16/25,ORL,HOU,Possession,HOU,Won,4,00:05.3,https://official.nba.com/archive/challenge-oob-magic-rockets-2/
135,11/16/25,ORL,HOU,Foul,ORL,Won,4,02:10.0,https://official.nba.com/archive/challenge-of-called-foul-magic-rockets/
136,11/16/25,GSW,NOP,Possession,NOP,Lost,4,04:44.0,https://official.nba.com/archive/challenge-oob-warriors-pelicans/
137,11/16/25,ATL,PHX,Foul,ATL,Lost,2,01:54.0,https://official.nba.com/archive/challenge-of-called-foul-hawks-suns-3/
138,11/16/25,GSW,NOP,Foul,NOP,Won,3,09:52.0,https://official.nba.com/archive/challenge-of-called-foul-warriors-pelicans-6/
139,11/16/25,POR,DAL,Goaltending,DAL,Lost,1,03:36.0,https://official.nba.com/archive/52347-challenge-goaltending-bi-trail-blazers-at-mavericks/
140,11/16/25,BKN,WAS,Foul,WAS,Lost,3,08:42.0,https://official.nba.com/archive/challenge-of-called-foul-nets-wizards-7/
141,11/16/25,GSW,NOP,Foul,GSW,Won,1,07:28.0,https://official.nba.com/archive/challenge-of-called-foul-warriors-pelicans-7/
142,11/16/25,SAC,SAS,Possession,SAC,Lost,4,01:01.0,https://official.nba.com/archive/challenge-oob-kings-spurs-2/
143,11/16/25,LAC,BOS,Possession,BOS,Won,4,06:59.0,https://official.nba.com/archive/52341-challenge-oob-clippers-at-celtics/
144,11/16/25,LAC,BOS,Possession,LAC,Won,2,02:03.0,https://official.nba.com/archive/52340-challenge-oob-clippers-at-celtics/
145,11/16/25,LAC,BOS,Goaltending,LAC,Won,1,01:34.0,https://official.nba.com/archive/52338-challenge-goaltending-bi-clippers-at-celtics/
146,11/15/25,DEN,MIN,Foul,DEN,Won,4,02:38.0,https://official.nba.com/archive/52336-challenge-of-called-foul-nuggets-at-timberwolves/
147,11/15/25,DEN,MIN,Foul,MIN,Lost,4,04:26.0,https://official.nba.com/archive/52334-challenge-of-called-foul-nuggets-at-timberwolves/
148,11/15/25,LAL,MIL,Foul,MIL,Lost,4,03:35.0,https://official.nba.com/archive/challenge-of-called-foul-lakers-bucks-3/
149,11/15/25,TOR,IND,Foul,TOR,Lost,4,05:20.0,https://official.nba.com/archive/challenge-of-called-foul-raptors-pacers-2/
150,11/15/25,OKC,CHA,Foul,OKC,Lost,2,01:40.0,https://official.nba.com/archive/52327-challenge-of-called-foul-thunder-at-hornets/
151,11/15/25,MEM,CLE,Foul,MEM,Won,4,08:54.0,https://official.nba.com/archive/challenge-of-called-foul-grizzlies-cavaliers-2/
152,11/15/25,MEM,CLE,Possession,CLE,Won,3,01:44.0,https://official.nba.com/archive/challenge-oob-grizzlies-cavaliers-4/
153,11/15/25,MEM,CLE,Possession,MEM,Won,3,07:51.0,https://official.nba.com/archive/challenge-oob-grizzlies-cavaliers-3/
154,11/14/25,GSW,SAS,Foul,SAS,Lost,4,02:32.0,https://official.nba.com/archive/challenge-of-called-foul-warriors-spurs-3/
155,11/14/25,LAC,DAL,Foul,LAC,Won,4,09:08.0,https://official.nba.com/archive/challenge-of-called-foul-clippers-mavericks-15/
156,11/14/25,CHA,MIL,Possession,CHA,Won,5,01:23.0,https://official.nba.com/archive/challenge-oob-hornets-bucks/
157,11/14/25,LAC,DAL,Foul,LAC,Won,3,09:14.0,https://official.nba.com/archive/challenge-of-called-foul-clippers-mavericks-16/
158,11/14/25,GSW,SAS,Foul,GSW,Lost,1,00:20.7,https://official.nba.com/archive/challenge-of-called-foul-warriors-spurs-6/
159,11/14/25,POR,HOU,Possession,HOU,Lost,4,07:25.0,https://official.nba.com/archive/challenge-oob-trail-blazers-rockets-2/
160,11/14/25,LAL,NOP,Foul,LAL,Won,3,02:24.0,https://official.nba.com/archive/challenge-of-called-foul-lakers-pelicans-2/
161,11/14/25,LAL,NOP,Foul,LAL,Won,3,02:49.0,https://official.nba.com/archive/challenge-of-called-foul-lakers-pelicans-3/
162,11/14/25,LAC,DAL,Foul,DAL,Lost,2,09:16.0,https://official.nba.com/archive/challenge-of-called-foul-clippers-mavericks-17/
163,11/14/25,PHI,DET,Foul,DET,Won,3,06:05.0,https://official.nba.com/archive/challenge-of-called-foul-76ers-pistons-7/
164,11/14/25,CHA,MIL,Foul,CHA,Won,2,05:00.0,https://official.nba.com/archive/52301-challenge-of-called-foul-hornets-at-bucks/
165,11/14/25,LAL,NOP,Foul,NOP,Won,2,09:16.0,https://official.nba.com/archive/challenge-of-called-foul-lakers-pelicans-4/
166,11/14/25,BKN,ORL,Foul,BKN,Won,3,07:18.0,https://official.nba.com/archive/challenge-of-called-foul-nets-magic-7/
167,11/14/25,PHI,DET,Foul,PHI,Won,2,09:14.0,https://official.nba.com/archive/challenge-of-called-foul-76ers-pistons-8/
168,11/14/25,BKN,ORL,Foul,ORL,Won,2,02:14.0,https://official.nba.com/archive/challenge-of-called-foul-nets-magic-8/
169,11/14/25,MIA,NYK,Foul,MIA,Won,2,05:03.0,https://official.nba.com/archive/challenge-of-called-foul-heat-knicks/
170,11/14/25,MIA,NYK,Possession,MIA,Won,2,09:01.0,https://official.nba.com/archive/challenge-oob-heat-knicks-3/
171,11/13/25,ATL,UTA,Foul,UTA,Lost,4,03:03.0,https://official.nba.com/archive/challenge-of-called-foul-hawks-jazz-5/
172,11/13/25,ATL,UTA,Foul,UTA,Won,3,00:11.4,https://official.nba.com/archive/challenge-of-called-foul-hawks-jazz-4/
173,11/13/25,IND,PHX,Foul,PHX,Lost,3,04:40.0,https://official.nba.com/archive/challenge-of-called-foul-pacers-suns-3/
174,11/13/25,IND,PHX,Foul,IND,Lost,3,06:53.0,https://official.nba.com/archive/challenge-of-called-foul-pacers-suns-2/
175,11/13/25,TOR,CLE,Foul,TOR,Lost,3,01:04.0,https://official.nba.com/archive/52278-challenge-of-called-foul-raptors-at-cavaliers/
176,11/12/25,DEN,LAC,Foul,LAC,Lost,3,08:22.0,https://official.nba.com/archive/challenge-of-called-foul-nuggets-clippers-4/
177,11/12/25,ATL,SAC,Possession,SAC,Won,4,10:23.0,https://official.nba.com/archive/challenge-oob-hawks-kings/
178,11/12/25,LAL,OKC,Foul,OKC,Won,3,07:52.0,https://official.nba.com/archive/challenge-of-called-foul-lakers-thunder-6/
179,11/12/25,PHX,DAL,Possession,DAL,Lost,4,00:31.7,https://official.nba.com/archive/challenge-oob-suns-mavericks-3/
180,11/12/25,ATL,SAC,Foul,ATL,Lost,1,05:01.0,https://official.nba.com/archive/challenge-of-called-foul-hawks-kings/
181,11/12/25,POR,NOP,Foul,POR,Lost,4,06:21.0,https://official.nba.com/archive/challenge-of-called-foul-trail-blazers-pelicans-3/
182,11/12/25,WAS,HOU,Possession,HOU,Won,4,05:18.0,https://official.nba.com/archive/challenge-oob-wizards-rockets/
183,11/12/25,PHX,DAL,Foul,DAL,Won,3,07:33.0,https://official.nba.com/archive/challenge-of-called-foul-suns-mavericks-3/
184,11/12/25,GSW,SAS,Foul,GSW,Lost,3,07:06.0,https://official.nba.com/archive/challenge-of-called-foul-warriors-spurs-2/
185,11/12/25,GSW,SAS,Foul,SAS,Won,3,08:05.0,https://official.nba.com/archive/challenge-of-called-foul-warriors-spurs/
186,11/12/25,CHI,DET,Foul,DET,Lost,4,01:44.0,https://official.nba.com/archive/challenge-of-called-foul-bulls-pistons-5/
187,11/12/25,CLE,MIA,Possession,MIA,Won,3,07:16.0,https://official.nba.com/archive/challenge-oob-cavaliers-heat-2/
188,11/12/25,MIL,CHA,Foul,MIL,Lost,3,01:05.0,https://official.nba.com/archive/challenge-of-called-foul-bucks-hornets-8/
189,11/12/25,MIL,CHA,Foul,MIL,Won,3,06:47.0,https://official.nba.com/archive/challenge-of-called-foul-bucks-hornets-7/
190,11/12/25,POR,NOP,Goaltending,POR,Lost,1,02:22.0,https://official.nba.com/archive/52249-challenge-goaltending-bi-trail-blazers-at-pelicans/
191,11/12/25,CLE,MIA,Possession,CLE,Won,1,06:52.0,https://official.nba.com/archive/challenge-oob-cavaliers-heat/
192,11/12/25,ORL,NYK,Foul,ORL,Won,1,08:56.0,https://official.nba.com/archive/challenge-of-called-foul-magic-knicks-5/
193,11/11/25,IND,UTA,Foul,UTA,Won,3,09:13.0,https://official.nba.com/archive/challenge-of-called-foul-pacers-jazz/
194,11/11/25,BOS,PHI,Foul,PHI,Lost,4,02:01.0,https://official.nba.com/archive/challenge-of-called-foul-celtics-76ers-3/
195,11/11/25,GSW,OKC,Foul,GSW,Won,4,04:32.0,https://official.nba.com/archive/challenge-of-called-foul-warriors-thunder-3/
196,11/11/25,IND,UTA,Possession,IND,Won,2,04:50.0,https://official.nba.com/archive/challenge-oob-pacers-jazz-2/
197,11/11/25,TOR,BKN,Foul,BKN,Lost,4,02:10.0,https://official.nba.com/archive/challenge-of-called-foul-raptors-nets-2/
198,11/11/25,IND,UTA,Foul,UTA,Won,1,00:31.2,https://official.nba.com/archive/challenge-of-called-foul-pacers-jazz-2/
199,11/10/25,ATL,LAC,Foul,ATL,Lost,4,00:59.1,https://official.nba.com/archive/challenge-of-called-foul-hawks-clippers/
200,11/10/25,ATL,LAC,Possession,LAC,Won,4,08:44.0,https://official.nba.com/archive/challenge-oob-hawks-clippers/
201,11/10/25,MIN,UTA,Possession,MIN,Won,3,02:21.0,https://official.nba.com/archive/challenge-oob-timberwolves-jazz-5/
202,11/10/25,MIL,DAL,Foul,MIL,Lost,4,06:32.0,https://official.nba.com/archive/52216-challenge-of-called-foul-bucks-at-mavericks/
203,11/10/25,MIN,UTA,Goaltending,MIN,Won,3,06:45.0,https://official.nba.com/archive/52212-challenge-goaltending-bi-timberwolves-at-jazz/
204,11/10/25,WAS,DET,Foul,WAS,Lost,4,04:27.0,https://official.nba.com/archive/challenge-of-called-foul-wizards-pistons-3/
205,11/10/25,CLE,MIA,Foul,MIA,Won,3,03:18.0,https://official.nba.com/archive/challenge-of-called-foul-cavaliers-heat-9/
206,11/10/25,CLE,MIA,Foul,CLE,Won,2,08:22.0,https://official.nba.com/archive/52201-challenge-of-called-foul-cavaliers-at-heat/
207,11/10/25,SAS,CHI,Goaltending,SAS,Lost,1,09:13.0,https://official.nba.com/archive/52200-challenge-goaltending-bi-spurs-at-bulls/
208,11/10/25,LAL,CHA,Foul,CHA,Lost,2,02:22.0,https://official.nba.com/archive/challenge-of-called-foul-lakers-hornets/
209,11/09/25,MIN,SAC,Foul,MIN,Lost,3,08:04.0,https://official.nba.com/archive/challenge-of-called-foul-timberwolves-kings-2/
210,11/09/25,DET,PHI,Foul,PHI,Lost,4,08:32.0,https://official.nba.com/archive/challenge-of-called-foul-pistons-76ers-2/
211,11/09/25,DET,PHI,Possession,PHI,Won,2,02:29.0,https://official.nba.com/archive/52188-challenge-oob-pistons-at-76ers/
212,11/09/25,OKC,MEM,Foul,MEM,Won,3,09:02.0,https://official.nba.com/archive/challenge-of-called-foul-thunder-grizzlies-9/
213,11/09/25,BOS,ORL,Foul,ORL,Won,2,07:54.0,https://official.nba.com/archive/challenge-of-called-foul-celtics-magic-9/
214,11/09/25,OKC,MEM,Foul,OKC,Won,2,05:49.0,https://official.nba.com/archive/challenge-of-called-foul-thunder-grizzlies-8/
215,11/09/25,HOU,MIL,Possession,HOU,Won,4,00:17.1,https://official.nba.com/archive/challenge-oob-rockets-bucks-2/
216,11/09/25,HOU,MIL,Foul,MIL,Won,4,03:32.0,https://official.nba.com/archive/challenge-of-called-foul-rockets-bucks-5/
217,11/09/25,HOU,MIL,Foul,HOU,Won,4,09:10.0,https://official.nba.com/archive/challenge-of-called-foul-rockets-bucks-4/
218,11/08/25,PHX,LAC,Foul,PHX,Lost,3,04:09.0,https://official.nba.com/archive/challenge-of-called-foul-suns-clippers-2/
219,11/08/25,PHX,LAC,Foul,LAC,Won,3,04:41.0,https://official.nba.com/archive/challenge-of-called-foul-suns-clippers-3/
220,11/08/25,IND,DEN,Possession,DEN,Lost,3,03:46.0,https://official.nba.com/archive/52168-challenge-oob-pacers-at-nuggets/
221,11/08/25,POR,MIA,Foul,MIA,Won,4,00:44.8,https://official.nba.com/archive/challenge-of-called-foul-trail-blazers-heat-2/
222,11/08/25,NOP,SAS,Foul,NOP,Lost,4,02:30.0,https://official.nba.com/archive/52166-challenge-of-called-foul-pelicans-at-spurs/
223,11/08/25,IND,DEN,Foul,DEN,Won,2,01:33.0,https://official.nba.com/archive/challenge-of-called-foul-pacers-nuggets-8/
224,11/08/25,IND,DEN,Foul,IND,Lost,2,04:47.0,https://official.nba.com/archive/challenge-of-called-foul-pacers-nuggets-7/
225,11/08/25,LAL,ATL,Foul,ATL,Lost,4,08:54.0,https://official.nba.com/archive/challenge-of-called-foul-lakers-hawks-3/
226,11/08/25,POR,MIA,Foul,POR,Lost,3,02:48.0,https://official.nba.com/archive/52161-challenge-of-called-foul-trail-blazers-at-heat/
227,11/08/25,TOR,PHI,Foul,TOR,Won,3,11:36.0,https://official.nba.com/archive/52158-challenge-of-called-foul-raptors-at-76ers/
228,11/08/25,CHI,CLE,Possession,CLE,Won,1,02:17.0,https://official.nba.com/archive/52156-challenge-oob-bulls-at-cavaliers/
229,11/08/25,DAL,WAS,Foul,WAS,Lost,3,10:21.0,https://official.nba.com/archive/challenge-of-called-foul-mavericks-wizards-4/
230,11/08/25,DAL,WAS,Foul,DAL,Lost,2,04:26.0,https://official.nba.com/archive/challenge-of-called-foul-mavericks-wizards-2/
231,11/07/25,OKC,SAC,Foul,OKC,Won,2,11:35.0,https://official.nba.com/archive/challenge-of-called-foul-thunder-kings-6/
232,11/07/25,CHI,MIL,Foul,MIL,Lost,4,03:10.0,https://official.nba.com/archive/challenge-of-called-foul-bulls-bucks-3/
233,11/07/25,UTA,MIN,Possession,UTA,Lost,4,10:14.0,https://official.nba.com/archive/challenge-oob-jazz-timberwolves-3/
234,11/07/25,DAL,MEM,Foul,MEM,Lost,3,07:27.0,https://official.nba.com/archive/challenge-of-called-foul-mavericks-grizzlies-7/
235,11/07/25,CHA,MIA,Foul,MIA,Won,3,08:37.0,https://official.nba.com/archive/challenge-of-called-foul-hornets-heat-6/
236,11/07/25,DET,BKN,Foul,DET,Lost,3,08:08.0,https://official.nba.com/archive/challenge-of-called-foul-pistons-nets-3/
237,11/07/25,TOR,ATL,Possession,TOR,Lost,3,07:23.0,https://official.nba.com/archive/challenge-oob-raptors-hawks-2/
238,11/07/25,BOS,ORL,Foul,ORL,Won,4,07:49.0,https://official.nba.com/archive/challenge-of-called-foul-celtics-magic-8/
239,11/07/25,UTA,MIN,Foul,MIN,Won,2,09:57.0,https://official.nba.com/archive/challenge-of-called-foul-jazz-timberwolves-2/
240,11/07/25,CLE,WAS,Foul,WAS,Won,1,04:56.0,https://official.nba.com/archive/challenge-of-called-foul-cavaliers-wizards-5/
241,11/06/25,LAC,PHX,Possession,PHX,Won,4,05:27.0,https://official.nba.com/archive/challenge-oob-clippers-suns-2/
242,11/06/25,LAC,PHX,Foul,LAC,Lost,1,06:52.0,https://official.nba.com/archive/challenge-of-called-foul-clippers-suns-8/
243,11/05/25,SAS,LAL,Possession,LAL,Won,4,01:07.0,https://official.nba.com/archive/challenge-oob-spurs-lakers-2/
244,11/05/25,SAS,LAL,Foul,SAS,Lost,4,01:40.0,https://official.nba.com/archive/challenge-of-called-foul-spurs-lakers-3/
245,11/05/25,GSW,SAC,Possession,GSW,Lost,4,00:08.9,https://official.nba.com/archive/challenge-oob-warriors-kings-2/
246,11/05/25,OKC,POR,Foul,POR,Lost,4,09:07.0,https://official.nba.com/archive/challenge-of-called-foul-thunder-trail-blazers-6/
247,11/05/25,GSW,SAC,Foul,SAC,Won,4,10:40.0,https://official.nba.com/archive/challenge-of-called-foul-warriors-kings-4/
248,11/05/25,SAS,LAL,Foul,LAL,Won,3,11:14.0,https://official.nba.com/archive/challenge-of-called-foul-spurs-lakers-2/
249,11/05/25,GSW,SAC,Foul,SAC,Won,3,09:03.0,https://official.nba.com/archive/challenge-of-called-foul-warriors-kings-3/
250,11/05/25,OKC,POR,Foul,POR,Won,2,00:32.5,https://official.nba.com/archive/challenge-of-called-foul-thunder-trail-blazers-5/
251,11/05/25,MIA,DEN,Possession,DEN,Won,3,04:11.0,https://official.nba.com/archive/challenge-oob-heat-nuggets/
252,11/05/25,OKC,POR,Foul,OKC,Won,1,04:23.0,https://official.nba.com/archive/challenge-of-called-foul-thunder-trail-blazers/
253,11/05/25,NOP,DAL,Possession,DAL,Lost,4,08:22.0,https://official.nba.com/archive/challenge-oob-pelicans-mavericks-3/
254,11/05/25,MIN,NYK,Possession,NYK,Won,4,07:00.0,https://official.nba.com/archive/challenge-oob-timberwolves-knicks-2/
255,11/05/25,MIA,DEN,Foul,MIA,Won,1,05:54.0,https://official.nba.com/archive/challenge-of-called-foul-heat-nuggets-2/
256,11/05/25,UTA,DET,Foul,UTA,Won,4,00:34.7,https://official.nba.com/archive/challenge-of-called-foul-jazz-pistons-3/
257,11/05/25,PHI,CLE,Foul,CLE,Won,4,07:17.0,https://official.nba.com/archive/challenge-of-called-foul-76ers-cavaliers-2/
258,11/05/25,UTA,DET,Foul,DET,Lost,4,08:59.0,https://official.nba.com/archive/challenge-of-called-foul-jazz-pistons/
259,11/05/25,MIN,NYK,Possession,MIN,Won,3,07:47.0,https://official.nba.com/archive/challenge-oob-timberwolves-knicks/
260,11/05/25,WAS,BOS,Foul,WAS,Won,3,09:47.0,https://official.nba.com/archive/challenge-of-called-foul-wizards-celtics-4/
261,11/05/25,UTA,DET,Possession,UTA,Won,4,10:56.0,https://official.nba.com/archive/challenge-oob-jazz-pistons-3/
262,11/05/25,HOU,MEM,Foul,HOU,Lost,2,11:17.0,https://official.nba.com/archive/challenge-of-called-foul-rockets-grizzlies-3/
263,11/05/25,NOP,DAL,Foul,NOP,Won,1,11:17.0,https://official.nba.com/archive/challenge-of-called-foul-pelicans-mavericks-4/
264,11/05/25,BKN,IND,Possession,BKN,Lost,3,10:14.0,https://official.nba.com/archive/challenge-oob-nets-pacers-3/
265,11/04/25,OKC,LAC,Foul,LAC,Lost,2,00:34.1,https://official.nba.com/archive/challenge-of-called-foul-thunder-clippers-7/
266,11/04/25,PHX,GSW,Foul,PHX,Lost,3,01:36.0,https://official.nba.com/archive/challenge-of-called-foul-suns-warriors-2/
267,11/04/25,PHX,GSW,Foul,GSW,Won,2,04:59.0,https://official.nba.com/archive/challenge-of-called-foul-suns-warriors/
268,11/04/25,PHX,GSW,Possession,PHX,Won,1,08:28.0,https://official.nba.com/archive/challenge-oob-suns-warriors-4/
269,11/04/25,MIL,TOR,Foul,MIL,Lost,3,03:32.0,https://official.nba.com/archive/challenge-of-called-foul-bucks-raptors-3/
270,11/04/25,ORL,ATL,Possession,ATL,Won,2,01:12.0,https://official.nba.com/archive/challenge-oob-magic-hawks/
271,11/03/25,SAC,DEN,Foul,SAC,Lost,4,01:04.0,https://official.nba.com/archive/challenge-of-called-foul-kings-nuggets-8/
272,11/03/25,SAC,DEN,Foul,DEN,Won,4,01:22.0,https://official.nba.com/archive/challenge-of-called-foul-kings-nuggets-7/
273,11/03/25,LAL,POR,Foul,POR,Lost,2,01:09.0,https://official.nba.com/archive/challenge-of-called-foul-lakers-trail-blazers-3/
274,11/03/25,SAC,DEN,Possession,SAC,Won,4,11:20.0,https://official.nba.com/archive/challenge-oob-kings-nuggets-2/
275,11/03/25,SAC,DEN,Possession,DEN,Won,3,09:08.0,https://official.nba.com/archive/challenge-oob-kings-nuggets/
276,11/03/25,DAL,HOU,Foul,HOU,Won,4,11:02.0,https://official.nba.com/archive/challenge-of-called-foul-mavericks-rockets-5/
277,11/03/25,UTA,BOS,Foul,BOS,Lost,4,00:00.6,https://official.nba.com/archive/challenge-of-called-foul-jazz-celtics-7/
278,11/03/25,UTA,BOS,Foul,BOS,Won,4,04:04.0,https://official.nba.com/archive/challenge-of-called-foul-jazz-celtics-6/
279,11/03/25,UTA,BOS,Foul,UTA,Won,4,07:37.0,https://official.nba.com/archive/challenge-of-called-foul-jazz-celtics-5/
280,11/03/25,MIN,BKN,Foul,MIN,Won,4,02:59.0,https://official.nba.com/archive/challenge-of-called-foul-timberwolves-nets-2/
281,11/03/25,MIN,BKN,Foul,MIN,Won,4,04:39.0,https://official.nba.com/archive/challenge-of-called-foul-timberwolves-nets-3/
282,11/03/25,DAL,HOU,Foul,HOU,Won,2,09:31.0,https://official.nba.com/archive/challenge-of-called-foul-mavericks-rockets-4/
283,11/03/25,MIN,BKN,Foul,BKN,Won,3,05:58.0,https://official.nba.com/archive/challenge-of-called-foul-timberwolves-nets-4/
284,11/03/25,DAL,HOU,Goaltending,DAL,Won,2,10:15.0,https://official.nba.com/archive/52044-challenge-goaltending-bi-mavericks-at-rockets/
285,11/03/25,WAS,NYK,Possession,NYK,Won,1,04:19.0,https://official.nba.com/archive/52039-challenge-oob-wizards-at-knicks/
286,11/02/25,MIA,LAL,Foul,LAL,Lost,3,04:01.0,https://official.nba.com/archive/challenge-of-called-foul-heat-lakers-5/
287,11/02/25,MIA,LAL,Foul,MIA,Won,3,07:53.0,https://official.nba.com/archive/challenge-of-called-foul-heat-lakers-4/
288,11/02/25,SAS,PHX,Foul,SAS,Won,4,08:15.0,https://official.nba.com/archive/challenge-of-called-foul-spurs-suns-8/
289,11/02/25,NOP,OKC,Foul,OKC,Won,1,04:33.0,https://official.nba.com/archive/52029-challenge-of-called-foul-pelicans-at-thunder/
290,11/02/25,SAS,PHX,Foul,PHX,Won,2,02:31.0,https://official.nba.com/archive/52027-challenge-of-called-foul-spurs-at-suns/
291,11/02/25,CHI,NYK,Possession,NYK,Lost,3,06:28.0,https://official.nba.com/archive/52026-challenge-oob-bulls-at-knicks/
292,11/02/25,ATL,CLE,Possession,CLE,Won,4,05:55.0,https://official.nba.com/archive/52024-challenge-oob-hawks-at-cavaliers/
293,11/02/25,UTA,CHA,Foul,UTA,Won,4,08:53.0,https://official.nba.com/archive/challenge-of-called-foul-jazz-hornets-5/
294,11/02/25,UTA,CHA,Foul,CHA,Lost,3,01:39.0,https://official.nba.com/archive/52020-challenge-of-called-foul-jazz-at-hornets/
295,11/02/25,PHI,BKN,Possession,BKN,Lost,3,06:08.0,https://official.nba.com/archive/52018-challenge-oob-76ers-at-nets/
296,11/02/25,ATL,CLE,Foul,ATL,Won,3,06:54.0,https://official.nba.com/archive/52017-challenge-of-called-foul-hawks-at-cavaliers/
297,11/02/25,UTA,CHA,Foul,CHA,Won,2,02:31.0,https://official.nba.com/archive/challenge-of-called-foul-jazz-hornets-3/
298,11/02/25,MEM,TOR,Possession,MEM,Lost,1,02:57.0,https://official.nba.com/archive/challenge-oob-grizzlies-raptors-2/
299,11/02/25,ATL,CLE,Foul,CLE,Won,1,05:30.0,https://official.nba.com/archive/52014-challenge-of-called-foul-hawks-at-cavaliers/
300,11/02/25,NOP,OKC,Foul,NOP,Won,2,01:40.0,https://official.nba.com/archive/challenge-of-called-foul-pelicans-thunder-7/
301,11/01/25,ORL,WAS,Possession,WAS,Won,3,10:47.0,https://official.nba.com/archive/challenge-oob-magic-wizards-4/
302,11/01/25,HOU,BOS,Foul,HOU,Won,3,10:58.0,https://official.nba.com/archive/52006-challenge-of-called-foul-rockets-at-celtics/
303,11/01/25,GSW,IND,Possession,IND,Won,4,05:06.0,https://official.nba.com/archive/52005-challenge-oob-warriors-at-pacers/
304,11/01/25,MIN,CHA,Possession,MIN,Won,4,09:42.0,https://official.nba.com/archive/52002-challenge-oob-timberwolves-at-hornets/
305,11/01/25,GSW,IND,Possession,GSW,Won,2,08:14.0,https://official.nba.com/archive/52001-challenge-oob-warriors-at-pacers/
306,11/01/25,SAC,MIL,Foul,MIL,Lost,4,05:25.0,https://official.nba.com/archive/51999-challenge-of-called-foul-kings-at-bucks/
307,11/01/25,SAC,MIL,Possession,MIL,Won,4,07:39.0,https://official.nba.com/archive/51998-challenge-oob-kings-at-bucks/
308,11/01/25,MIN,CHA,Foul,CHA,Won,2,11:16.0,https://official.nba.com/archive/51996-challenge-of-called-foul-timberwolves-at-hornets/
309,11/01/25,SAC,MIL,Possession,SAC,Won,2,02:38.0,https://official.nba.com/archive/51993-challenge-oob-kings-at-bucks/
0,12/31/25,DEN,TOR,Foul,DEN,Lost,4,06:13.0,https://official.nba.com/archive/challenge-of-called-foul-nuggets-raptors/
1,12/31/25,NYK,SAS,Possession,NYK,Won,3,00:42.1,https://official.nba.com/archive/challenge-oob-knicks-spurs/
2,12/31/25,WAS,MIL,Foul,WAS,Won,2,04:33.0,https://official.nba.com/archive/challenge-of-called-foul-wizards-bucks/
3,12/31/25,MIN,ATL,Possession,MIN,Won,2,06:27.0,https://official.nba.com/archive/challenge-oob-timberwolves-hawks/
4,12/31/25,ORL,IND,Foul,ORL,Lost,1,04:12.0,https://official.nba.com/archive/challenge-of-called-foul-magic-pacers-7/
5,12/31/25,GSW,CHA,Foul,CHA,Won,2,04:45.0,https://official.nba.com/archive/challenge-of-called-foul-warriors-hornets/
6,12/30/25,BOS,UTA,Foul,UTA,Lost,3,00:39.4,https://official.nba.com/archive/challenge-of-called-foul-celtics-jazz-3/
7,12/30/25,PHI,MEM,Possession,MEM,Lost,4,00:44.4,https://official.nba.com/archive/challenge-oob-76ers-grizzlies/
8,12/30/25,PHI,MEM,Foul,PHI,Lost,4,04:24.0,https://official.nba.com/archive/challenge-of-called-foul-76ers-grizzlies-2/
9,12/29/25,DAL,POR,Foul,POR,Won,4,02:39.0,https://official.nba.com/archive/challenge-of-called-foul-mavericks-trail-blazers-8/
10,12/29/25,DAL,POR,Possession,DAL,Won,4,09:00.0,https://official.nba.com/archive/challenge-oob-mavericks-trail-blazers-2/
11,12/29/25,DAL,POR,Goaltending,DAL,Won,3,05:13.0,https://official.nba.com/archive/53221-challenge-goaltending-bi-mavericks-at-trail-blazers/
12,12/29/25,NYK,NOP,Foul,NYK,Lost,4,00:50.6,https://official.nba.com/archive/challenge-of-called-foul-knicks-pelicans-2/
13,12/29/25,NYK,NOP,Possession,NOP,Won,4,04:08.0,https://official.nba.com/archive/53218-challenge-oob-knicks-at-pelicans/
14,12/29/25,ATL,OKC,Possession,ATL,Lost,4,04:07.0,https://official.nba.com/archive/challenge-oob-hawks-thunder-3/
15,12/29/25,MIN,CHI,Possession,MIN,Won,4,10:38.0,https://official.nba.com/archive/53216-challenge-oob-timberwolves-at-bulls/
16,12/29/25,NYK,NOP,Foul,NOP,Won,4,09:24.0,https://official.nba.com/archive/challenge-of-called-foul-knicks-pelicans/
17,12/29/25,GSW,BKN,Foul,GSW,Lost,4,00:57.9,https://official.nba.com/archive/challenge-of-called-foul-warriors-nets-6/
18,12/29/25,ATL,OKC,Foul,OKC,Won,3,00:06.8,https://official.nba.com/archive/53212-challenge-of-called-foul-hawks-at-thunder/
19,12/29/25,CLE,SAS,Foul,CLE,Lost,3,07:52.0,https://official.nba.com/archive/challenge-of-called-foul-cavaliers-spurs-6/
20,12/29/25,MIN,CHI,Foul,MIN,Won,3,02:24.0,https://official.nba.com/archive/challenge-of-called-foul-timberwolves-bulls-6/
21,12/29/25,ATL,OKC,Possession,OKC,Won,3,06:57.0,https://official.nba.com/archive/challenge-oob-hawks-thunder-2/
22,12/29/25,ORL,TOR,Foul,ORL,Lost,3,05:24.0,https://official.nba.com/archive/challenge-of-called-foul-magic-raptors-3/
23,12/29/25,CLE,SAS,Foul,SAS,Lost,2,00:29.7,https://official.nba.com/archive/53207-challenge-of-called-foul-cavaliers-at-spurs/
24,12/29/25,PHX,WAS,Possession,WAS,Won,3,05:31.0,https://official.nba.com/archive/challenge-oob-suns-wizards-2/
25,12/29/25,GSW,BKN,Possession,BKN,Won,1,02:48.0,https://official.nba.com/archive/challenge-oob-warriors-nets-3/
26,12/28/25,SAC,LAL,Foul,SAC,Won,4,01:52.0,https://official.nba.com/archive/challenge-of-called-foul-kings-lakers-3/
27,12/28/25,SAC,LAL,Possession,LAL,Won,4,04:45.0,https://official.nba.com/archive/challenge-oob-kings-lakers-5/
28,12/28/25,DET,LAC,Foul,DET,Won,4,00:46.2,https://official.nba.com/archive/challenge-of-called-foul-pistons-clippers-3/
29,12/28/25,SAC,LAL,Possession,LAL,Won,2,00:56.0,https://official.nba.com/archive/53191-challenge-oob-kings-at-lakers/
30,12/28/25,DET,LAC,Foul,LAC,Won,1,03:50.0,https://official.nba.com/archive/challenge-of-called-foul-pistons-clippers-2/
31,12/28/25,BOS,POR,Foul,BOS,Won,4,07:05.0,https://official.nba.com/archive/challenge-of-called-foul-celtics-trail-blazers/
32,12/28/25,MEM,WAS,Possession,MEM,Won,2,00:32.1,https://official.nba.com/archive/53184-challenge-oob-grizzlies-at-wizards/
33,12/28/25,MEM,WAS,Foul,WAS,Won,1,06:01.0,https://official.nba.com/archive/challenge-of-called-foul-grizzlies-wizards/
34,12/28/25,PHI,OKC,Foul,PHI,Won,3,01:01.0,https://official.nba.com/archive/challenge-of-called-foul-76ers-thunder-5/
35,12/28/25,PHI,OKC,Possession,OKC,Won,3,05:07.0,https://official.nba.com/archive/challenge-oob-76ers-thunder/
36,12/28/25,GSW,TOR,Possession,GSW,Lost,3,11:09.0,https://official.nba.com/archive/challenge-oob-warriors-raptors-3/
37,12/28/25,PHI,OKC,Foul,PHI,Won,2,04:19.0,https://official.nba.com/archive/challenge-of-called-foul-76ers-thunder/
38,12/28/25,GSW,TOR,Possession,TOR,Won,1,02:58.0,https://official.nba.com/archive/challenge-oob-warriors-raptors-2/
39,12/27/25,BKN,MIN,Foul,BKN,Lost,4,05:02.0,https://official.nba.com/archive/challenge-of-called-foul-nets-timberwolves-4/
40,12/27/25,NYK,ATL,Foul,ATL,Lost,4,10:46.0,https://official.nba.com/archive/challenge-of-called-foul-knicks-hawks-4/
41,12/27/25,MIL,CHI,Possession,MIL,Won,3,00:08.7,https://official.nba.com/archive/challenge-oob-bucks-bulls-2/
42,12/27/25,NYK,ATL,Foul,ATL,Won,3,05:44.0,https://official.nba.com/archive/challenge-of-called-foul-knicks-hawks-3/
43,12/27/25,BKN,MIN,Foul,MIN,Won,3,03:15.0,https://official.nba.com/archive/53166-challenge-of-called-foul-nets-at-timberwolves/
44,12/27/25,DEN,ORL,Foul,DEN,Won,4,00:11.9,https://official.nba.com/archive/challenge-of-called-foul-nuggets-magic-5/
45,12/27/25,IND,MIA,Foul,IND,Won,3,08:02.0,https://official.nba.com/archive/challenge-of-called-foul-pacers-heat-8/
46,12/27/25,CLE,HOU,Foul,HOU,Won,3,06:53.0,https://official.nba.com/archive/53162-challenge-of-called-foul-cavaliers-at-rockets/
47,12/27/25,DEN,ORL,Foul,DEN,Won,4,01:06.0,https://official.nba.com/archive/challenge-of-called-foul-nuggets-magic-4/
48,12/27/25,DEN,ORL,Foul,ORL,Won,4,08:18.0,https://official.nba.com/archive/challenge-of-called-foul-nuggets-magic-2/
49,12/27/25,UTA,SAS,Possession,UTA,Won,2,05:50.0,https://official.nba.com/archive/challenge-oob-jazz-spurs-2/
50,12/27/25,PHX,NOP,Foul,PHX,Lost,2,02:18.0,https://official.nba.com/archive/challenge-of-called-foul-suns-pelicans-2/
51,12/27/25,DAL,SAC,Foul,DAL,Lost,4,00:41.7,https://official.nba.com/archive/challenge-of-called-foul-mavericks-kings-9/
52,12/26/25,DET,UTA,Foul,UTA,Lost,4,03:23.0,https://official.nba.com/archive/challenge-of-called-foul-pistons-jazz/
53,12/26/25,LAC,POR,Possession,POR,Won,3,09:42.0,https://official.nba.com/archive/challenge-oob-clippers-trail-blazers-3/
54,12/26/25,DET,UTA,Possession,DET,Lost,3,03:26.0,https://official.nba.com/archive/challenge-oob-pistons-jazz-2/
55,12/26/25,LAC,POR,Foul,LAC,Lost,2,00:26.6,https://official.nba.com/archive/challenge-of-called-foul-clippers-trail-blazers/
56,12/26/25,PHI,CHI,Possession,CHI,Won,4,00:17.8,https://official.nba.com/archive/challenge-oob-76ers-bulls-2/
57,12/26/25,PHI,CHI,Possession,PHI,Won,4,06:20.0,https://official.nba.com/archive/challenge-oob-76ers-bulls/
58,12/26/25,CHA,ORL,Possession,CHA,Won,4,01:52.0,https://official.nba.com/archive/53141-challenge-oob-hornets-at-magic/
59,12/26/25,BOS,IND,Foul,IND,Lost,4,06:44.0,https://official.nba.com/archive/challenge-of-called-foul-celtics-pacers/
60,12/26/25,PHX,NOP,Possession,PHX,Won,2,03:12.0,https://official.nba.com/archive/challenge-oob-suns-pelicans/
61,12/26/25,MIL,MEM,Foul,MEM,Lost,2,07:05.0,https://official.nba.com/archive/challenge-of-called-foul-bucks-grizzlies-3/
62,12/26/25,PHI,CHI,Foul,PHI,Won,2,04:27.0,https://official.nba.com/archive/challenge-of-called-foul-76ers-bulls-2/
63,12/26/25,PHX,NOP,Foul,NOP,Lost,1,10:33.0,https://official.nba.com/archive/challenge-of-called-foul-suns-pelicans/
64,12/26/25,CHA,ORL,Foul,CHA,Won,2,01:49.0,https://official.nba.com/archive/challenge-of-called-foul-hornets-magic-3/
65,12/25/25,MIN,DEN,Foul,DEN,Won,5,00:56.4,https://official.nba.com/archive/challenge-of-called-foul-timberwolves-nuggets-7/
66,12/25/25,MIN,DEN,Foul,MIN,Lost,4,01:06.0,https://official.nba.com/archive/challenge-of-called-foul-timberwolves-nuggets-6/
67,12/25/25,MIN,DEN,Foul,DEN,Won,3,08:11.0,https://official.nba.com/archive/challenge-of-called-foul-timberwolves-nuggets-5/
68,12/25/25,HOU,LAL,Foul,LAL,Won,3,06:35.0,https://official.nba.com/archive/challenge-of-called-foul-rockets-lakers-10/
69,12/25/25,HOU,LAL,Foul,HOU,Lost,2,01:09.0,https://official.nba.com/archive/challenge-of-called-foul-rockets-lakers-9/
70,12/25/25,DAL,GSW,Possession,GSW,Lost,3,10:12.0,https://official.nba.com/archive/challenge-oob-mavericks-warriors-3/
71,12/25/25,DAL,GSW,Foul,DAL,Lost,1,02:20.0,https://official.nba.com/archive/challenge-of-called-foul-mavericks-warriors-3/
72,12/25/25,SAS,OKC,Foul,OKC,Won,4,08:11.0,https://official.nba.com/archive/challenge-of-called-foul-spurs-thunder-2/
73,12/25/25,SAS,OKC,Foul,SAS,Won,3,07:54.0,https://official.nba.com/archive/challenge-of-called-foul-spurs-thunder/
74,12/25/25,CLE,NYK,Possession,NYK,Lost,4,00:55.7,https://official.nba.com/archive/challenge-oob-cavaliers-knicks-2/
75,12/25/25,CLE,NYK,Foul,NYK,Won,4,01:45.0,https://official.nba.com/archive/challenge-of-called-foul-cavaliers-knicks-6/
76,12/25/25,CLE,NYK,Foul,NYK,Won,3,07:39.0,https://official.nba.com/archive/challenge-of-called-foul-cavaliers-knicks-5/
77,12/25/25,CLE,NYK,Foul,CLE,Won,2,07:50.0,https://official.nba.com/archive/challenge-of-called-foul-cavaliers-knicks-4/
78,12/23/25,MEM,UTA,Possession,MEM,Won,4,00:16.6,https://official.nba.com/archive/challenge-oob-grizzlies-jazz-4/
79,12/23/25,ORL,POR,Foul,ORL,Won,3,11:16.0,https://official.nba.com/archive/challenge-of-called-foul-magic-trail-blazers-6/
80,12/23/25,MEM,UTA,Possession,MEM,Won,4,02:40.0,https://official.nba.com/archive/challenge-oob-grizzlies-jazz-3/
81,12/23/25,MEM,UTA,Foul,UTA,Lost,4,07:05.0,https://official.nba.com/archive/challenge-of-called-foul-grizzlies-jazz-4/
82,12/23/25,LAL,PHX,Foul,LAL,Won,4,09:50.0,https://official.nba.com/archive/challenge-of-called-foul-lakers-suns-6/
83,12/23/25,HOU,LAC,Foul,HOU,Lost,1,06:51.0,https://official.nba.com/archive/challenge-of-called-foul-rockets-clippers-3/
84,12/23/25,LAL,PHX,Possession,PHX,Won,3,03:46.0,https://official.nba.com/archive/challenge-oob-lakers-suns-5/
85,12/23/25,NYK,MIN,Foul,MIN,Won,4,02:25.0,https://official.nba.com/archive/53091-challenge-of-called-foul-knicks-at-timberwolves/
86,12/23/25,CHI,ATL,Possession,CHI,Won,4,01:44.0,https://official.nba.com/archive/challenge-oob-bulls-hawks/
87,12/23/25,NOP,CLE,Foul,CLE,Won,4,06:41.0,https://official.nba.com/archive/53083-challenge-of-called-foul-pelicans-at-cavaliers/
88,12/23/25,OKC,SAS,Foul,OKC,Lost,2,00:19.2,https://official.nba.com/archive/challenge-of-called-foul-thunder-spurs-6/
89,12/23/25,OKC,SAS,Foul,SAS,Won,2,03:54.0,https://official.nba.com/archive/challenge-of-called-foul-thunder-spurs-5/
90,12/23/25,NYK,MIN,Foul,MIN,Won,2,08:02.0,https://official.nba.com/archive/challenge-of-called-foul-knicks-timberwolves-3/
91,12/23/25,NOP,CLE,Possession,CLE,Won,2,02:36.0,https://official.nba.com/archive/challenge-oob-pelicans-cavaliers/
92,12/23/25,WAS,CHA,Foul,CHA,Won,2,00:59.4,https://official.nba.com/archive/53072-challenge-of-called-foul-wizards-at-hornets/
93,12/23/25,BKN,PHI,Foul,BKN,Won,2,04:56.0,https://official.nba.com/archive/challenge-of-called-foul-nets-76ers-7/
94,12/23/25,WAS,CHA,Foul,WAS,Lost,2,05:59.0,https://official.nba.com/archive/challenge-of-called-foul-wizards-hornets/
95,12/23/25,BKN,PHI,Foul,PHI,Lost,1,05:28.0,https://official.nba.com/archive/challenge-of-called-foul-nets-76ers-6/
96,12/22/25,DET,POR,Foul,POR,Won,4,01:18.0,https://official.nba.com/archive/challenge-of-called-foul-pistons-trail-blazers-4/
97,12/22/25,DET,POR,Foul,POR,Won,4,09:08.0,https://official.nba.com/archive/53049-challenge-of-called-foul-pistons-at-trail-blazers/
98,12/22/25,MEM,OKC,Foul,MEM,Lost,4,03:34.0,https://official.nba.com/archive/53047-challenge-of-called-foul-grizzlies-at-thunder/
99,12/22/25,DET,POR,Possession,DET,Lost,3,03:28.0,https://official.nba.com/archive/challenge-oob-pistons-trail-blazers/
100,12/22/25,MEM,OKC,Foul,OKC,Lost,4,07:57.0,https://official.nba.com/archive/challenge-of-called-foul-grizzlies-thunder-6/
101,12/22/25,ORL,GSW,Possession,GSW,Won,2,03:15.0,https://official.nba.com/archive/challenge-oob-magic-warriors-2/
102,12/22/25,DAL,NOP,Foul,NOP,Lost,4,10:58.0,https://official.nba.com/archive/challenge-of-called-foul-mavericks-pelicans/
103,12/22/25,IND,BOS,Possession,IND,Won,4,05:40.0,https://official.nba.com/archive/challenge-oob-pacers-celtics-3/
104,12/22/25,CHA,CLE,Foul,CHA,Won,3,10:29.0,https://official.nba.com/archive/challenge-of-called-foul-hornets-cavaliers/
105,12/21/25,HOU,SAC,Possession,SAC,Won,4,02:36.0,https://official.nba.com/archive/challenge-oob-rockets-kings-4/
106,12/21/25,HOU,SAC,Foul,SAC,Won,4,11:09.0,https://official.nba.com/archive/challenge-of-called-foul-rockets-kings-4/
107,12/21/25,HOU,SAC,Possession,HOU,Won,4,11:55.0,https://official.nba.com/archive/challenge-oob-rockets-kings-3/
108,12/21/25,MIL,MIN,Possession,MIL,Won,4,00:59.0,https://official.nba.com/archive/challenge-oob-bucks-timberwolves-2/
109,12/21/25,SAS,WAS,Foul,WAS,Won,4,05:45.0,https://official.nba.com/archive/53028-challenge-of-called-foul-spurs-at-wizards/
110,12/21/25,MIL,MIN,Foul,MIN,Lost,4,04:52.0,https://official.nba.com/archive/challenge-of-called-foul-bucks-timberwolves-3/
111,12/21/25,MIA,NYK,Foul,NYK,Won,4,07:10.0,https://official.nba.com/archive/challenge-of-called-foul-heat-knicks-4/
112,12/21/25,MIA,NYK,Foul,MIA,Lost,4,11:00.0,https://official.nba.com/archive/challenge-of-called-foul-heat-knicks-2/
113,12/21/25,TOR,BKN,Foul,BKN,Won,2,07:26.0,https://official.nba.com/archive/challenge-of-called-foul-raptors-nets-4/
114,12/21/25,TOR,BKN,Foul,TOR,Won,1,03:05.0,https://official.nba.com/archive/challenge-of-called-foul-raptors-nets-3/
115,12/21/25,CHI,ATL,Foul,ATL,Won,4,11:13.0,https://official.nba.com/archive/challenge-of-called-foul-bulls-hawks-2/
116,12/20/25,POR,SAC,Possession,POR,Won,4,00:24.8,https://official.nba.com/archive/challenge-oob-trail-blazers-kings/
117,12/20/25,ORL,UTA,Possession,UTA,Lost,5,03:09.0,https://official.nba.com/archive/challenge-oob-magic-jazz-3/
118,12/20/25,LAL,LAC,Possession,LAL,Lost,3,10:38.0,https://official.nba.com/archive/53012-challenge-oob-lakers-at-clippers/
119,12/20/25,ORL,UTA,Foul,ORL,Lost,3,02:30.0,https://official.nba.com/archive/challenge-of-called-foul-magic-jazz-5/
120,12/20/25,LAL,LAC,Foul,LAC,Lost,2,10:33.0,https://official.nba.com/archive/53010-challenge-of-called-foul-lakers-at-clippers/
121,12/20/25,ORL,UTA,Possession,UTA,Won,3,10:07.0,https://official.nba.com/archive/challenge-oob-magic-jazz-2/
122,12/20/25,WAS,MEM,Foul,MEM,Lost,4,02:04.0,https://official.nba.com/archive/challenge-of-called-foul-wizards-grizzlies-3/
123,12/20/25,PHX,GSW,Possession,PHX,Won,3,08:00.0,https://official.nba.com/archive/challenge-oob-suns-warriors-5/
124,12/20/25,WAS,MEM,Foul,WAS,Won,3,00:04.6,https://official.nba.com/archive/challenge-of-called-foul-wizards-grizzlies-4/
125,12/20/25,WAS,MEM,Foul,MEM,Won,3,07:08.0,https://official.nba.com/archive/challenge-of-called-foul-wizards-grizzlies-5/
126,12/20/25,DAL,PHI,Foul,DAL,Lost,4,06:46.0,https://official.nba.com/archive/challenge-of-called-foul-mavericks-76ers-2/
127,12/20/25,WAS,MEM,Foul,WAS,Won,2,08:40.0,https://official.nba.com/archive/challenge-of-called-foul-wizards-grizzlies-6/
128,12/20/25,CHA,DET,Foul,DET,Lost,2,01:28.0,https://official.nba.com/archive/challenge-of-called-foul-hornets-pistons-8/
129,12/20/25,DAL,PHI,Possession,PHI,Won,2,03:37.0,https://official.nba.com/archive/challenge-oob-mavericks-76ers-2/
130,12/20/25,HOU,DEN,Foul,HOU,Lost,2,00:33.8,https://official.nba.com/archive/challenge-of-called-foul-rockets-nuggets-5/
131,12/20/25,HOU,DEN,Possession,HOU,Won,2,06:20.0,https://official.nba.com/archive/challenge-oob-rockets-nuggets/
132,12/19/25,OKC,MIN,Goaltending,MIN,Won,4,10:52.0,https://official.nba.com/archive/52978-challenge-goaltending-bi-thunder-at-timberwolves/
133,12/19/25,OKC,MIN,Foul,MIN,Won,2,03:48.0,https://official.nba.com/archive/challenge-of-called-foul-thunder-timberwolves-11/
134,12/19/25,OKC,MIN,Foul,OKC,Lost,2,06:53.0,https://official.nba.com/archive/challenge-of-called-foul-thunder-timberwolves-10/
135,12/19/25,MIA,BOS,Possession,BOS,Won,4,02:43.0,https://official.nba.com/archive/52972-challenge-oob-heat-at-celtics/
136,12/19/25,PHI,NYK,Foul,PHI,Won,4,09:41.0,https://official.nba.com/archive/challenge-of-called-foul-76ers-knicks-2/
137,12/19/25,PHI,NYK,Possession,NYK,Won,4,09:59.0,https://official.nba.com/archive/challenge-oob-76ers-knicks-5/
138,12/19/25,MIA,BOS,Possession,BOS,Won,3,05:16.0,https://official.nba.com/archive/challenge-oob-heat-celtics-3/
139,12/18/25,SAC,POR,Possession,SAC,Lost,4,07:40.0,https://official.nba.com/archive/challenge-oob-kings-trail-blazers-2/
140,12/18/25,SAC,POR,Foul,POR,Lost,3,02:59.0,https://official.nba.com/archive/52957-challenge-of-called-foul-kings-at-trail-blazers/
141,12/18/25,LAL,UTA,Foul,LAL,Lost,4,00:37.1,https://official.nba.com/archive/challenge-of-called-foul-lakers-jazz-8/
142,12/18/25,GSW,PHX,Foul,GSW,Won,4,02:12.0,https://official.nba.com/archive/52952-challenge-of-called-foul-warriors-at-suns/
143,12/18/25,LAL,UTA,Foul,LAL,Won,3,00:06.5,https://official.nba.com/archive/challenge-of-called-foul-lakers-jazz-7/
144,12/18/25,GSW,PHX,Foul,GSW,Won,3,01:16.0,https://official.nba.com/archive/challenge-of-called-foul-warriors-suns-7/
145,12/18/25,DET,DAL,Possession,DET,Won,3,00:59.7,https://official.nba.com/archive/challenge-oob-pistons-mavericks-2/
146,12/18/25,TOR,MIL,Foul,MIL,Won,4,02:51.0,https://official.nba.com/archive/challenge-of-called-foul-raptors-bucks-4/
147,12/18/25,LAC,OKC,Goaltending,LAC,Won,4,03:13.0,https://official.nba.com/archive/52942-challenge-goaltending-bi-clippers-at-thunder/
148,12/18/25,HOU,NOP,Foul,HOU,Lost,4,08:11.0,https://official.nba.com/archive/challenge-of-called-foul-rockets-pelicans-2/
149,12/18/25,LAL,UTA,Possession,UTA,Won,2,04:08.0,https://official.nba.com/archive/52939-challenge-oob-lakers-at-jazz/
150,12/18/25,GSW,PHX,Foul,PHX,Won,2,01:19.0,https://official.nba.com/archive/challenge-of-called-foul-warriors-suns-4/
151,12/18/25,WAS,SAS,Foul,WAS,Won,4,07:04.0,https://official.nba.com/archive/challenge-of-called-foul-wizards-spurs-3/
152,12/18/25,LAC,OKC,Foul,OKC,Lost,3,00:10.4,https://official.nba.com/archive/challenge-of-called-foul-clippers-thunder-5/
153,12/18/25,MIA,BKN,Foul,BKN,Lost,4,01:52.0,https://official.nba.com/archive/challenge-of-called-foul-heat-nets/
154,12/18/25,DET,DAL,Goaltending,DET,Lost,2,01:45.0,https://official.nba.com/archive/52933-challenge-goaltending-bi-pistons-at-mavericks/
155,12/18/25,TOR,MIL,Foul,TOR,Lost,3,05:22.0,https://official.nba.com/archive/challenge-of-called-foul-raptors-bucks-3/
156,12/18/25,DET,DAL,Foul,DET,Won,2,06:27.0,https://official.nba.com/archive/challenge-of-called-foul-pistons-mavericks-3/
157,12/18/25,HOU,NOP,Possession,HOU,Won,2,02:03.0,https://official.nba.com/archive/challenge-oob-rockets-pelicans-4/
158,12/18/25,NYK,IND,Foul,NYK,Won,4,10:05.0,https://official.nba.com/archive/challenge-of-called-foul-knicks-pacers-10/
159,12/18/25,ATL,CHA,Foul,CHA,Lost,3,00:59.9,https://official.nba.com/archive/challenge-of-called-foul-hawks-hornets-5/
160,12/18/25,NYK,IND,Foul,IND,Lost,1,08:53.0,https://official.nba.com/archive/challenge-of-called-foul-knicks-pacers-9/
161,12/17/25,MEM,MIN,Possession,MIN,Won,4,00:38.5,https://official.nba.com/archive/challenge-oob-grizzlies-timberwolves-6/
162,12/17/25,MEM,MIN,Foul,MEM,Lost,4,10:34.0,https://official.nba.com/archive/challenge-of-called-foul-grizzlies-timberwolves-2/
163,12/17/25,MEM,MIN,Possession,MIN,Won,3,03:51.0,https://official.nba.com/archive/challenge-oob-grizzlies-timberwolves-4/
164,12/17/25,CLE,CHI,Foul,CLE,Lost,3,05:27.0,https://official.nba.com/archive/challenge-of-called-foul-cavaliers-bulls-7/
165,12/17/25,MEM,MIN,Foul,MEM,Won,1,04:12.0,https://official.nba.com/archive/challenge-of-called-foul-grizzlies-timberwolves/
166,12/16/25,SAS,NYK,Possession,SAS,Won,4,01:44.0,https://official.nba.com/archive/challenge-oob-spurs-knicks/
167,12/16/25,SAS,NYK,Foul,SAS,Won,4,07:40.0,https://official.nba.com/archive/challenge-of-called-foul-spurs-knicks-3/
168,12/15/25,MEM,LAC,Foul,MEM,Won,4,08:17.0,https://official.nba.com/archive/challenge-of-called-foul-grizzlies-clippers-6/
169,12/15/25,HOU,DEN,Foul,DEN,Lost,5,01:23.0,https://official.nba.com/archive/52905-challenge-of-called-foul-rockets-at-nuggets/
170,12/15/25,HOU,DEN,Foul,HOU,Lost,4,00:02.3,https://official.nba.com/archive/challenge-of-called-foul-rockets-nuggets-3/
171,12/15/25,DAL,UTA,Foul,UTA,Won,4,03:06.0,https://official.nba.com/archive/challenge-of-called-foul-mavericks-jazz/
172,12/15/25,DAL,UTA,Foul,UTA,Won,2,05:25.0,https://official.nba.com/archive/challenge-of-called-foul-mavericks-jazz-2/
173,12/15/25,DET,BOS,Possession,BOS,Won,4,00:42.0,https://official.nba.com/archive/52896-challenge-oob-pistons-at-celtics/
174,12/15/25,DET,BOS,Foul,BOS,Won,4,04:21.0,https://official.nba.com/archive/challenge-of-called-foul-pistons-celtics/
175,12/14/25,GSW,POR,Foul,GSW,Lost,4,00:13.2,https://official.nba.com/archive/52891-challenge-of-called-foul-warriors-at-trail-blazers/
176,12/14/25,GSW,POR,Foul,POR,Won,4,04:12.0,https://official.nba.com/archive/52889-challenge-of-called-foul-warriors-at-trail-blazers/
177,12/14/25,LAL,PHX,Foul,PHX,Lost,4,00:03.9,https://official.nba.com/archive/52887-challenge-of-called-foul-lakers-at-suns/
178,12/14/25,LAL,PHX,Possession,LAL,Lost,4,00:59.0,https://official.nba.com/archive/challenge-oob-lakers-suns-4/
179,12/14/25,LAL,PHX,Possession,LAL,Won,2,05:13.0,https://official.nba.com/archive/challenge-oob-lakers-suns-2/
180,12/14/25,NOP,CHI,Foul,NOP,Won,3,03:09.0,https://official.nba.com/archive/challenge-of-called-foul-pelicans-bulls/
181,12/14/25,PHI,ATL,Possession,ATL,Won,4,03:36.0,https://official.nba.com/archive/challenge-oob-76ers-hawks-2/
182,12/14/25,WAS,IND,Possession,WAS,Won,4,04:34.0,https://official.nba.com/archive/52869-challenge-oob-wizards-at-pacers/
183,12/14/25,WAS,IND,Possession,WAS,Won,3,10:04.0,https://official.nba.com/archive/challenge-oob-wizards-pacers/
184,12/14/25,CHA,CLE,Possession,CLE,Lost,2,09:35.0,https://official.nba.com/archive/challenge-oob-hornets-cavaliers-3/
185,12/13/25,SAS,OKC,Possession,OKC,Won,3,05:16.0,https://official.nba.com/archive/52861-challenge-oob-spurs-at-thunder/
186,12/13/25,NYK,ORL,Foul,NYK,Lost,4,01:15.0,https://official.nba.com/archive/52859-challenge-of-called-foul-knicks-at-magic/
187,12/12/25,UTA,MEM,Foul,UTA,Lost,3,04:59.0,https://official.nba.com/archive/challenge-of-called-foul-jazz-grizzlies-10/
188,12/12/25,CHI,CHA,Foul,CHI,Won,4,00:10.0,https://official.nba.com/archive/challenge-of-called-foul-bulls-hornets-7/
189,12/12/25,BKN,DAL,Foul,DAL,Won,1,04:36.0,https://official.nba.com/archive/challenge-of-called-foul-nets-mavericks/
190,12/12/25,IND,PHI,Foul,PHI,Lost,3,03:21.0,https://official.nba.com/archive/challenge-of-called-foul-pacers-76ers-2/
191,12/12/25,UTA,MEM,Foul,UTA,Won,1,10:14.0,https://official.nba.com/archive/challenge-of-called-foul-jazz-grizzlies-9/
192,12/12/25,CLE,WAS,Foul,CLE,Won,2,01:08.0,https://official.nba.com/archive/challenge-of-called-foul-cavaliers-wizards-7/
193,12/12/25,ATL,DET,Possession,DET,Won,2,06:48.0,https://official.nba.com/archive/challenge-oob-hawks-pistons-2/
194,12/12/25,ATL,DET,Possession,ATL,Won,2,07:26.0,https://official.nba.com/archive/challenge-oob-hawks-pistons/
195,12/12/25,CHI,CHA,Foul,CHA,Won,2,07:21.0,https://official.nba.com/archive/challenge-of-called-foul-bulls-hornets-6/
196,12/12/25,CLE,WAS,Foul,WAS,Lost,2,09:34.0,https://official.nba.com/archive/challenge-of-called-foul-cavaliers-wizards-6/
197,12/11/25,DEN,SAC,Possession,SAC,Won,2,06:54.0,https://official.nba.com/archive/52838-challenge-oob-nuggets-at-kings/
198,12/11/25,LAC,HOU,Foul,LAC,Lost,4,00:11.0,https://official.nba.com/archive/challenge-of-called-foul-clippers-rockets-4/
199,12/11/25,LAC,HOU,Foul,HOU,Lost,4,00:14.0,https://official.nba.com/archive/52836-challenge-of-called-foul-clippers-at-rockets/
200,12/11/25,POR,NOP,Foul,NOP,Won,4,09:04.0,https://official.nba.com/archive/52833-challenge-of-called-foul-trail-blazers-at-pelicans/
201,12/11/25,POR,NOP,Possession,NOP,Won,3,01:06.0,https://official.nba.com/archive/52830-challenge-oob-trail-blazers-at-pelicans/
202,12/11/25,LAC,HOU,Possession,HOU,Won,4,11:39.0,https://official.nba.com/archive/52829-challenge-oob-clippers-at-rockets/
203,12/11/25,BOS,MIL,Foul,MIL,Lost,3,11:29.0,https://official.nba.com/archive/challenge-of-called-foul-celtics-bucks-2/
204,12/11/25,POR,NOP,Foul,POR,Lost,2,03:38.0,https://official.nba.com/archive/challenge-of-called-foul-trail-blazers-pelicans-4/
205,12/10/25,SAS,LAL,Foul,LAL,Lost,2,08:06.0,https://official.nba.com/archive/challenge-of-called-foul-spurs-lakers-4/
206,12/10/25,PHX,OKC,Foul,PHX,Won,3,07:52.0,https://official.nba.com/archive/challenge-of-called-foul-suns-thunder-9/
207,12/09/25,NYK,TOR,Possession,TOR,Won,4,09:21.0,https://official.nba.com/archive/challenge-oob-knicks-raptors-2/
208,12/09/25,NYK,TOR,Foul,TOR,Won,2,07:25.0,https://official.nba.com/archive/challenge-of-called-foul-knicks-raptors-4/
209,12/08/25,PHX,MIN,Foul,PHX,Won,2,04:05.0,https://official.nba.com/archive/challenge-of-called-foul-suns-timberwolves-6/
210,12/08/25,PHX,MIN,Foul,PHX,Won,2,06:58.0,https://official.nba.com/archive/challenge-of-called-foul-suns-timberwolves-7/
211,12/08/25,PHX,MIN,Possession,MIN,Lost,1,00:26.6,https://official.nba.com/archive/challenge-oob-suns-timberwolves-4/
212,12/07/25,OKC,UTA,Foul,OKC,Lost,3,04:28.0,https://official.nba.com/archive/challenge-of-called-foul-thunder-jazz-3/
213,12/07/25,OKC,UTA,Possession,OKC,Won,4,08:17.0,https://official.nba.com/archive/challenge-oob-thunder-jazz/
214,12/07/25,OKC,UTA,Foul,UTA,Lost,2,03:32.0,https://official.nba.com/archive/challenge-of-called-foul-thunder-jazz-2/
215,12/07/25,LAL,PHI,Foul,LAL,Won,2,02:45.0,https://official.nba.com/archive/challenge-of-called-foul-lakers-76ers-2/
216,12/07/25,POR,MEM,Possession,MEM,Won,4,11:18.0,https://official.nba.com/archive/challenge-oob-trail-blazers-grizzlies-2/
217,12/07/25,DEN,CHA,Possession,DEN,Won,4,11:15.0,https://official.nba.com/archive/challenge-oob-nuggets-hornets/
218,12/07/25,POR,MEM,Foul,MEM,Lost,1,07:14.0,https://official.nba.com/archive/challenge-of-called-foul-trail-blazers-grizzlies-2/
219,12/07/25,BOS,TOR,Foul,BOS,Lost,1,03:40.0,https://official.nba.com/archive/challenge-of-called-foul-celtics-raptors-5/
220,12/07/25,ORL,NYK,Possession,ORL,Won,4,01:25.0,https://official.nba.com/archive/challenge-oob-magic-knicks-3/
221,12/07/25,ORL,NYK,Foul,ORL,Won,4,04:28.0,https://official.nba.com/archive/challenge-of-called-foul-magic-knicks-7/
222,12/07/25,ORL,NYK,Foul,NYK,Lost,2,00:56.6,https://official.nba.com/archive/challenge-of-called-foul-magic-knicks-6/
223,12/06/25,GSW,CLE,Foul,CLE,Won,4,02:35.0,https://official.nba.com/archive/challenge-of-called-foul-warriors-cavaliers-3/
224,12/06/25,LAC,MIN,Possession,LAC,Won,3,05:25.0,https://official.nba.com/archive/challenge-oob-clippers-timberwolves/
225,12/06/25,LAC,MIN,Foul,LAC,Won,3,07:19.0,https://official.nba.com/archive/challenge-of-called-foul-clippers-timberwolves-5/
226,12/06/25,HOU,DAL,Possession,HOU,Lost,1,05:15.0,https://official.nba.com/archive/challenge-oob-rockets-mavericks-4/
227,12/06/25,ATL,WAS,Possession,ATL,Won,3,10:51.0,https://official.nba.com/archive/challenge-oob-hawks-wizards-2/
228,12/06/25,MIL,DET,Foul,DET,Lost,2,11:29.0,https://official.nba.com/archive/challenge-of-called-foul-bucks-pistons-6/
229,12/06/25,ATL,WAS,Foul,WAS,Won,2,02:33.0,https://official.nba.com/archive/challenge-of-called-foul-hawks-wizards/
230,12/06/25,NOP,BKN,Possession,NOP,Won,2,10:09.0,https://official.nba.com/archive/challenge-oob-pelicans-nets/
231,12/05/25,DAL,OKC,Possession,DAL,Won,2,02:29.0,https://official.nba.com/archive/52755-challenge-oob-mavericks-at-thunder/
232,12/05/25,DAL,OKC,Foul,OKC,Won,2,04:57.0,https://official.nba.com/archive/challenge-of-called-foul-mavericks-thunder-14/
233,12/05/25,LAC,MEM,Foul,LAC,Lost,4,02:51.0,https://official.nba.com/archive/challenge-of-called-foul-clippers-grizzlies-6/
234,12/05/25,POR,DET,Foul,DET,Won,4,07:02.0,https://official.nba.com/archive/challenge-of-called-foul-trail-blazers-pistons-2/
235,12/05/25,PHX,HOU,Foul,HOU,Lost,3,07:33.0,https://official.nba.com/archive/challenge-of-called-foul-suns-rockets-6/
236,12/05/25,POR,DET,Possession,POR,Lost,3,05:30.0,https://official.nba.com/archive/challenge-oob-trail-blazers-pistons-2/
237,12/05/25,PHI,MIL,Possession,PHI,Lost,2,00:41.6,https://official.nba.com/archive/challenge-oob-76ers-bucks-3/
238,12/05/25,LAL,BOS,Foul,BOS,Lost,3,00:58.0,https://official.nba.com/archive/challenge-of-called-foul-lakers-celtics-3/
239,12/05/25,MIA,ORL,Foul,MIA,Won,3,06:38.0,https://official.nba.com/archive/challenge-of-called-foul-heat-magic-8/
240,12/05/25,PHX,HOU,Possession,HOU,Won,1,03:22.0,https://official.nba.com/archive/challenge-oob-suns-rockets-4/
241,12/05/25,UTA,NYK,Foul,UTA,Lost,2,04:06.0,https://official.nba.com/archive/challenge-of-called-foul-jazz-knicks-3/
242,12/05/25,LAL,BOS,Possession,LAL,Won,3,09:55.0,https://official.nba.com/archive/challenge-oob-lakers-celtics-2/
243,12/05/25,DEN,ATL,Foul,ATL,Won,1,00:02.1,https://official.nba.com/archive/52731-challenge-of-called-foul-nuggets-at-hawks/
244,12/05/25,DEN,ATL,Possession,ATL,Won,1,02:10.0,https://official.nba.com/archive/challenge-oob-nuggets-hawks-3/
245,12/05/25,MIA,ORL,Foul,ORL,Won,1,05:10.0,https://official.nba.com/archive/challenge-of-called-foul-heat-magic-7/
246,12/04/25,UTA,BKN,Possession,UTA,Won,4,06:13.0,https://official.nba.com/archive/52724-challenge-oob-jazz-at-nets/
247,12/04/25,GSW,PHI,Foul,PHI,Won,4,00:10.1,https://official.nba.com/archive/challenge-of-called-foul-warriors-76ers-3/
248,12/04/25,GSW,PHI,Possession,GSW,Won,4,00:14.2,https://official.nba.com/archive/challenge-oob-warriors-76ers-3/
249,12/04/25,UTA,BKN,Possession,BKN,Lost,3,06:19.0,https://official.nba.com/archive/challenge-oob-jazz-nets-4/
250,12/04/25,MIN,NOP,Foul,MIN,Won,2,02:26.0,https://official.nba.com/archive/challenge-of-called-foul-timberwolves-pelicans-5/
251,12/04/25,UTA,BKN,Possession,BKN,Won,3,08:47.0,https://official.nba.com/archive/challenge-oob-jazz-nets-2/
252,12/04/25,LAL,TOR,Foul,LAL,Lost,3,11:09.0,https://official.nba.com/archive/challenge-of-called-foul-lakers-raptors-6/
253,12/03/25,DET,MIL,Possession,MIL,Won,4,04:56.0,https://official.nba.com/archive/challenge-oob-pistons-bucks-3/
254,12/03/25,CHA,NYK,Foul,CHA,Lost,3,05:39.0,https://official.nba.com/archive/challenge-of-called-foul-hornets-knicks/
255,12/03/25,DET,MIL,Possession,DET,Lost,2,03:54.0,https://official.nba.com/archive/challenge-oob-pistons-bucks-2/
256,12/03/25,POR,CLE,Possession,POR,Won,4,11:33.0,https://official.nba.com/archive/challenge-oob-trail-blazers-cavaliers/
257,12/03/25,SAC,HOU,Foul,HOU,Won,2,06:12.0,https://official.nba.com/archive/challenge-of-called-foul-kings-rockets/
258,12/03/25,DEN,IND,Foul,DEN,Lost,3,02:43.0,https://official.nba.com/archive/challenge-of-called-foul-nuggets-pacers-5/
259,12/03/25,DEN,IND,Foul,IND,Lost,3,03:17.0,https://official.nba.com/archive/challenge-of-called-foul-nuggets-pacers-4/
260,12/03/25,POR,CLE,Foul,POR,Won,3,06:29.0,https://official.nba.com/archive/52695-challenge-of-called-foul-trail-blazers-at-cavaliers/
261,12/03/25,LAC,ATL,Foul,ATL,Won,1,06:56.0,https://official.nba.com/archive/challenge-of-called-foul-clippers-hawks-6/
262,12/02/25,OKC,GSW,Possession,OKC,Won,4,01:04.0,https://official.nba.com/archive/challenge-oob-thunder-warriors/
263,12/02/25,NYK,BOS,Foul,BOS,Lost,4,03:45.0,https://official.nba.com/archive/challenge-of-called-foul-knicks-celtics-7/
264,12/02/25,POR,TOR,Foul,POR,Lost,4,00:40.4,https://official.nba.com/archive/challenge-of-called-foul-trail-blazers-raptors-2/
265,12/02/25,POR,TOR,Possession,POR,Won,4,01:18.0,https://official.nba.com/archive/challenge-oob-trail-blazers-raptors/
266,12/02/25,MIN,NOP,Foul,NOP,Lost,3,02:21.0,https://official.nba.com/archive/challenge-of-called-foul-timberwolves-pelicans-4/
267,12/02/25,MEM,SAS,Foul,MEM,Lost,2,00:48.6,https://official.nba.com/archive/challenge-of-called-foul-grizzlies-spurs/
268,12/01/25,HOU,UTA,Foul,UTA,Won,4,01:33.0,https://official.nba.com/archive/challenge-of-called-foul-rockets-jazz-8/
269,12/01/25,HOU,UTA,Possession,HOU,Won,4,06:42.0,https://official.nba.com/archive/challenge-oob-rockets-jazz-3/
270,12/01/25,PHX,LAL,Foul,PHX,Lost,2,09:35.0,https://official.nba.com/archive/challenge-of-called-foul-suns-lakers-2/
271,12/01/25,CHI,ORL,Foul,ORL,Won,4,00:35.3,https://official.nba.com/archive/challenge-of-called-foul-bulls-magic-4/
272,12/01/25,CHI,ORL,Possession,ORL,Won,4,04:10.0,https://official.nba.com/archive/challenge-oob-bulls-magic-3/
273,12/01/25,HOU,UTA,Foul,HOU,Won,1,05:35.0,https://official.nba.com/archive/challenge-of-called-foul-rockets-jazz-7/
274,12/01/25,MIL,WAS,Foul,WAS,Won,3,05:53.0,https://official.nba.com/archive/challenge-of-called-foul-bucks-wizards-6/
275,12/01/25,ATL,DET,Foul,ATL,Lost,3,02:18.0,https://official.nba.com/archive/challenge-of-called-foul-hawks-pistons-4/
276,12/01/25,CHA,BKN,Foul,CHA,Won,2,00:41.9,https://official.nba.com/archive/challenge-of-called-foul-hornets-nets-5/
0,01/31/26,CHI,MIA,Foul,MIA,Won,4,00:34.6,https://official.nba.com/archive/challenge-of-called-foul-bulls-heat/
1,01/31/26,DAL,HOU,Possession,DAL,Lost,4,11:09.0,https://official.nba.com/archive/challenge-oob-mavericks-rockets-2/
2,01/31/26,CHI,MIA,Foul,CHI,Won,4,09:28.0,https://official.nba.com/archive/challenge-of-called-foul-bulls-heat-2/
3,01/31/26,DAL,HOU,Foul,HOU,Lost,3,09:21.0,https://official.nba.com/archive/challenge-of-called-foul-mavericks-rockets-6/
4,01/31/26,CHI,MIA,Foul,MIA,Won,3,07:27.0,https://official.nba.com/archive/challenge-of-called-foul-bulls-heat-3/
5,01/31/26,NOP,PHI,Possession,PHI,Won,4,04:24.0,https://official.nba.com/archive/53918-challenge-oob-pelicans-at-76ers/
6,01/31/26,NOP,PHI,Possession,NOP,Won,3,08:17.0,https://official.nba.com/archive/53916-challenge-oob-pelicans-at-76ers/
7,01/31/26,ATL,IND,Foul,ATL,Lost,3,00:00.9,https://official.nba.com/archive/53915-challenge-of-called-foul-hawks-at-pacers/
8,01/31/26,MIN,MEM,Possession,MIN,Won,2,08:09.0,https://official.nba.com/archive/challenge-oob-timberwolves-grizzlies/
9,01/31/26,ATL,IND,Foul,IND,Won,2,09:27.0,https://official.nba.com/archive/53911-challenge-of-called-foul-hawks-at-pacers/
10,01/31/26,SAS,CHA,Foul,SAS,Won,4,00:36.0,https://official.nba.com/archive/53910-challenge-of-called-foul-spurs-at-hornets/
11,01/30/26,DET,GSW,Foul,GSW,Lost,4,02:09.0,https://official.nba.com/archive/challenge-of-called-foul-pistons-warriors-2/
12,01/30/26,BKN,UTA,Foul,UTA,Won,3,03:39.0,https://official.nba.com/archive/challenge-of-called-foul-nets-jazz-2/
13,01/30/26,DET,GSW,Possession,GSW,Won,2,08:44.0,https://official.nba.com/archive/53905-challenge-oob-pistons-at-warriors/
14,01/30/26,CLE,PHX,Goaltending,CLE,Lost,3,04:50.0,https://official.nba.com/archive/challenge-goaltending-bi-cavaliers-suns/
15,01/30/26,CLE,PHX,Foul,CLE,Lost,3,09:06.0,https://official.nba.com/archive/challenge-of-called-foul-cavaliers-suns-2/
16,01/30/26,CLE,PHX,Possession,PHX,Won,2,02:25.0,https://official.nba.com/archive/challenge-oob-cavaliers-suns/
17,01/30/26,MEM,NOP,Possession,NOP,Won,4,00:47.0,https://official.nba.com/archive/challenge-oob-grizzlies-pelicans-2/
18,01/30/26,LAC,DEN,Possession,LAC,Won,2,07:28.0,https://official.nba.com/archive/53895-challenge-oob-clippers-at-nuggets/
19,01/30/26,SAC,BOS,Possession,BOS,Won,3,04:02.0,https://official.nba.com/archive/challenge-oob-kings-celtics-3/
20,01/30/26,LAL,WAS,Foul,WAS,Won,4,01:29.0,https://official.nba.com/archive/challenge-of-called-foul-lakers-wizards/
21,01/30/26,SAC,BOS,Possession,BOS,Won,3,08:45.0,https://official.nba.com/archive/challenge-oob-kings-celtics-2/
22,01/30/26,MEM,NOP,Foul,NOP,Won,3,07:14.0,https://official.nba.com/archive/challenge-of-called-foul-grizzlies-pelicans-8/
23,01/30/26,POR,NYK,Foul,POR,Won,2,03:20.0,https://official.nba.com/archive/challenge-of-called-foul-trail-blazers-knicks/
24,01/29/26,BKN,DEN,Possession,BKN,Lost,4,01:16.0,https://official.nba.com/archive/challenge-oob-nets-nuggets-3/
25,01/29/26,BKN,DEN,Foul,BKN,Won,3,03:25.0,https://official.nba.com/archive/challenge-of-called-foul-nets-nuggets/
26,01/29/26,CHA,DAL,Possession,CHA,Won,3,03:30.0,https://official.nba.com/archive/challenge-oob-hornets-mavericks-2/
27,01/29/26,OKC,MIN,Foul,MIN,Won,2,03:54.0,https://official.nba.com/archive/challenge-of-called-foul-thunder-timberwolves-13/
28,01/29/26,OKC,MIN,Foul,OKC,Lost,2,07:24.0,https://official.nba.com/archive/challenge-of-called-foul-thunder-timberwolves-12/
29,01/29/26,HOU,ATL,Foul,HOU,Won,4,10:39.0,https://official.nba.com/archive/challenge-of-called-foul-rockets-hawks/
30,01/29/26,MIL,WAS,Foul,MIL,Lost,4,00:40.5,https://official.nba.com/archive/challenge-of-called-foul-bucks-wizards-8/
31,01/29/26,MIL,WAS,Possession,WAS,Won,4,06:33.0,https://official.nba.com/archive/53865-challenge-oob-bucks-at-wizards/
32,01/29/26,MIA,CHI,Goaltending,CHI,Won,2,03:51.0,https://official.nba.com/archive/53862-challenge-goaltending-bi-heat-at-bulls/
33,01/29/26,HOU,ATL,Possession,HOU,Won,2,06:57.0,https://official.nba.com/archive/challenge-oob-rockets-hawks/
34,01/29/26,SAC,PHI,Possession,SAC,Won,1,03:18.0,https://official.nba.com/archive/challenge-oob-kings-76ers/
35,01/29/26,MIL,WAS,Foul,WAS,Won,1,06:40.0,https://official.nba.com/archive/challenge-of-called-foul-bucks-wizards-7/
36,01/28/26,GSW,UTA,Foul,GSW,Lost,3,00:58.3,https://official.nba.com/archive/challenge-of-called-foul-warriors-jazz-3/
37,01/28/26,MIN,DAL,Foul,MIN,Lost,3,04:22.0,https://official.nba.com/archive/challenge-of-called-foul-timberwolves-mavericks-8/
38,01/28/26,MIN,DAL,Possession,DAL,Lost,3,06:51.0,https://official.nba.com/archive/challenge-oob-timberwolves-mavericks-2/
39,01/28/26,ORL,MIA,Foul,MIA,Lost,4,01:06.0,https://official.nba.com/archive/challenge-of-called-foul-magic-heat-5/
40,01/28/26,ORL,MIA,Foul,ORL,Lost,4,03:49.0,https://official.nba.com/archive/challenge-of-called-foul-magic-heat-4/
41,01/28/26,ATL,BOS,Foul,ATL,Won,3,04:22.0,https://official.nba.com/archive/challenge-of-called-foul-hawks-celtics-4/
42,01/28/26,CHI,IND,Foul,IND,Lost,3,02:25.0,https://official.nba.com/archive/challenge-of-called-foul-bulls-pacers-5/
43,01/28/26,CHI,IND,Possession,CHI,Won,3,09:16.0,https://official.nba.com/archive/challenge-oob-bulls-pacers/
44,01/28/26,LAL,CLE,Foul,LAL,Lost,2,01:11.0,https://official.nba.com/archive/challenge-of-called-foul-lakers-cavaliers-3/
45,01/28/26,LAL,CLE,Foul,CLE,Lost,2,02:00.0,https://official.nba.com/archive/challenge-of-called-foul-lakers-cavaliers-2/
46,01/28/26,NYK,TOR,Foul,NYK,Won,1,09:41.0,https://official.nba.com/archive/challenge-of-called-foul-knicks-raptors-5/
47,01/27/26,LAC,UTA,Foul,LAC,Won,3,02:04.0,https://official.nba.com/archive/challenge-of-called-foul-clippers-jazz-3/
48,01/27/26,MIL,PHI,Foul,PHI,Won,4,06:14.0,https://official.nba.com/archive/challenge-of-called-foul-bucks-76ers-4/
49,01/27/26,MIL,PHI,Foul,MIL,Lost,4,07:09.0,https://official.nba.com/archive/challenge-of-called-foul-bucks-76ers-5/
50,01/27/26,BKN,PHX,Possession,PHX,Won,2,04:44.0,https://official.nba.com/archive/challenge-oob-nets-suns/
51,01/27/26,NOP,OKC,Foul,OKC,Lost,4,01:32.0,https://official.nba.com/archive/challenge-of-called-foul-pelicans-thunder-9/
52,01/27/26,NOP,OKC,Foul,NOP,Lost,2,01:23.0,https://official.nba.com/archive/challenge-of-called-foul-pelicans-thunder-10/
53,01/27/26,SAC,NYK,Foul,NYK,Lost,3,08:13.0,https://official.nba.com/archive/challenge-of-called-foul-kings-knicks-3/
54,01/27/26,SAC,NYK,Foul,SAC,Lost,3,10:53.0,https://official.nba.com/archive/challenge-of-called-foul-kings-knicks-4/
55,01/27/26,NOP,OKC,Foul,OKC,Won,2,04:58.0,https://official.nba.com/archive/challenge-of-called-foul-pelicans-thunder-11/
56,01/27/26,MIL,PHI,Foul,MIL,Won,1,03:05.0,https://official.nba.com/archive/53812-challenge-of-called-foul-bucks-at-76ers/
57,01/27/26,POR,WAS,Foul,POR,Won,2,03:53.0,https://official.nba.com/archive/challenge-of-called-foul-trail-blazers-wizards/
58,01/27/26,POR,WAS,Foul,WAS,Won,2,04:52.0,https://official.nba.com/archive/challenge-of-called-foul-trail-blazers-wizards-3/
59,01/26/26,POR,BOS,Possession,POR,Lost,3,00:26.7,https://official.nba.com/archive/challenge-oob-trail-blazers-celtics-2/
60,01/26/26,POR,BOS,Foul,BOS,Won,3,07:52.0,https://official.nba.com/archive/53806-challenge-of-called-foul-trail-blazers-at-celtics/
61,01/26/26,LAL,CHI,Foul,LAL,Won,3,03:23.0,https://official.nba.com/archive/challenge-of-called-foul-lakers-bulls-4/
62,01/26/26,ORL,CLE,Foul,ORL,Lost,4,08:45.0,https://official.nba.com/archive/challenge-of-called-foul-magic-cavaliers-7/
63,01/26/26,ORL,CLE,Foul,CLE,Won,2,02:36.0,https://official.nba.com/archive/challenge-of-called-foul-magic-cavaliers/
64,01/25/26,TOR,OKC,Foul,OKC,Won,4,02:45.0,https://official.nba.com/archive/challenge-of-called-foul-raptors-thunder-5/
65,01/25/26,TOR,OKC,Possession,TOR,Lost,4,07:41.0,https://official.nba.com/archive/53787-challenge-oob-raptors-at-thunder/
66,01/25/26,MIA,PHX,Foul,PHX,Won,2,05:52.0,https://official.nba.com/archive/challenge-of-called-foul-heat-suns-4/
67,01/25/26,MIA,PHX,Goaltending,MIA,Won,1,02:09.0,https://official.nba.com/archive/53784-challenge-goaltending-bi-heat-at-suns/
68,01/25/26,SAC,DET,Foul,DET,Won,4,05:52.0,https://official.nba.com/archive/challenge-of-called-foul-kings-pistons-6/
69,01/25/26,SAC,DET,Foul,SAC,Lost,4,08:03.0,https://official.nba.com/archive/53778-challenge-of-called-foul-kings-at-pistons/
70,01/25/26,SAC,DET,Foul,SAC,Won,2,10:50.0,https://official.nba.com/archive/challenge-of-called-foul-kings-pistons-4/
71,01/24/26,LAL,DAL,Foul,LAL,Lost,4,08:39.0,https://official.nba.com/archive/challenge-of-called-foul-lakers-mavericks-2/
72,01/24/26,MIA,UTA,Foul,UTA,Won,2,06:46.0,https://official.nba.com/archive/challenge-of-called-foul-heat-jazz-4/
73,01/24/26,BOS,CHI,Possession,CHI,Won,4,01:12.0,https://official.nba.com/archive/challenge-oob-celtics-bulls-3/
74,01/24/26,MIA,UTA,Possession,MIA,Won,1,02:56.0,https://official.nba.com/archive/challenge-oob-heat-jazz/
75,01/24/26,CLE,ORL,Foul,CLE,Won,3,00:49.9,https://official.nba.com/archive/challenge-of-called-foul-cavaliers-magic-4/
76,01/24/26,NYK,PHI,Foul,PHI,Won,4,00:09.9,https://official.nba.com/archive/challenge-of-called-foul-knicks-76ers-9/
77,01/24/26,NYK,PHI,Foul,NYK,Won,4,00:33.3,https://official.nba.com/archive/challenge-of-called-foul-knicks-76ers-10/
78,01/24/26,NYK,PHI,Possession,NYK,Won,3,08:51.0,https://official.nba.com/archive/challenge-oob-knicks-76ers/
79,01/24/26,NYK,PHI,Foul,PHI,Won,2,10:57.0,https://official.nba.com/archive/challenge-of-called-foul-knicks-76ers-11/
80,01/24/26,WAS,CHA,Possession,WAS,Lost,3,04:00.0,https://official.nba.com/archive/challenge-oob-wizards-hornets/
81,01/23/26,TOR,POR,Possession,POR,Lost,4,00:41.6,https://official.nba.com/archive/53754-challenge-oob-raptors-at-trail-blazers/
82,01/23/26,TOR,POR,Foul,POR,Won,4,01:57.0,https://official.nba.com/archive/challenge-of-called-foul-raptors-trail-blazers/
83,01/23/26,DEN,MIL,Foul,DEN,Won,2,02:59.0,https://official.nba.com/archive/challenge-of-called-foul-nuggets-bucks-2/
84,01/23/26,IND,OKC,Possession,IND,Lost,4,02:35.0,https://official.nba.com/archive/53748-challenge-oob-pacers-at-thunder/
85,01/23/26,NOP,MEM,Possession,MEM,Won,4,08:54.0,https://official.nba.com/archive/challenge-oob-pelicans-grizzlies-3/
86,01/23/26,IND,OKC,Foul,OKC,Lost,4,08:15.0,https://official.nba.com/archive/challenge-of-called-foul-pacers-thunder-5/
87,01/23/26,DEN,MIL,Foul,MIL,Lost,1,09:22.0,https://official.nba.com/archive/challenge-of-called-foul-nuggets-bucks/
88,01/23/26,NOP,MEM,Foul,NOP,Won,3,05:11.0,https://official.nba.com/archive/challenge-of-called-foul-pelicans-grizzlies-3/
89,01/23/26,HOU,DET,Foul,DET,Won,4,01:05.0,https://official.nba.com/archive/challenge-of-called-foul-rockets-pistons-4/
90,01/23/26,HOU,DET,Foul,SAC,Won,4,03:05.0,https://official.nba.com/archive/challenge-of-called-foul-rockets-pistons-3/
91,01/23/26,SAC,CLE,Possession,CLE,Won,3,04:46.0,https://official.nba.com/archive/53739-challenge-oob-kings-at-cavaliers/
92,01/23/26,BOS,BKN,Foul,BKN,Lost,3,08:29.0,https://official.nba.com/archive/challenge-of-called-foul-celtics-nets-5/
93,01/23/26,HOU,DET,Possession,HOU,Won,3,10:25.0,https://official.nba.com/archive/challenge-oob-rockets-pistons/
94,01/22/26,LAL,LAC,Foul,LAC,Won,4,03:29.0,https://official.nba.com/archive/challenge-of-called-foul-lakers-clippers-7/
95,01/22/26,MIA,POR,Possession,MIA,Won,3,04:50.0,https://official.nba.com/archive/challenge-oob-heat-trail-blazers/
96,01/22/26,SAS,UTA,Foul,UTA,Won,3,00:56.2,https://official.nba.com/archive/challenge-of-called-foul-spurs-jazz/
97,01/22/26,SAS,UTA,Foul,UTA,Won,3,02:47.0,https://official.nba.com/archive/challenge-of-called-foul-spurs-jazz-4/
98,01/22/26,LAL,LAC,Foul,LAL,Won,1,06:17.0,https://official.nba.com/archive/challenge-of-called-foul-lakers-clippers-6/
99,01/22/26,MIA,POR,Possession,POR,Won,1,09:14.0,https://official.nba.com/archive/challenge-oob-heat-trail-blazers-2/
100,01/22/26,CHI,MIN,Foul,MIN,Lost,4,02:17.0,https://official.nba.com/archive/challenge-of-called-foul-bulls-timberwolves-2/
101,01/22/26,GSW,DAL,Foul,DAL,Lost,4,02:40.0,https://official.nba.com/archive/challenge-of-called-foul-warriors-mavericks-4/
102,01/22/26,GSW,DAL,Foul,GSW,Won,4,04:13.0,https://official.nba.com/archive/challenge-of-called-foul-warriors-mavericks-5/
103,01/22/26,SAS,UTA,Possession,SAS,Won,1,02:13.0,https://official.nba.com/archive/challenge-oob-spurs-jazz-2/
104,01/22/26,DEN,WAS,Foul,WAS,Lost,4,01:50.0,https://official.nba.com/archive/challenge-of-called-foul-nuggets-wizards-3/
105,01/22/26,HOU,PHI,Foul,PHI,Won,3,07:54.0,https://official.nba.com/archive/challenge-of-called-foul-rockets-76ers-4/
106,01/22/26,CHA,ORL,Foul,CHA,Won,1,08:00.0,https://official.nba.com/archive/challenge-of-called-foul-hornets-magic-4/
107,01/21/26,TOR,SAC,Foul,TOR,Won,4,01:07.0,https://official.nba.com/archive/challenge-of-called-foul-raptors-kings/
108,01/21/26,TOR,SAC,Goaltending,SAC,Won,3,05:45.0,https://official.nba.com/archive/53701-challenge-goaltending-bi-raptors-at-kings/
109,01/21/26,ATL,MEM,Foul,ATL,Lost,4,02:11.0,https://official.nba.com/archive/challenge-of-called-foul-hawks-grizzlies-3/
110,01/21/26,BKN,NYK,Foul,NYK,Lost,4,06:27.0,https://official.nba.com/archive/challenge-of-called-foul-nets-knicks-2/
111,01/21/26,BKN,NYK,Possession,BKN,Won,3,06:43.0,https://official.nba.com/archive/challenge-oob-nets-knicks-3/
112,01/21/26,CLE,CHA,Foul,CHA,Lost,1,03:24.0,https://official.nba.com/archive/challenge-of-called-foul-cavaliers-hornets-8/
113,01/21/26,CLE,CHA,Foul,CLE,Won,1,03:51.0,https://official.nba.com/archive/challenge-of-called-foul-cavaliers-hornets-7/
114,01/20/26,TOR,GSW,Foul,GSW,Lost,4,03:10.0,https://official.nba.com/archive/challenge-of-called-foul-raptors-warriors-4/
115,01/20/26,MIA,SAC,Possession,SAC,Lost,4,03:35.0,https://official.nba.com/archive/challenge-oob-heat-kings-5/
116,01/20/26,LAL,DEN,Possession,DEN,Won,4,06:15.0,https://official.nba.com/archive/challenge-oob-lakers-nuggets-3/
117,01/20/26,TOR,GSW,Foul,TOR,Lost,3,00:55.8,https://official.nba.com/archive/challenge-of-called-foul-raptors-warriors-3/
118,01/20/26,MIA,SAC,Foul,MIA,Won,3,11:07.0,https://official.nba.com/archive/challenge-of-called-foul-heat-kings-4/
119,01/20/26,MIN,UTA,Possession,UTA,Won,4,00:16.0,https://official.nba.com/archive/challenge-oob-timberwolves-jazz-7/
120,01/20/26,LAL,DEN,Possession,LAL,Lost,2,03:18.0,https://official.nba.com/archive/challenge-oob-lakers-nuggets-2/
121,01/20/26,MIN,UTA,Foul,MIN,Won,3,10:38.0,https://official.nba.com/archive/challenge-of-called-foul-timberwolves-jazz-3/
122,01/20/26,MIN,UTA,Possession,MIN,Won,2,07:42.0,https://official.nba.com/archive/challenge-oob-timberwolves-jazz-6/
123,01/20/26,PHX,PHI,Possession,PHI,Lost,4,00:29.6,https://official.nba.com/archive/challenge-oob-suns-76ers-3/
124,01/20/26,SAS,HOU,Foul,HOU,Lost,1,05:04.0,https://official.nba.com/archive/challenge-of-called-foul-spurs-rockets-8/
125,01/20/26,PHX,PHI,Possession,PHX,Won,1,02:28.0,https://official.nba.com/archive/challenge-oob-suns-76ers-2/
126,01/19/26,MIA,GSW,Possession,GSW,Won,3,01:58.0,https://official.nba.com/archive/challenge-oob-heat-warriors-2/
127,01/19/26,MIA,GSW,Possession,GSW,Won,2,06:21.0,https://official.nba.com/archive/challenge-oob-heat-warriors/
128,01/19/26,BOS,DET,Foul,DET,Lost,3,09:25.0,https://official.nba.com/archive/challenge-of-called-foul-celtics-pistons-2/
129,01/19/26,BOS,DET,Foul,BOS,Won,3,10:30.0,https://official.nba.com/archive/challenge-of-called-foul-celtics-pistons-4/
130,01/19/26,BOS,DET,Foul,DET,Won,2,07:40.0,https://official.nba.com/archive/challenge-of-called-foul-celtics-pistons/
131,01/19/26,PHX,BKN,Possession,PHX,Won,2,05:56.0,https://official.nba.com/archive/challenge-oob-suns-nets-3/
132,01/19/26,UTA,SAS,Foul,SAS,Lost,4,04:14.0,https://official.nba.com/archive/challenge-of-called-foul-jazz-spurs-8/
133,01/19/26,UTA,SAS,Possession,SAS,Won,3,05:40.0,https://official.nba.com/archive/challenge-oob-jazz-spurs-3/
134,01/19/26,UTA,SAS,Foul,UTA,Won,3,09:40.0,https://official.nba.com/archive/challenge-of-called-foul-jazz-spurs-7/
135,01/19/26,UTA,SAS,Foul,UTA,Won,1,02:38.0,https://official.nba.com/archive/challenge-of-called-foul-jazz-spurs-6/
136,01/19/26,OKC,CLE,Possession,OKC,Won,4,06:40.0,https://official.nba.com/archive/challenge-oob-thunder-cavaliers-2/
137,01/19/26,LAC,WAS,Foul,WAS,Lost,2,11:21.0,https://official.nba.com/archive/challenge-of-called-foul-clippers-wizards-2/
138,01/19/26,OKC,CLE,Foul,OKC,Won,1,09:56.0,https://official.nba.com/archive/challenge-of-called-foul-thunder-cavaliers-2/
139,01/18/26,POR,SAC,Goaltending,POR,Won,4,02:03.0,https://official.nba.com/archive/53633-challenge-goaltending-bi-trail-blazers-at-kings/
140,01/18/26,TOR,LAL,Possession,LAL,Lost,3,03:42.0,https://official.nba.com/archive/53632-challenge-oob-raptors-at-lakers/
141,01/18/26,POR,SAC,Foul,SAC,Lost,4,05:36.0,https://official.nba.com/archive/challenge-of-called-foul-trail-blazers-kings/
142,01/18/26,CHA,DEN,Foul,CHA,Lost,4,06:15.0,https://official.nba.com/archive/53629-challenge-of-called-foul-hornets-at-nuggets/
143,01/18/26,POR,SAC,Possession,POR,Won,2,03:11.0,https://official.nba.com/archive/challenge-oob-trail-blazers-kings-2/
144,01/18/26,TOR,LAL,Foul,TOR,Won,1,08:32.0,https://official.nba.com/archive/challenge-of-called-foul-raptors-lakers/
145,01/18/26,BKN,CHI,Foul,BKN,Won,4,02:47.0,https://official.nba.com/archive/challenge-of-called-foul-nets-bulls-4/
146,01/18/26,BKN,CHI,Foul,BKN,Won,4,03:07.0,https://official.nba.com/archive/challenge-of-called-foul-nets-bulls-3/
147,01/17/26,LAL,POR,Possession,LAL,Won,3,05:33.0,https://official.nba.com/archive/challenge-oob-lakers-trail-blazers-4/
148,01/17/26,LAL,POR,Foul,POR,Lost,3,08:54.0,https://official.nba.com/archive/challenge-of-called-foul-lakers-trail-blazers-4/
149,01/17/26,WAS,DEN,Goaltending,WAS,Lost,3,01:42.0,https://official.nba.com/archive/53613-challenge-goaltending-bi-wizards-at-nuggets/
150,01/17/26,LAL,POR,Foul,POR,Won,1,03:09.0,https://official.nba.com/archive/53612-challenge-of-called-foul-lakers-at-trail-blazers/
151,01/17/26,CHA,GSW,Possession,CHA,Won,4,08:44.0,https://official.nba.com/archive/challenge-oob-hornets-warriors-2/
152,01/17/26,OKC,MIA,Possession,MIA,Won,4,04:15.0,https://official.nba.com/archive/challenge-oob-thunder-heat-2/
153,01/17/26,OKC,MIA,Foul,MIA,Won,4,08:37.0,https://official.nba.com/archive/challenge-of-called-foul-thunder-heat-2/
154,01/17/26,CHA,GSW,Foul,GSW,Won,3,07:03.0,https://official.nba.com/archive/challenge-of-called-foul-hornets-warriors-2/
155,01/17/26,MIN,SAS,Foul,SAS,Lost,3,05:59.0,https://official.nba.com/archive/challenge-of-called-foul-timberwolves-spurs/
156,01/17/26,MIN,SAS,Foul,MIN,Won,3,08:41.0,https://official.nba.com/archive/challenge-of-called-foul-timberwolves-spurs-2/
157,01/17/26,MIN,SAS,Possession,MIN,Won,3,09:20.0,https://official.nba.com/archive/challenge-oob-timberwolves-spurs-2/
158,01/17/26,BOS,ATL,Goaltending,BOS,Won,4,09:27.0,https://official.nba.com/archive/53598-challenge-goaltending-bi-celtics-at-hawks/
159,01/17/26,OKC,MIA,Possession,OKC,Lost,2,08:27.0,https://official.nba.com/archive/challenge-oob-thunder-heat-3/
160,01/17/26,CHA,GSW,Foul,GSW,Won,1,09:24.0,https://official.nba.com/archive/challenge-of-called-foul-hornets-warriors-3/
161,01/17/26,PHX,NYK,Foul,PHX,Won,2,01:19.0,https://official.nba.com/archive/challenge-of-called-foul-suns-knicks-4/
162,01/17/26,IND,DET,Possession,DET,Lost,1,06:20.0,https://official.nba.com/archive/challenge-oob-pacers-pistons/
163,01/17/26,UTA,DAL,Foul,UTA,Won,3,04:02.0,https://official.nba.com/archive/challenge-of-called-foul-jazz-mavericks/
164,01/16/26,MIN,HOU,Foul,MIN,Lost,4,00:22.1,https://official.nba.com/archive/challenge-of-called-foul-timberwolves-rockets-6/
165,01/16/26,MIN,HOU,Foul,HOU,Won,4,06:00.0,https://official.nba.com/archive/challenge-of-called-foul-timberwolves-rockets-5/
166,01/16/26,MIN,HOU,Possession,MIN,Won,3,03:02.0,https://official.nba.com/archive/challenge-oob-timberwolves-rockets-4/
167,01/16/26,MIN,HOU,Possession,HOU,Won,3,11:05.0,https://official.nba.com/archive/challenge-oob-timberwolves-rockets-3/
168,01/16/26,WAS,SAC,Goaltending,WAS,Won,1,04:44.0,https://official.nba.com/archive/53580-challenge-goaltending-bi-wizards-at-kings/
169,01/16/26,LAC,TOR,Foul,LAC,Lost,4,01:02.0,https://official.nba.com/archive/challenge-of-called-foul-clippers-raptors-2/
170,01/16/26,LAC,TOR,Possession,TOR,Won,4,05:35.0,https://official.nba.com/archive/challenge-oob-clippers-raptors/
171,01/16/26,CLE,PHI,Foul,PHI,Lost,4,00:22.2,https://official.nba.com/archive/challenge-of-called-foul-cavaliers-76ers-7/
172,01/16/26,CHI,BKN,Possession,BKN,Won,4,06:55.0,https://official.nba.com/archive/challenge-oob-bulls-nets/
173,01/16/26,CLE,PHI,Foul,CLE,Lost,4,01:50.0,https://official.nba.com/archive/challenge-of-called-foul-cavaliers-76ers-6/
174,01/16/26,CHI,BKN,Foul,BKN,Won,3,10:10.0,https://official.nba.com/archive/challenge-of-called-foul-bulls-nets-4/
175,01/16/26,CLE,PHI,Foul,PHI,Won,3,10:40.0,https://official.nba.com/archive/challenge-of-called-foul-cavaliers-76ers-5/
176,01/15/26,NYK,GSW,Foul,GSW,Won,4,01:16.0,https://official.nba.com/archive/challenge-of-called-foul-knicks-warriors/
177,01/15/26,NYK,GSW,Possession,GSW,Won,4,07:05.0,https://official.nba.com/archive/challenge-oob-knicks-warriors/
178,01/15/26,ATL,POR,Foul,POR,Lost,4,06:12.0,https://official.nba.com/archive/challenge-of-called-foul-hawks-trail-blazers-5/
179,01/15/26,CHA,LAL,Foul,CHA,Lost,2,07:54.0,https://official.nba.com/archive/challenge-of-called-foul-hornets-lakers-3/
180,01/15/26,CHA,LAL,Possession,LAL,Won,2,10:51.0,https://official.nba.com/archive/challenge-oob-hornets-lakers/
181,01/15/26,ATL,POR,Foul,ATL,Lost,2,00:13.1,https://official.nba.com/archive/challenge-of-called-foul-hawks-trail-blazers-2/
182,01/15/26,UTA,DAL,Foul,UTA,Lost,3,11:11.0,https://official.nba.com/archive/53554-challenge-of-called-foul-jazz-at-mavericks/
183,01/15/26,PHX,DET,Foul,PHX,Lost,3,00:27.5,https://official.nba.com/archive/challenge-of-called-foul-suns-pistons-4/
184,01/15/26,OKC,HOU,Foul,HOU,Won,2,04:11.0,https://official.nba.com/archive/challenge-of-called-foul-thunder-rockets-8/
185,01/15/26,PHX,DET,Foul,DET,Won,2,02:27.0,https://official.nba.com/archive/challenge-of-called-foul-suns-pistons-5/
186,01/15/26,PHX,DET,Foul,DET,Won,2,05:01.0,https://official.nba.com/archive/challenge-of-called-foul-suns-pistons-6/
187,01/15/26,MEM,ORL,Foul,ORL,Won,2,03:44.0,https://official.nba.com/archive/challenge-of-called-foul-grizzlies-magic/
188,01/15/26,MEM,ORL,Possession,MEM,Lost,2,06:47.0,https://official.nba.com/archive/challenge-oob-grizzlies-magic-2/
189,01/14/26,NYK,SAC,Foul,NYK,Lost,3,04:47.0,https://official.nba.com/archive/challenge-of-called-foul-knicks-kings-3/
190,01/14/26,WAS,LAC,Foul,LAC,Won,2,06:34.0,https://official.nba.com/archive/challenge-of-called-foul-wizards-clippers-4/
191,01/14/26,BKN,NOP,Foul,BKN,Lost,4,00:10.6,https://official.nba.com/archive/challenge-of-called-foul-nets-pelicans-2/
192,01/14/26,DEN,DAL,Foul,DAL,Lost,1,09:01.0,https://official.nba.com/archive/challenge-of-called-foul-nuggets-mavericks-2/
193,01/14/26,CLE,PHI,Foul,CLE,Won,4,06:32.0,https://official.nba.com/archive/challenge-oob-cavaliers-76ers/
194,01/14/26,UTA,CHI,Possession,CHI,Lost,2,03:02.0,https://official.nba.com/archive/challenge-oob-jazz-bulls/
195,01/14/26,CLE,PHI,Foul,PHI,Won,2,03:06.0,https://official.nba.com/archive/challenge-of-called-foul-cavaliers-76ers-4/
196,01/13/26,POR,GSW,Foul,POR,Won,3,11:22.0,https://official.nba.com/archive/challenge-of-called-foul-trail-blazers-warriors-3/
197,01/13/26,POR,GSW,Possession,GSW,Won,2,01:09.0,https://official.nba.com/archive/challenge-oob-trail-blazers-warriors-4/
198,01/13/26,ATL,LAL,Foul,LAL,Won,3,05:38.0,https://official.nba.com/archive/challenge-of-called-foul-hawks-lakers-2/
199,01/13/26,ATL,LAL,Foul,ATL,Lost,2,06:55.0,https://official.nba.com/archive/challenge-of-called-foul-hawks-lakers/
200,01/13/26,DEN,NOP,Possession,DEN,Won,4,00:09.4,https://official.nba.com/archive/challenge-oob-nuggets-pelicans-2/
201,01/13/26,CHI,HOU,Foul,CHI,Won,4,05:45.0,https://official.nba.com/archive/challenge-of-called-foul-bulls-rockets/
202,01/13/26,MIN,MIL,Possession,MIN,Won,3,05:56.0,https://official.nba.com/archive/challenge-oob-timberwolves-bucks/
203,01/13/26,PHX,MIA,Foul,PHX,Won,4,10:43.0,https://official.nba.com/archive/challenge-of-called-foul-suns-heat-2/
204,01/13/26,PHX,MIA,Foul,PHX,Won,3,09:07.0,https://official.nba.com/archive/challenge-of-called-foul-suns-heat-3/
205,01/13/26,MIN,MIL,Possession,MIN,Won,1,03:34.0,https://official.nba.com/archive/challenge-oob-timberwolves-bucks-2/
206,01/13/26,CHI,HOU,Possession,HOU,Lost,1,04:15.0,https://official.nba.com/archive/challenge-oob-bulls-rockets-3/
207,01/12/26,CHA,LAC,Foul,LAC,Lost,4,05:31.0,https://official.nba.com/archive/challenge-of-called-foul-hornets-clippers-4/
208,01/12/26,LAL,SAC,Possession,LAL,Won,2,04:55.0,https://official.nba.com/archive/challenge-oob-lakers-kings-2/
209,01/12/26,CHA,LAC,Foul,LAC,Won,1,04:49.0,https://official.nba.com/archive/challenge-of-called-foul-hornets-clippers-2/
210,01/12/26,LAL,SAC,Possession,SAC,Won,2,08:52.0,https://official.nba.com/archive/challenge-oob-lakers-kings-3/
211,01/12/26,BKN,DAL,Foul,DAL,Won,4,04:40.0,https://official.nba.com/archive/challenge-of-called-foul-nets-mavericks-2/
212,01/12/26,BKN,DAL,Possession,BKN,Won,4,10:32.0,https://official.nba.com/archive/challenge-oob-nets-mavericks-2/
213,01/12/26,UTA,CLE,Foul,CLE,Lost,4,01:23.0,https://official.nba.com/archive/53487-challenge-of-called-foul-jazz-at-cavaliers/
214,01/12/26,PHI,TOR,Possession,PHI,Won,3,04:20.0,https://official.nba.com/archive/challenge-oob-76ers-raptors-4/
215,01/12/26,PHI,TOR,Foul,TOR,Lost,1,00:05.9,https://official.nba.com/archive/challenge-of-called-foul-76ers-raptors-3/
216,01/12/26,UTA,CLE,Foul,UTA,Lost,2,11:05.0,https://official.nba.com/archive/challenge-of-called-foul-jazz-cavaliers-2/
217,01/11/26,HOU,SAC,Foul,HOU,Won,4,02:54.0,https://official.nba.com/archive/challenge-of-called-foul-rockets-kings-5/
218,01/11/26,MIL,DEN,Foul,DEN,Won,4,04:41.0,https://official.nba.com/archive/challenge-of-called-foul-bucks-nuggets-3/
219,01/11/26,WAS,PHX,Foul,PHX,Won,3,02:02.0,https://official.nba.com/archive/challenge-of-called-foul-wizards-suns-4/
220,01/11/26,WAS,PHX,Possession,PHX,Won,3,05:55.0,https://official.nba.com/archive/challenge-oob-wizards-suns-2/
221,01/11/26,SAS,MIN,Foul,MIN,Won,4,03:54.0,https://official.nba.com/archive/challenge-of-called-foul-spurs-timberwolves-2/
222,01/11/26,MIA,OKC,Foul,OKC,Lost,4,04:06.0,https://official.nba.com/archive/challenge-of-called-foul-heat-thunder-3/
223,01/11/26,PHI,TOR,Possession,PHI,Lost,4,00:05.5,https://official.nba.com/archive/challenge-oob-76ers-raptors-3/
224,01/11/26,PHI,TOR,Possession,TOR,Won,4,00:11.0,https://official.nba.com/archive/challenge-oob-76ers-raptors-2/
225,01/11/26,PHI,TOR,Possession,TOR,Won,4,00:13.0,https://official.nba.com/archive/challenge-oob-76ers-raptors/
226,01/11/26,MIA,OKC,Possession,OKC,Won,3,07:51.0,https://official.nba.com/archive/challenge-oob-heat-thunder/
227,01/11/26,MIA,OKC,Foul,MIA,Lost,1,08:40.0,https://official.nba.com/archive/challenge-of-called-foul-heat-thunder-2/
228,01/11/26,NYK,POR,Foul,NYK,Won,2,00:04.0,https://official.nba.com/archive/challenge-of-called-foul-knicks-trail-blazers-2/
229,01/11/26,NYK,POR,Possession,POR,Won,2,06:59.0,https://official.nba.com/archive/challenge-oob-knicks-trail-blazers-3/
230,01/11/26,NOP,ORL,Foul,ORL,Won,4,08:33.0,https://official.nba.com/archive/challenge-of-called-foul-pelicans-magic-4/
231,01/11/26,NOP,ORL,Possession,NOP,Lost,4,09:30.0,https://official.nba.com/archive/challenge-oob-pelicans-magic-3/
232,01/11/26,NOP,ORL,Foul,NOP,Won,3,09:33.0,https://official.nba.com/archive/challenge-of-called-foul-pelicans-magic-3/
233,01/11/26,BKN,MEM,Possession,MEM,Won,2,06:16.0,https://official.nba.com/archive/challenge-oob-nets-grizzlies-2/
234,01/10/26,CHA,UTA,Foul,CHA,Lost,3,04:41.0,https://official.nba.com/archive/challenge-of-called-foul-hornets-jazz-4/
235,01/10/26,CHA,UTA,Foul,UTA,Won,3,11:03.0,https://official.nba.com/archive/challenge-of-called-foul-hornets-jazz-2/
236,01/10/26,LAC,DET,Foul,DET,Lost,4,02:59.0,https://official.nba.com/archive/challenge-of-called-foul-clippers-pistons-2/
237,01/10/26,MIA,IND,Foul,IND,Lost,4,07:46.0,https://official.nba.com/archive/challenge-of-called-foul-heat-pacers-6/
238,01/10/26,SAS,BOS,Possession,SAS,Won,2,01:50.0,https://official.nba.com/archive/challenge-oob-spurs-celtics/
239,01/10/26,MIA,IND,Foul,MIA,Lost,1,04:37.0,https://official.nba.com/archive/challenge-of-called-foul-heat-pacers-3/
240,01/10/26,MIN,CLE,Foul,MIN,Lost,4,02:51.0,https://official.nba.com/archive/53439-challenge-of-called-foul-timberwolves-at-cavaliers/
241,01/10/26,MIN,CLE,Possession,CLE,Won,3,06:49.0,https://official.nba.com/archive/challenge-oob-timberwolves-cavaliers/
242,01/09/26,MIL,LAL,Possession,LAL,Won,4,08:19.0,https://official.nba.com/archive/challenge-oob-bucks-lakers/
243,01/09/26,HOU,POR,Foul,HOU,Lost,4,01:48.0,https://official.nba.com/archive/challenge-of-called-foul-rockets-trail-blazers-8/
244,01/09/26,MIL,LAL,Foul,LAL,Won,3,07:57.0,https://official.nba.com/archive/challenge-of-called-foul-bucks-lakers/
245,01/09/26,SAC,GSW,Foul,GSW,Won,4,09:22.0,https://official.nba.com/archive/challenge-of-called-foul-kings-warriors-3/
246,01/09/26,HOU,POR,Foul,POR,Won,3,09:56.0,https://official.nba.com/archive/challenge-of-called-foul-rockets-trail-blazers-7/
247,01/09/26,NYK,PHX,Possession,NYK,Lost,4,00:14.2,https://official.nba.com/archive/challenge-oob-knicks-suns-2/
248,01/09/26,NYK,PHX,Foul,PHX,Lost,4,03:04.0,https://official.nba.com/archive/challenge-of-called-foul-knicks-suns-3/
249,01/09/26,NYK,PHX,Foul,PHX,Won,4,10:40.0,https://official.nba.com/archive/challenge-of-called-foul-knicks-suns-4/
250,01/09/26,HOU,POR,Possession,HOU,Won,2,10:55.0,https://official.nba.com/archive/challenge-oob-rockets-trail-blazers-4/
251,01/09/26,OKC,MEM,Foul,MEM,Lost,4,00:58.9,https://official.nba.com/archive/challenge-of-called-foul-thunder-grizzlies-10/
252,01/09/26,SAC,GSW,Foul,SAC,Won,1,04:51.0,https://official.nba.com/archive/challenge-of-called-foul-kings-warriors-4/
253,01/09/26,OKC,MEM,Foul,OKC,Won,3,03:53.0,https://official.nba.com/archive/challenge-of-called-foul-thunder-grizzlies-11/
254,01/09/26,PHI,ORL,Possession,ORL,Won,4,01:42.0,https://official.nba.com/archive/challenge-oob-76ers-magic/
255,01/09/26,PHI,ORL,Foul,PHI,Won,4,05:18.0,https://official.nba.com/archive/challenge-of-called-foul-76ers-magic-3/
256,01/09/26,LAC,BKN,Foul,LAC,Lost,3,06:02.0,https://official.nba.com/archive/challenge-of-called-foul-clippers-nets-4/
257,01/09/26,OKC,MEM,Possession,OKC,Won,2,01:23.0,https://official.nba.com/archive/challenge-oob-thunder-grizzlies-3/
258,01/09/26,LAC,BKN,Foul,LAC,Won,3,08:29.0,https://official.nba.com/archive/challenge-of-called-foul-clippers-nets-5/
259,01/09/26,TOR,BOS,Foul,TOR,Lost,3,05:49.0,https://official.nba.com/archive/challenge-of-called-foul-raptors-celtics-4/
260,01/09/26,NOP,WAS,Foul,WAS,Lost,2,10:32.0,https://official.nba.com/archive/challenge-of-called-foul-pelicans-wizards-3/
261,01/09/26,TOR,BOS,Foul,BOS,Won,1,05:26.0,https://official.nba.com/archive/challenge-of-called-foul-raptors-celtics-6/
262,01/08/26,DAL,UTA,Foul,DAL,Lost,4,07:23.0,https://official.nba.com/archive/challenge-of-called-foul-mavericks-jazz-3/
263,01/08/26,CLE,MIN,Foul,MIN,Lost,4,03:22.0,https://official.nba.com/archive/challenge-of-called-foul-cavaliers-timberwolves-3/
264,01/08/26,CLE,MIN,Possession,MIN,Won,3,02:27.0,https://official.nba.com/archive/challenge-oob-cavaliers-timberwolves-2/
265,01/08/26,DAL,UTA,Possession,UTA,Won,2,05:58.0,https://official.nba.com/archive/53406-challenge-oob-mavericks-at-jazz/
266,01/07/26,HOU,POR,Foul,HOU,Won,4,00:05.3,https://official.nba.com/archive/challenge-of-called-foul-rockets-trail-blazers-5/
267,01/07/26,HOU,POR,Foul,POR,Lost,4,00:32.4,https://official.nba.com/archive/challenge-of-called-foul-rockets-trail-blazers-4/
268,01/07/26,MIL,GSW,Possession,MIL,Won,4,00:14.7,https://official.nba.com/archive/challenge-oob-bucks-warriors/
269,01/07/26,MIL,GSW,Foul,GSW,Won,4,11:20.0,https://official.nba.com/archive/challenge-of-called-foul-bucks-warriors-4/
270,01/07/26,LAL,SAS,Foul,LAL,Won,2,03:56.0,https://official.nba.com/archive/challenge-of-called-foul-lakers-spurs-2/
271,01/07/26,PHX,MEM,Foul,PHX,Won,3,00:32.7,https://official.nba.com/archive/challenge-of-called-foul-suns-grizzlies-4/
272,01/07/26,PHX,MEM,Foul,MEM,Won,3,02:05.0,https://official.nba.com/archive/challenge-of-called-foul-suns-grizzlies-5/
273,01/07/26,UTA,OKC,Foul,OKC,Won,3,03:50.0,https://official.nba.com/archive/challenge-of-called-foul-jazz-thunder-6/
274,01/07/26,NOP,ATL,Possession,NOP,Lost,4,06:27.0,https://official.nba.com/archive/challenge-oob-pelicans-hawks-3/
275,01/07/26,ORL,BKN,Possession,BKN,Lost,4,07:54.0,https://official.nba.com/archive/challenge-oob-magic-nets/
276,01/07/26,UTA,OKC,Foul,UTA,Lost,3,11:13.0,https://official.nba.com/archive/challenge-of-called-foul-jazz-thunder-7/
277,01/07/26,NOP,ATL,Foul,ATL,Won,3,00:38.2,https://official.nba.com/archive/challenge-of-called-foul-pelicans-hawks/
278,01/07/26,CHI,DET,Foul,DET,Won,4,09:41.0,https://official.nba.com/archive/challenge-of-called-foul-bulls-pistons-6/
279,01/07/26,PHX,MEM,Foul,MEM,Won,2,08:17.0,https://official.nba.com/archive/challenge-of-called-foul-suns-grizzlies-6/
280,01/07/26,NOP,ATL,Foul,ATL,Won,2,08:49.0,https://official.nba.com/archive/challenge-of-called-foul-pelicans-hawks-2/
281,01/07/26,TOR,CHA,Possession,TOR,Lost,2,05:59.0,https://official.nba.com/archive/challenge-oob-raptors-hornets-3/
282,01/07/26,DEN,BOS,Foul,DEN,Won,2,04:55.0,https://official.nba.com/archive/challenge-of-called-foul-nuggets-celtics-2/
283,01/07/26,TOR,CHA,Possession,TOR,Won,2,09:47.0,https://official.nba.com/archive/challenge-oob-raptors-hornets-4/
284,01/06/26,DAL,SAC,Foul,SAC,Won,2,01:34.0,https://official.nba.com/archive/challenge-of-called-foul-mavericks-kings-10/
285,01/06/26,DAL,SAC,Possession,SAC,Won,2,07:03.0,https://official.nba.com/archive/challenge-oob-mavericks-kings/
286,01/06/26,LAL,NOP,Foul,LAL,Won,4,00:27.0,https://official.nba.com/archive/challenge-of-called-foul-lakers-pelicans-7/
287,01/06/26,LAL,NOP,Foul,LAL,Won,4,05:07.0,https://official.nba.com/archive/challenge-of-called-foul-lakers-pelicans-6/
288,01/06/26,LAL,NOP,Foul,NOP,Lost,4,09:53.0,https://official.nba.com/archive/challenge-of-called-foul-lakers-pelicans-5/
289,01/06/26,SAS,MEM,Possession,MEM,Lost,3,05:49.0,https://official.nba.com/archive/challenge-oob-spurs-grizzlies-2/
290,01/06/26,CLE,IND,Foul,CLE,Lost,4,08:01.0,https://official.nba.com/archive/challenge-of-called-foul-cavaliers-pacers-4/
291,01/06/26,SAS,MEM,Goaltending,MEM,Lost,2,10:10.0,https://official.nba.com/archive/53357-challenge-goaltending-bi-spurs-at-grizzlies/
292,01/06/26,CLE,IND,Foul,CLE,Won,2,02:45.0,https://official.nba.com/archive/challenge-of-called-foul-cavaliers-pacers-3/
293,01/06/26,ORL,WAS,Foul,WAS,Won,2,10:47.0,https://official.nba.com/archive/challenge-of-called-foul-magic-wizards-5/
294,01/05/26,UTA,POR,Foul,POR,Won,4,06:50.0,https://official.nba.com/archive/53353-challenge-of-called-foul-jazz-at-trail-blazers/
295,01/05/26,GSW,LAC,Foul,LAC,Won,3,06:49.0,https://official.nba.com/archive/challenge-of-called-foul-warriors-clippers/
296,01/05/26,DEN,PHI,Foul,PHI,Lost,4,06:52.0,https://official.nba.com/archive/challenge-of-called-foul-nuggets-76ers-3/
297,01/05/26,UTA,POR,Possession,POR,Won,1,02:35.0,https://official.nba.com/archive/challenge-oob-jazz-trail-blazers-2/
298,01/05/26,CHA,OKC,Foul,OKC,Lost,3,05:01.0,https://official.nba.com/archive/challenge-of-called-foul-hornets-thunder/
299,01/05/26,DEN,PHI,Foul,PHI,Won,2,06:45.0,https://official.nba.com/archive/challenge-of-called-foul-nuggets-76ers-4/
300,01/05/26,CHI,BOS,Foul,BOS,Won,4,08:53.0,https://official.nba.com/archive/challenge-of-called-foul-bulls-celtics-2/
301,01/05/26,CHA,OKC,Foul,CHA,Won,2,00:37.6,https://official.nba.com/archive/challenge-of-called-foul-hornets-thunder-2/
302,01/05/26,PHX,HOU,Foul,PHX,Lost,2,04:53.0,https://official.nba.com/archive/53340-challenge-of-called-foul-suns-at-rockets/
303,01/05/26,NYK,DET,Foul,DET,Won,4,11:21.0,https://official.nba.com/archive/challenge-of-called-foul-knicks-pistons-8/
304,01/05/26,ATL,TOR,Foul,TOR,Won,1,07:49.0,https://official.nba.com/archive/challenge-of-called-foul-hawks-raptors-2/
305,01/04/26,MEM,LAL,Foul,LAL,Lost,4,00:46.9,https://official.nba.com/archive/challenge-of-called-foul-grizzlies-lakers-5/
306,01/04/26,MEM,LAL,Possession,LAL,Won,3,00:27.0,https://official.nba.com/archive/challenge-oob-grizzlies-lakers-3/
307,01/04/26,OKC,PHX,Foul,PHX,Lost,4,07:45.0,https://official.nba.com/archive/53328-challenge-of-called-foul-thunder-at-suns/
308,01/04/26,MIL,SAC,Foul,SAC,Lost,2,08:36.0,https://official.nba.com/archive/challenge-of-called-foul-bucks-kings/
309,01/04/26,OKC,PHX,Foul,OKC,Won,2,08:44.0,https://official.nba.com/archive/challenge-of-called-foul-thunder-suns-5/
310,01/04/26,NOP,MIA,Possession,NOP,Won,3,11:48.0,https://official.nba.com/archive/challenge-oob-pelicans-heat-2/
311,01/04/26,MIN,WAS,Foul,MIN,Won,2,03:54.0,https://official.nba.com/archive/challenge-of-called-foul-timberwolves-wizards/
312,01/04/26,DEN,BKN,Possession,DEN,Lost,4,01:21.0,https://official.nba.com/archive/challenge-oob-nuggets-nets-2/
313,01/04/26,DEN,BKN,Foul,BKN,Lost,3,00:54.0,https://official.nba.com/archive/challenge-of-called-foul-nuggets-nets/
314,01/04/26,IND,ORL,Foul,ORL,Won,2,00:30.8,https://official.nba.com/archive/challenge-of-called-foul-pacers-magic/
315,01/04/26,DET,CLE,Foul,DET,Won,4,09:08.0,https://official.nba.com/archive/challenge-of-called-foul-pistons-cavaliers-3/
316,01/03/26,UTA,GSW,Possession,GSW,Won,3,09:23.0,https://official.nba.com/archive/53309-challenge-oob-jazz-at-warriors/
317,01/03/26,UTA,GSW,Possession,GSW,Won,2,00:18.6,https://official.nba.com/archive/53308-challenge-oob-jazz-at-warriors/
318,01/03/26,UTA,GSW,Foul,UTA,Lost,2,01:05.0,https://official.nba.com/archive/53306-challenge-of-called-foul-jazz-at-warriors/
319,01/03/26,POR,SAS,Foul,POR,Lost,4,01:59.0,https://official.nba.com/archive/53304-challenge-of-called-foul-trail-blazers-at-spurs/
320,01/03/26,CHA,CHI,Foul,CHI,Won,4,02:19.0,https://official.nba.com/archive/challenge-of-called-foul-hornets-bulls-7/
321,01/03/26,HOU,DAL,Foul,HOU,Lost,2,02:38.0,https://official.nba.com/archive/challenge-of-called-foul-rockets-mavericks-9/
322,01/03/26,POR,SAS,Possession,POR,Won,2,03:22.0,https://official.nba.com/archive/53299-challenge-oob-trail-blazers-at-spurs/
323,01/03/26,PHI,NYK,Possession,PHI,Won,3,08:16.0,https://official.nba.com/archive/challenge-oob-76ers-knicks-6/
324,01/03/26,MIN,MIA,Possession,MIN,Won,4,11:48.0,https://official.nba.com/archive/challenge-oob-timberwolves-heat/
325,01/02/26,MEM,LAL,Foul,LAL,Lost,4,07:51.0,https://official.nba.com/archive/challenge-of-called-foul-grizzlies-lakers-3/
326,01/02/26,MEM,LAL,Possession,LAL,Won,3,10:12.0,https://official.nba.com/archive/challenge-oob-grizzlies-lakers/
327,01/02/26,OKC,GSW,Possession,GSW,Won,3,04:18.0,https://official.nba.com/archive/challenge-oob-thunder-warriors-2/
328,01/02/26,MEM,LAL,Foul,LAL,Won,2,10:10.0,https://official.nba.com/archive/challenge-of-called-foul-grizzlies-lakers-4/
329,01/02/26,SAC,PHX,Foul,PHX,Won,3,01:33.0,https://official.nba.com/archive/challenge-of-called-foul-kings-suns-5/
330,01/02/26,CHA,MIL,Foul,MIL,Lost,4,02:08.0,https://official.nba.com/archive/challenge-of-called-foul-hornets-bucks-3/
331,01/02/26,POR,NOP,Possession,NOP,Won,3,00:39.2,https://official.nba.com/archive/53279-challenge-oob-trail-blazers-at-pelicans/
332,01/02/26,ATL,NYK,Foul,ATL,Won,4,00:42.0,https://official.nba.com/archive/challenge-of-called-foul-hawks-knicks-9/
333,01/02/26,ORL,CHI,Possession,ORL,Won,4,00:53.3,https://official.nba.com/archive/challenge-oob-magic-bulls/
334,01/02/26,POR,NOP,Foul,POR,Won,2,01:40.0,https://official.nba.com/archive/challenge-of-called-foul-trail-blazers-pelicans-6/
335,01/02/26,ATL,NYK,Possession,NYK,Won,3,08:43.0,https://official.nba.com/archive/challenge-oob-hawks-knicks-4/
336,01/02/26,SAS,IND,Foul,IND,Won,3,03:41.0,https://official.nba.com/archive/challenge-of-called-foul-spurs-pacers/
337,01/02/26,SAS,IND,Goaltending,SAS,Lost,3,06:09.0,https://official.nba.com/archive/53271-challenge-goaltending-bi-spurs-at-pacers/
338,01/02/26,CHA,MIL,Foul,CHA,Lost,1,02:20.0,https://official.nba.com/archive/challenge-of-called-foul-hornets-bucks-2/
339,01/02/26,BKN,WAS,Possession,WAS,Lost,1,00:34.4,https://official.nba.com/archive/challenge-oob-nets-wizards-2/
340,01/01/26,UTA,LAC,Possession,UTA,Won,4,08:56.0,https://official.nba.com/archive/challenge-oob-jazz-clippers-3/
341,01/01/26,UTA,LAC,Foul,LAC,Won,4,10:58.0,https://official.nba.com/archive/challenge-of-called-foul-jazz-clippers-6/
342,01/01/26,BOS,SAC,Foul,BOS,Lost,4,02:09.0,https://official.nba.com/archive/challenge-of-called-foul-celtics-kings-2/
343,01/01/26,UTA,LAC,Foul,LAC,Won,1,03:18.0,https://official.nba.com/archive/53260-challenge-of-called-foul-jazz-at-clippers/
344,01/01/26,HOU,BKN,Foul,BKN,Won,4,08:32.0,https://official.nba.com/archive/challenge-of-called-foul-rockets-nets-2/
345,01/01/26,MIA,DET,Foul,DET,Won,1,08:28.0,https://official.nba.com/archive/53255-challenge-of-called-foul-heat-at-pistons/
346,01/01/26,HOU,BKN,Foul,HOU,Won,2,11:24.0,https://official.nba.com/archive/53254-challenge-of-called-foul-rockets-at-nets/
0,02/28/26,NOP,UTA,Goaltending,NOP,Won,4,07:12.0,https://official.nba.com/archive/challenge-goaltending-bi-pelicans-jazz/
1,02/28/26,LAL,GSW,Possession,GSW,Won,3,02:20.0,https://official.nba.com/archive/challenge-oob-lakers-warriors-2/
2,02/28/26,NOP,UTA,Foul,UTA,Won,1,07:45.0,https://official.nba.com/archive/challenge-of-called-foul-pelicans-jazz-5/
3,02/28/26,TOR,WAS,Possession,WAS,Won,1,02:37.0,https://official.nba.com/archive/challenge-oob-raptors-wizards/
4,02/28/26,HOU,MIA,Foul,MIA,Won,2,09:43.0,https://official.nba.com/archive/challenge-of-called-foul-rockets-heat/
5,02/28/26,HOU,MIA,Possession,HOU,Won,1,05:22.0,https://official.nba.com/archive/challenge-oob-rockets-heat-2/
6,02/28/26,POR,CHA,Possession,CHA,Lost,4,11:12.0,https://official.nba.com/archive/challenge-oob-trail-blazers-hornets-2/
7,02/28/26,POR,CHA,Possession,POR,Won,3,01:14.0,https://official.nba.com/archive/challenge-oob-trail-blazers-hornets/
8,02/27/26,DEN,OKC,Foul,OKC,Won,5,00:49.3,https://official.nba.com/archive/54396-challenge-of-called-foul-nuggets-at-thunder/
9,02/27/26,DEN,OKC,Possession,DEN,Won,5,02:47.0,https://official.nba.com/archive/54395-challenge-oob-nuggets-at-thunder/
10,02/27/26,CLE,DET,Foul,DET,Won,5,01:15.0,https://official.nba.com/archive/54389-challenge-of-called-foul-cavaliers-at-pistons/
11,02/27/26,MEM,DAL,Foul,DAL,Lost,3,03:22.0,https://official.nba.com/archive/54388-challenge-of-called-foul-grizzlies-at-mavericks/
12,02/27/26,CLE,DET,Foul,CLE,Won,4,01:25.0,https://official.nba.com/archive/54387-challenge-of-called-foul-cavaliers-at-pistons/
13,02/27/26,CLE,DET,Possession,CLE,Won,4,03:41.0,https://official.nba.com/archive/54385-challenge-oob-cavaliers-at-pistons/
14,02/27/26,BKN,BOS,Possession,BOS,Won,3,04:35.0,https://official.nba.com/archive/54383-challenge-oob-nets-at-celtics/
15,02/26/26,MIN,LAC,Foul,MIN,Won,4,09:12.0,https://official.nba.com/archive/challenge-of-called-foul-timberwolves-clippers-2/
16,02/26/26,LAL,PHX,Foul,PHX,Won,3,00:24.7,https://official.nba.com/archive/54374-challenge-of-called-foul-lakers-at-suns/
17,02/26/26,NOP,UTA,Foul,UTA,Won,2,00:42.3,https://official.nba.com/archive/challenge-of-called-foul-pelicans-jazz-3/
18,02/26/26,POR,CHI,Foul,CHI,Won,4,06:48.0,https://official.nba.com/archive/challenge-of-called-foul-trail-blazers-bulls/
19,02/26/26,POR,CHI,Possession,POR,Won,4,06:59.0,https://official.nba.com/archive/challenge-oob-trail-blazers-bulls-2/
20,02/26/26,LAL,PHX,Foul,LAL,Lost,2,01:46.0,https://official.nba.com/archive/challenge-of-called-foul-lakers-suns/
21,02/26/26,LAL,PHX,Possession,PHX,Won,2,04:26.0,https://official.nba.com/archive/challenge-oob-lakers-suns-6/
22,02/26/26,NOP,UTA,Foul,UTA,Won,2,08:55.0,https://official.nba.com/archive/challenge-of-called-foul-pelicans-jazz-2/
23,02/26/26,WAS,ATL,Possession,WAS,Won,3,09:34.0,https://official.nba.com/archive/challenge-oob-wizards-hawks-2/
24,02/26/26,CHA,IND,Foul,CHA,Won,3,08:24.0,https://official.nba.com/archive/challenge-of-called-foul-hornets-pacers-8/
25,02/26/26,HOU,ORL,Possession,HOU,Lost,1,00:32.2,https://official.nba.com/archive/challenge-oob-rockets-magic/
26,02/26/26,CHA,IND,Foul,IND,Won,2,01:41.0,https://official.nba.com/archive/challenge-of-called-foul-hornets-pacers-7/
27,02/25/26,BOS,DEN,Possession,DEN,Won,2,06:09.0,https://official.nba.com/archive/challenge-oob-celtics-nuggets-2/
28,02/25/26,CLE,MIL,Possession,CLE,Lost,4,01:39.0,https://official.nba.com/archive/54351-challenge-oob-cavaliers-at-bucks/
29,02/25/26,GSW,MEM,Foul,GSW,Won,3,01:39.0,https://official.nba.com/archive/challenge-of-called-foul-warriors-grizzlies-3/
30,02/25/26,SAS,TOR,Possession,TOR,Won,1,03:38.0,https://official.nba.com/archive/challenge-oob-spurs-raptors/
31,02/24/26,ORL,LAL,Foul,ORL,Won,4,01:05.0,https://official.nba.com/archive/challenge-of-called-foul-magic-lakers-3/
32,02/24/26,MIN,POR,Foul,MIN,Won,4,05:26.0,https://official.nba.com/archive/challenge-of-called-foul-timberwolves-trail-blazers-4/
33,02/24/26,BOS,PHX,Possession,PHX,Won,3,08:34.0,https://official.nba.com/archive/challenge-oob-celtics-suns-2/
34,02/24/26,GSW,NOP,Foul,NOP,Won,4,06:49.0,https://official.nba.com/archive/challenge-of-called-foul-warriors-pelicans-9/
35,02/24/26,MIA,MIL,Foul,MIA,Lost,4,05:44.0,https://official.nba.com/archive/challenge-of-called-foul-heat-bucks-9/
36,02/24/26,NYK,CLE,Foul,CLE,Won,4,05:10.0,https://official.nba.com/archive/challenge-of-called-foul-knicks-cavaliers-3/
37,02/24/26,BOS,PHX,Foul,BOS,Lost,2,02:36.0,https://official.nba.com/archive/challenge-of-called-foul-celtics-suns-2/
38,02/24/26,NYK,CLE,Foul,CLE,Won,4,06:27.0,https://official.nba.com/archive/challenge-of-called-foul-knicks-cavaliers/
39,02/24/26,OKC,TOR,Foul,OKC,Won,4,07:17.0,https://official.nba.com/archive/challenge-of-called-foul-thunder-raptors-5/
40,02/24/26,OKC,TOR,Foul,OKC,Won,3,00:28.4,https://official.nba.com/archive/challenge-of-called-foul-thunder-raptors-4/
41,02/24/26,OKC,TOR,Foul,TOR,Lost,3,04:38.0,https://official.nba.com/archive/challenge-of-called-foul-thunder-raptors-3/
42,02/24/26,GSW,NOP,Foul,NOP,Won,2,02:42.0,https://official.nba.com/archive/challenge-of-called-foul-warriors-pelicans-8/
43,02/24/26,DAL,BKN,Foul,DAL,Lost,3,10:21.0,https://official.nba.com/archive/challenge-of-called-foul-mavericks-nets-2/
44,02/24/26,GSW,NOP,Possession,GSW,Won,2,07:42.0,https://official.nba.com/archive/challenge-oob-warriors-pelicans-3/
45,02/24/26,PHI,IND,Foul,PHI,Won,3,06:18.0,https://official.nba.com/archive/challenge-of-called-foul-76ers-pacers-3/
46,02/24/26,CHA,CHI,Possession,CHI,Won,1,05:18.0,https://official.nba.com/archive/challenge-oob-hornets-bulls-2/
47,02/24/26,PHI,IND,Foul,IND,Lost,2,00:54.4,https://official.nba.com/archive/challenge-of-called-foul-76ers-pacers-2/
48,02/23/26,UTA,HOU,Foul,UTA,Won,4,05:55.0,https://official.nba.com/archive/challenge-of-called-foul-jazz-rockets-2/
49,02/23/26,UTA,HOU,Possession,UTA,Won,3,04:44.0,https://official.nba.com/archive/54305-challenge-oob-jazz-at-rockets/
50,02/23/26,SAS,DET,Foul,SAS,Lost,4,02:54.0,https://official.nba.com/archive/54303-challenge-of-called-foul-spurs-at-pistons/
51,02/23/26,SAC,MEM,Foul,MEM,Lost,3,09:36.0,https://official.nba.com/archive/challenge-of-called-foul-kings-grizzlies-6/
52,02/23/26,SAS,DET,Foul,DET,Lost,3,01:06.0,https://official.nba.com/archive/challenge-of-called-foul-spurs-pistons-2/
53,02/22/26,NYK,CHI,Possession,CHI,Won,4,03:03.0,https://official.nba.com/archive/challenge-oob-knicks-bulls-3/
54,02/22/26,POR,PHX,Foul,PHX,Lost,4,09:50.0,https://official.nba.com/archive/challenge-of-called-foul-trail-blazers-suns-5/
55,02/22/26,NYK,CHI,Possession,NYK,Won,3,08:55.0,https://official.nba.com/archive/challenge-oob-knicks-bulls-2/
56,02/22/26,BOS,LAL,Foul,LAL,Won,3,03:37.0,https://official.nba.com/archive/challenge-of-called-foul-celtics-lakers-4/
57,02/22/26,PHI,MIN,Possession,MIN,Won,2,01:28.0,https://official.nba.com/archive/challenge-oob-76ers-timberwolves/
58,02/22/26,PHI,MIN,Foul,PHI,Won,2,01:52.0,https://official.nba.com/archive/challenge-of-called-foul-76ers-timberwolves/
59,02/22/26,CHA,WAS,Foul,WAS,Won,3,06:23.0,https://official.nba.com/archive/challenge-of-called-foul-hornets-wizards-5/
60,02/22/26,DAL,IND,Foul,IND,Lost,4,01:24.0,https://official.nba.com/archive/challenge-of-called-foul-mavericks-pacers-3/
61,02/22/26,CHA,WAS,Foul,CHA,Won,2,09:29.0,https://official.nba.com/archive/challenge-of-called-foul-hornets-wizards-6/
62,02/22/26,DAL,IND,Foul,DAL,Won,3,07:01.0,https://official.nba.com/archive/challenge-of-called-foul-mavericks-pacers-4/
63,02/22/26,TOR,MIL,Goaltending,MIL,Won,3,01:46.0,https://official.nba.com/archive/54275-challenge-goaltending-bi-raptors-at-bucks/
64,02/22/26,CLE,OKC,Foul,CLE,Won,4,00:28.1,https://official.nba.com/archive/challenge-of-called-foul-cavaliers-thunder-3/
65,02/22/26,CLE,OKC,Possession,CLE,Won,3,02:11.0,https://official.nba.com/archive/challenge-oob-cavaliers-thunder-2/
66,02/21/26,HOU,NYK,Foul,HOU,Lost,4,00:48.4,https://official.nba.com/archive/challenge-of-called-foul-rockets-knicks-5/
67,02/21/26,HOU,NYK,Foul,NYK,Won,1,07:55.0,https://official.nba.com/archive/challenge-of-called-foul-rockets-knicks-4/
68,02/21/26,SAC,SAS,Possession,SAS,Won,1,05:38.0,https://official.nba.com/archive/challenge-oob-kings-spurs-3/
69,02/21/26,MEM,MIA,Foul,MEM,Lost,1,08:45.0,https://official.nba.com/archive/challenge-of-called-foul-grizzlies-heat-2/
70,02/21/26,ORL,PHX,Possession,PHX,Lost,3,08:24.0,https://official.nba.com/archive/challenge-oob-magic-suns/
71,02/21/26,ORL,PHX,Possession,ORL,Won,1,10:51.0,https://official.nba.com/archive/challenge-oob-magic-suns-2/
72,02/20/26,LAC,LAL,Foul,LAC,Lost,4,01:49.0,https://official.nba.com/archive/challenge-of-called-foul-clippers-lakers-4/
73,02/20/26,DEN,POR,Foul,POR,Won,3,02:04.0,https://official.nba.com/archive/challenge-of-called-foul-nuggets-trail-blazers-6/
74,02/20/26,LAC,LAL,Possession,LAL,Won,3,11:04.0,https://official.nba.com/archive/challenge-oob-clippers-lakers-2/
75,02/20/26,MIL,NOP,Possession,NOP,Lost,3,02:56.0,https://official.nba.com/archive/challenge-oob-bucks-pelicans/
76,02/20/26,BKN,OKC,Possession,BKN,Won,3,09:09.0,https://official.nba.com/archive/challenge-oob-nets-thunder/
77,02/20/26,UTA,MEM,Foul,MEM,Won,4,05:50.0,https://official.nba.com/archive/challenge-of-called-foul-jazz-grizzlies-11/
78,02/20/26,MIA,ATL,Foul,ATL,Lost,3,09:23.0,https://official.nba.com/archive/challenge-of-called-foul-heat-hawks-11/
79,02/20/26,IND,WAS,Possession,IND,Lost,3,07:00.0,https://official.nba.com/archive/challenge-oob-pacers-wizards-2/
80,02/20/26,BKN,OKC,Foul,OKC,Lost,1,05:58.0,https://official.nba.com/archive/challenge-of-called-foul-nets-thunder-2/
81,02/20/26,CLE,CHA,Foul,CLE,Lost,2,00:16.0,https://official.nba.com/archive/challenge-of-called-foul-cavaliers-hornets-9/
82,02/19/26,DEN,LAC,Foul,LAC,Lost,4,08:01.0,https://official.nba.com/archive/challenge-of-called-foul-nuggets-clippers-5/
83,02/19/26,ORL,SAC,Foul,ORL,Won,2,03:12.0,https://official.nba.com/archive/challenge-of-called-foul-magic-kings-2/
84,02/19/26,BOS,GSW,Foul,BOS,Won,2,06:28.0,https://official.nba.com/archive/challenge-of-called-foul-celtics-warriors-2/
85,02/19/26,TOR,CHI,Foul,TOR,Lost,4,04:19.0,https://official.nba.com/archive/challenge-of-called-foul-raptors-bulls-4/
86,02/19/26,DET,NYK,Foul,DET,Lost,4,06:32.0,https://official.nba.com/archive/challenge-of-called-foul-pistons-knicks-12/
87,02/19/26,TOR,CHI,Foul,CHI,Lost,3,10:01.0,https://official.nba.com/archive/challenge-of-called-foul-raptors-bulls-3/
88,02/19/26,ATL,PHI,Foul,PHI,Won,4,00:51.5,https://official.nba.com/archive/challenge-of-called-foul-hawks-76ers-6/
89,02/19/26,HOU,CHA,Foul,HOU,Won,4,06:37.0,https://official.nba.com/archive/challenge-of-called-foul-rockets-hornets/
90,02/19/26,PHX,SAS,Possession,PHX,Won,1,06:00.0,https://official.nba.com/archive/challenge-oob-suns-spurs-2/
91,02/19/26,BKN,CLE,Foul,CLE,Lost,3,02:41.0,https://official.nba.com/archive/challenge-of-called-foul-nets-cavaliers-3/
92,02/19/26,HOU,CHA,Possession,CHA,Won,3,04:12.0,https://official.nba.com/archive/challenge-oob-rockets-hornets/
93,02/19/26,DET,NYK,Foul,DET,Won,2,08:23.0,https://official.nba.com/archive/challenge-of-called-foul-pistons-knicks-11/
94,02/19/26,ATL,PHI,Foul,ATL,Lost,1,02:36.0,https://official.nba.com/archive/challenge-of-called-foul-hawks-76ers-5/
95,02/12/26,DAL,LAL,Foul,DAL,Won,4,09:41.0,https://official.nba.com/archive/challenge-of-called-foul-mavericks-lakers-3/
96,02/12/26,POR,UTA,Foul,POR,Lost,2,03:22.0,https://official.nba.com/archive/54184-challenge-of-called-foul-trail-blazers-at-jazz/
97,02/12/26,POR,UTA,Foul,UTA,Won,1,04:08.0,https://official.nba.com/archive/54183-challenge-of-called-foul-trail-blazers-at-jazz/
98,02/12/26,MIL,OKC,Possession,OKC,Won,3,06:48.0,https://official.nba.com/archive/challenge-oob-bucks-thunder/
99,02/11/26,SAS,GSW,Foul,GSW,Lost,4,10:05.0,https://official.nba.com/archive/challenge-of-called-foul-spurs-warriors-3/
100,02/11/26,MEM,DEN,Foul,MEM,Lost,4,09:33.0,https://official.nba.com/archive/challenge-of-called-foul-grizzlies-nuggets-6/
101,02/11/26,SAS,GSW,Foul,SAS,Won,2,08:15.0,https://official.nba.com/archive/challenge-of-called-foul-spurs-warriors-2/
102,02/11/26,OKC,PHX,Foul,PHX,Lost,3,06:22.0,https://official.nba.com/archive/challenge-of-called-foul-thunder-suns-6/
103,02/11/26,LAC,HOU,Foul,HOU,Lost,4,08:21.0,https://official.nba.com/archive/challenge-of-called-foul-clippers-rockets-11/
104,02/11/26,POR,MIN,Foul,MIN,Lost,4,09:37.0,https://official.nba.com/archive/challenge-of-called-foul-trail-blazers-timberwolves-9/
105,02/11/26,IND,BKN,Possession,BKN,Won,4,05:05.0,https://official.nba.com/archive/54169-challenge-oob-pacers-at-nets/
106,02/11/26,MEM,DEN,Foul,DEN,Won,1,02:32.0,https://official.nba.com/archive/challenge-of-called-foul-grizzlies-nuggets-3/
107,02/11/26,MEM,DEN,Foul,MEM,Won,1,03:17.0,https://official.nba.com/archive/54166-challenge-of-called-foul-grizzlies-at-nuggets/
108,02/11/26,ATL,CHA,Foul,ATL,Won,4,02:27.0,https://official.nba.com/archive/challenge-of-called-foul-hawks-hornets-7/
109,02/11/26,ATL,CHA,Foul,ATL,Won,4,02:30.0,https://official.nba.com/archive/challenge-of-called-foul-hawks-hornets-6/
110,02/11/26,MIL,ORL,Foul,ORL,Lost,4,01:13.0,https://official.nba.com/archive/challenge-of-called-foul-bucks-magic-7/
111,02/11/26,DET,TOR,Foul,DET,Won,3,04:13.0,https://official.nba.com/archive/challenge-of-called-foul-pistons-raptors/
112,02/11/26,CHI,BOS,Possession,BOS,Won,3,05:03.0,https://official.nba.com/archive/challenge-oob-bulls-celtics-2/
113,02/11/26,LAC,HOU,Foul,LAC,Lost,2,03:14.0,https://official.nba.com/archive/54156-challenge-of-called-foul-clippers-at-rockets/
114,02/11/26,POR,MIN,Foul,MIN,Won,2,07:56.0,https://official.nba.com/archive/54155-challenge-of-called-foul-trail-blazers-at-timberwolves/
115,02/11/26,IND,BKN,Foul,IND,Won,2,01:08.0,https://official.nba.com/archive/challenge-of-called-foul-pacers-nets-2/
116,02/11/26,ATL,CHA,Possession,CHA,Won,3,09:09.0,https://official.nba.com/archive/challenge-oob-hawks-hornets-4/
117,02/11/26,MIA,NOP,Possession,MIA,Won,1,06:55.0,https://official.nba.com/archive/challenge-oob-heat-pelicans/
118,02/11/26,NYK,PHI,Foul,PHI,Won,2,11:12.0,https://official.nba.com/archive/54149-challenge-of-called-foul-knicks-at-76ers/
119,02/11/26,WAS,CLE,Foul,WAS,Lost,2,04:21.0,https://official.nba.com/archive/54146-challenge-of-called-foul-wizards-at-cavaliers/
120,02/11/26,WAS,CLE,Possession,CLE,Won,1,10:04.0,https://official.nba.com/archive/challenge-oob-wizards-cavaliers/
121,02/11/26,MIL,ORL,Possession,MIL,Won,1,09:20.0,https://official.nba.com/archive/challenge-oob-bucks-magic-2/
122,02/10/26,DAL,PHX,Possession,PHX,Won,4,02:35.0,https://official.nba.com/archive/challenge-oob-mavericks-suns/
123,02/10/26,DAL,PHX,Foul,DAL,Won,4,11:18.0,https://official.nba.com/archive/challenge-of-called-foul-mavericks-suns-4/
124,02/10/26,LAC,HOU,Foul,LAC,Won,4,06:00.0,https://official.nba.com/archive/challenge-of-called-foul-clippers-rockets-9/
125,02/10/26,IND,NYK,Foul,NYK,Won,4,00:42.3,https://official.nba.com/archive/challenge-of-called-foul-pacers-knicks-12/
126,02/10/26,LAC,HOU,Foul,LAC,Won,3,07:13.0,https://official.nba.com/archive/challenge-of-called-foul-clippers-rockets-8/
127,02/10/26,IND,NYK,Foul,IND,Won,3,08:47.0,https://official.nba.com/archive/challenge-of-called-foul-pacers-knicks-11/
128,02/10/26,LAC,HOU,Foul,HOU,Won,2,06:07.0,https://official.nba.com/archive/challenge-of-called-foul-clippers-rockets-7/
129,02/09/26,OKC,LAL,Foul,OKC,Lost,4,02:46.0,https://official.nba.com/archive/challenge-of-called-foul-thunder-lakers-3/
130,02/09/26,PHI,POR,Foul,POR,Lost,4,02:20.0,https://official.nba.com/archive/challenge-of-called-foul-76ers-trail-blazers-3/
131,02/09/26,MEM,GSW,Possession,GSW,Won,4,01:25.0,https://official.nba.com/archive/challenge-oob-grizzlies-warriors-3/
132,02/09/26,OKC,LAL,Possession,LAL,Won,4,08:07.0,https://official.nba.com/archive/challenge-oob-thunder-lakers/
133,02/09/26,PHI,POR,Foul,PHI,Won,4,09:40.0,https://official.nba.com/archive/challenge-of-called-foul-76ers-trail-blazers-4/
134,02/09/26,MEM,GSW,Foul,GSW,Won,4,07:02.0,https://official.nba.com/archive/challenge-of-called-foul-grizzlies-warriors-7/
135,02/09/26,OKC,LAL,Foul,LAL,Won,4,11:05.0,https://official.nba.com/archive/challenge-of-called-foul-thunder-lakers-2/
136,02/09/26,CLE,DEN,Foul,CLE,Lost,4,01:47.0,https://official.nba.com/archive/challenge-of-called-foul-cavaliers-nuggets-3/
137,02/09/26,PHI,POR,Possession,POR,Won,3,09:30.0,https://official.nba.com/archive/challenge-oob-76ers-trail-blazers-2/
138,02/09/26,CLE,DEN,Foul,DEN,Won,4,04:25.0,https://official.nba.com/archive/challenge-of-called-foul-cavaliers-nuggets-2/
139,02/09/26,ATL,MIN,Possession,ATL,Won,4,04:53.0,https://official.nba.com/archive/challenge-oob-hawks-timberwolves-5/
140,02/09/26,MIL,ORL,Foul,MIL,Lost,4,02:11.0,https://official.nba.com/archive/challenge-of-called-foul-bucks-magic-6/
141,02/09/26,SAC,NOP,Possession,NOP,Lost,3,06:46.0,https://official.nba.com/archive/challenge-oob-kings-pelicans/
142,02/09/26,DET,CHA,Possession,DET,Won,3,03:47.0,https://official.nba.com/archive/54108-challenge-oob-pistons-at-hornets/
143,02/09/26,SAC,NOP,Foul,SAC,Lost,2,06:38.0,https://official.nba.com/archive/challenge-of-called-foul-kings-pelicans-8/
144,02/09/26,MIL,ORL,Possession,MIL,Won,2,01:23.0,https://official.nba.com/archive/challenge-oob-bucks-magic/
145,02/09/26,CHI,BKN,Foul,BKN,Won,2,09:42.0,https://official.nba.com/archive/challenge-of-called-foul-bulls-nets-5/
146,02/09/26,DET,CHA,Foul,CHA,Won,2,04:24.0,https://official.nba.com/archive/challenge-of-called-foul-pistons-hornets-4/
147,02/08/26,LAC,MIN,Possession,MIN,Won,3,05:49.0,https://official.nba.com/archive/challenge-oob-clippers-timberwolves-2/
148,02/08/26,IND,TOR,Foul,TOR,Lost,2,09:04.0,https://official.nba.com/archive/54093-challenge-of-called-foul-pacers-at-raptors/
149,02/08/26,NYK,BOS,Possession,BOS,Won,4,08:45.0,https://official.nba.com/archive/challenge-oob-knicks-celtics-2/
150,02/08/26,NYK,BOS,Foul,NYK,Won,3,08:04.0,https://official.nba.com/archive/challenge-of-called-foul-knicks-celtics-8/
151,02/07/26,CLE,SAC,Foul,CLE,Lost,4,10:04.0,https://official.nba.com/archive/54090-challenge-of-called-foul-cavaliers-at-kings/
152,02/07/26,MEM,POR,Possession,POR,Lost,3,03:34.0,https://official.nba.com/archive/54089-challenge-oob-grizzlies-at-trail-blazers/
153,02/07/26,PHI,PHX,Foul,PHX,Won,4,05:34.0,https://official.nba.com/archive/54085-challenge-of-called-foul-76ers-at-suns/
154,02/07/26,PHI,PHX,Foul,PHI,Lost,4,09:27.0,https://official.nba.com/archive/challenge-of-called-foul-76ers-suns-2/
155,02/07/26,GSW,LAL,Foul,GSW,Lost,4,01:42.0,https://official.nba.com/archive/challenge-of-called-foul-warriors-lakers-7/
156,02/07/26,MEM,POR,Foul,MEM,Won,2,10:43.0,https://official.nba.com/archive/challenge-of-called-foul-grizzlies-trail-blazers-3/
157,02/07/26,CHA,ATL,Possession,CHA,Won,4,00:10.9,https://official.nba.com/archive/challenge-oob-hornets-hawks-2/
158,02/07/26,PHI,PHX,Possession,PHI,Won,1,02:04.0,https://official.nba.com/archive/challenge-oob-76ers-suns/
159,02/07/26,GSW,LAL,Foul,GSW,Won,2,02:44.0,https://official.nba.com/archive/challenge-of-called-foul-warriors-lakers-6/
160,02/07/26,CHA,ATL,Possession,CHA,Won,1,01:49.0,https://official.nba.com/archive/challenge-oob-hornets-hawks/
161,02/07/26,UTA,ORL,Foul,ORL,Lost,2,04:33.0,https://official.nba.com/archive/challenge-of-called-foul-jazz-magic-4/
162,02/07/26,DAL,SAS,Possession,SAS,Won,3,01:23.0,https://official.nba.com/archive/challenge-oob-mavericks-spurs-3/
163,02/07/26,UTA,ORL,Foul,UTA,Lost,2,05:40.0,https://official.nba.com/archive/challenge-of-called-foul-jazz-magic-3/
164,02/07/26,UTA,ORL,Foul,UTA,Won,1,05:26.0,https://official.nba.com/archive/54067-challenge-of-called-foul-jazz-at-magic/
165,02/07/26,HOU,OKC,Foul,OKC,Lost,4,00:02.7,https://official.nba.com/archive/challenge-of-called-foul-rockets-thunder-10/
166,02/07/26,HOU,OKC,Foul,OKC,Won,4,03:19.0,https://official.nba.com/archive/54065-challenge-of-called-foul-rockets-at-thunder/
167,02/07/26,HOU,OKC,Foul,HOU,Lost,4,04:18.0,https://official.nba.com/archive/challenge-of-called-foul-rockets-thunder-8/
168,02/07/26,WAS,BKN,Foul,WAS,Lost,2,03:48.0,https://official.nba.com/archive/challenge-of-called-foul-wizards-nets-2/
169,02/07/26,WAS,BKN,Possession,BKN,Won,2,08:10.0,https://official.nba.com/archive/challenge-oob-wizards-nets/
170,02/06/26,MEM,POR,Possession,MEM,Won,4,09:22.0,https://official.nba.com/archive/54057-challenge-oob-grizzlies-at-trail-blazers/
171,02/06/26,LAC,SAC,Goaltending,LAC,Lost,1,05:17.0,https://official.nba.com/archive/54055-challenge-goaltending-bi-clippers-at-kings/
172,02/06/26,MIA,BOS,Foul,BOS,Lost,4,00:40.9,https://official.nba.com/archive/challenge-of-called-foul-heat-celtics-3/
173,02/06/26,IND,MIL,Possession,MIL,Won,3,07:01.0,https://official.nba.com/archive/challenge-oob-pacers-bucks-2/
174,02/06/26,NYK,DET,Foul,DET,Lost,3,08:44.0,https://official.nba.com/archive/challenge-of-called-foul-knicks-pistons-10/
175,02/06/26,NOP,MIN,Possession,MIN,Won,2,05:27.0,https://official.nba.com/archive/challenge-oob-pelicans-timberwolves/
176,02/06/26,NYK,DET,Foul,NYK,Won,2,04:22.0,https://official.nba.com/archive/challenge-of-called-foul-knicks-pistons-9/
177,02/06/26,MIA,BOS,Foul,MIA,Won,2,06:43.0,https://official.nba.com/archive/challenge-of-called-foul-heat-celtics-2/
178,02/05/26,PHI,LAL,Foul,PHI,Lost,4,05:37.0,https://official.nba.com/archive/54041-challenge-of-called-foul-76ers-at-lakers/
179,02/05/26,GSW,PHX,Possession,PHX,Won,4,04:39.0,https://official.nba.com/archive/challenge-oob-warriors-suns-3/
180,02/05/26,PHI,LAL,Foul,LAL,Won,4,09:15.0,https://official.nba.com/archive/challenge-of-called-foul-76ers-lakers-2/
181,02/05/26,PHI,LAL,Possession,PHI,Won,1,08:20.0,https://official.nba.com/archive/challenge-oob-76ers-lakers-2/
182,02/05/26,CHA,HOU,Possession,CHA,Lost,3,04:20.0,https://official.nba.com/archive/54033-challenge-oob-hornets-at-rockets/
183,02/05/26,BKN,ORL,Possession,BKN,Lost,4,07:48.0,https://official.nba.com/archive/challenge-oob-nets-magic-2/
184,02/05/26,BKN,ORL,Possession,BKN,Won,3,01:52.0,https://official.nba.com/archive/54026-challenge-oob-nets-at-magic/
185,02/05/26,CHA,HOU,Foul,HOU,Lost,2,00:01.7,https://official.nba.com/archive/challenge-of-called-foul-hornets-rockets-2/
186,02/05/26,BKN,ORL,Foul,ORL,Lost,3,04:40.0,https://official.nba.com/archive/challenge-of-called-foul-nets-magic-9/
187,02/05/26,SAS,DAL,Foul,DAL,Won,1,07:40.0,https://official.nba.com/archive/challenge-of-called-foul-spurs-mavericks/
188,02/05/26,UTA,ATL,Foul,ATL,Lost,2,04:43.0,https://official.nba.com/archive/54022-challenge-of-called-foul-jazz-at-hawks/
189,02/05/26,WAS,DET,Foul,DET,Won,2,00:43.7,https://official.nba.com/archive/challenge-of-called-foul-wizards-pistons-5/
190,02/05/26,UTA,ATL,Possession,UTA,Won,1,11:40.0,https://official.nba.com/archive/challenge-oob-jazz-hawks-3/
191,02/04/26,OKC,SAS,Foul,SAS,Won,3,01:11.0,https://official.nba.com/archive/challenge-of-called-foul-thunder-spurs-9/
192,02/04/26,OKC,SAS,Foul,OKC,Won,3,02:44.0,https://official.nba.com/archive/challenge-of-called-foul-thunder-spurs-8/
193,02/04/26,MEM,SAC,Foul,MEM,Lost,2,01:20.0,https://official.nba.com/archive/challenge-of-called-foul-grizzlies-kings-2/
194,02/04/26,OKC,SAS,Foul,OKC,Won,1,04:26.0,https://official.nba.com/archive/challenge-of-called-foul-thunder-spurs-7/
195,02/04/26,DEN,NYK,Foul,DEN,Won,5,01:31.0,https://official.nba.com/archive/challenge-of-called-foul-nuggets-knicks-2/
196,02/04/26,NOP,MIL,Possession,NOP,Lost,3,05:36.0,https://official.nba.com/archive/53999-challenge-oob-pelicans-at-bucks/
197,02/04/26,MIN,TOR,Possession,TOR,Won,4,07:04.0,https://official.nba.com/archive/53998-challenge-oob-timberwolves-at-raptors/
198,02/04/26,BOS,HOU,Foul,HOU,Lost,1,05:23.0,https://official.nba.com/archive/challenge-of-called-foul-celtics-rockets-4/
199,02/04/26,DEN,NYK,Foul,DEN,Won,1,08:46.0,https://official.nba.com/archive/challenge-of-called-foul-nuggets-knicks-3/
200,02/03/26,PHX,POR,Possession,POR,Won,4,02:29.0,https://official.nba.com/archive/53991-challenge-oob-suns-at-trail-blazers/
201,02/03/26,PHX,POR,Possession,PHX,Won,4,05:29.0,https://official.nba.com/archive/challenge-oob-suns-trail-blazers-2/
202,02/03/26,PHI,GSW,Goaltending,GSW,Won,3,04:10.0,https://official.nba.com/archive/challenge-goaltending-bi-76ers-warriors/
203,02/03/26,BOS,DAL,Foul,BOS,Won,4,02:47.0,https://official.nba.com/archive/challenge-of-called-foul-celtics-mavericks-6/
204,02/03/26,BOS,DAL,Foul,BOS,Won,3,00:31.7,https://official.nba.com/archive/challenge-of-called-foul-celtics-mavericks-7/
205,02/03/26,ORL,OKC,Possession,OKC,Lost,3,05:23.0,https://official.nba.com/archive/challenge-oob-magic-thunder/
206,02/03/26,ORL,OKC,Foul,ORL,Won,3,06:21.0,https://official.nba.com/archive/challenge-of-called-foul-magic-thunder-4/
207,02/03/26,DEN,DET,Possession,DEN,Lost,4,09:27.0,https://official.nba.com/archive/challenge-oob-nuggets-pistons-3/
208,02/03/26,NYK,WAS,Possession,NYK,Won,4,06:58.0,https://official.nba.com/archive/challenge-oob-knicks-wizards-2/
209,02/03/26,LAL,BKN,Foul,LAL,Lost,3,07:18.0,https://official.nba.com/archive/challenge-of-called-foul-lakers-nets-3/
210,02/03/26,BOS,DAL,Foul,DAL,Won,2,01:27.0,https://official.nba.com/archive/53975-challenge-of-called-foul-celtics-at-mavericks/
211,02/03/26,DEN,DET,Foul,DET,Lost,4,11:08.0,https://official.nba.com/archive/challenge-of-called-foul-nuggets-pistons-3/
212,02/03/26,DEN,DET,Foul,DEN,Won,3,04:49.0,https://official.nba.com/archive/challenge-of-called-foul-nuggets-pistons-2/
213,02/03/26,NYK,WAS,Possession,WAS,Won,3,04:29.0,https://official.nba.com/archive/challenge-oob-knicks-wizards/
214,02/02/26,PHI,LAC,Foul,LAC,Lost,3,07:10.0,https://official.nba.com/archive/53961-challenge-of-called-foul-76ers-at-clippers/
215,02/02/26,PHI,LAC,Foul,LAC,Won,3,08:30.0,https://official.nba.com/archive/challenge-of-called-foul-76ers-clippers-2/
216,02/02/26,MIN,MEM,Foul,MEM,Lost,4,09:23.0,https://official.nba.com/archive/53959-challenge-of-called-foul-timberwolves-at-grizzlies/
217,02/02/26,MIN,MEM,Foul,MIN,Lost,4,09:35.0,https://official.nba.com/archive/challenge-of-called-foul-timberwolves-grizzlies-4/
218,02/02/26,HOU,IND,Foul,IND,Lost,3,08:21.0,https://official.nba.com/archive/challenge-of-called-foul-rockets-pacers/
219,02/02/26,MIN,MEM,Possession,MEM,Won,1,00:04.6,https://official.nba.com/archive/53954-challenge-oob-timberwolves-at-grizzlies/
220,02/02/26,NOP,CHA,Possession,NOP,Won,4,05:03.0,https://official.nba.com/archive/53951-challenge-oob-pelicans-at-hornets/
221,02/02/26,NOP,CHA,Foul,CHA,Lost,3,01:11.0,https://official.nba.com/archive/53950-challenge-of-called-foul-pelicans-at-hornets/
222,02/01/26,OKC,DEN,Foul,DEN,Won,2,01:58.0,https://official.nba.com/archive/challenge-of-called-foul-thunder-nuggets-8/
223,02/01/26,LAC,PHX,Foul,LAC,Lost,4,07:09.0,https://official.nba.com/archive/challenge-of-called-foul-clippers-suns-10/
224,02/01/26,ORL,SAS,Possession,ORL,Won,2,01:40.0,https://official.nba.com/archive/challenge-oob-magic-spurs/
225,02/01/26,CLE,POR,Foul,CLE,Won,2,04:32.0,https://official.nba.com/archive/challenge-of-called-foul-cavaliers-trail-blazers-2/
226,02/01/26,CLE,POR,Foul,POR,Lost,2,09:27.0,https://official.nba.com/archive/53942-challenge-of-called-foul-cavaliers-at-trail-blazers/
227,02/01/26,LAL,NYK,Foul,NYK,Won,4,06:20.0,https://official.nba.com/archive/challenge-of-called-foul-lakers-knicks-3/
228,02/01/26,LAC,PHX,Foul,LAC,Won,2,00:35.7,https://official.nba.com/archive/challenge-of-called-foul-clippers-suns-9/
229,02/01/26,LAC,PHX,Possession,PHX,Won,2,02:49.0,https://official.nba.com/archive/challenge-oob-clippers-suns-4/
230,02/01/26,SAC,WAS,Possession,SAC,Won,4,07:34.0,https://official.nba.com/archive/challenge-oob-kings-wizards-3/
231,02/01/26,UTA,TOR,Foul,UTA,Lost,3,01:01.0,https://official.nba.com/archive/challenge-of-called-foul-jazz-raptors/
232,02/01/26,SAC,WAS,Possession,WAS,Lost,2,05:01.0,https://official.nba.com/archive/challenge-oob-kings-wizards-2/
0,03/31/26,POR,LAC,Possession,POR,Lost,4,05:57.0,https://official.nba.com/archive/55043-challenge-oob-trail-blazers-at-clippers/
1,03/31/26,CLE,LAL,Foul,CLE,Won,4,06:16.0,https://official.nba.com/archive/challenge-of-called-foul-cavaliers-lakers-2/
2,03/31/26,CLE,LAL,Foul,LAL,Won,3,00:22.7,https://official.nba.com/archive/challenge-of-called-foul-cavaliers-lakers/
3,03/31/26,POR,LAC,Possession,LAC,Won,2,11:47.0,https://official.nba.com/archive/challenge-oob-trail-blazers-clippers-2/
4,03/31/26,TOR,DET,Foul,DET,Lost,3,02:19.0,https://official.nba.com/archive/55036-challenge-of-called-foul-raptors-at-pistons/
5,03/31/26,TOR,DET,Foul,DET,Won,3,05:11.0,https://official.nba.com/archive/challenge-of-called-foul-raptors-pistons-7/
6,03/31/26,NYK,HOU,Foul,HOU,Won,3,04:14.0,https://official.nba.com/archive/challenge-of-called-foul-knicks-rockets/
7,03/31/26,DAL,MIL,Foul,DAL,Lost,2,02:52.0,https://official.nba.com/archive/challenge-of-called-foul-mavericks-bucks-2/
8,03/31/26,DAL,MIL,Possession,DAL,Won,1,02:26.0,https://official.nba.com/archive/challenge-oob-mavericks-bucks-2/
9,03/31/26,PHX,ORL,Possession,PHX,Won,2,07:35.0,https://official.nba.com/archive/challenge-oob-suns-magic/
10,03/30/26,DET,OKC,Foul,DET,Lost,5,00:48.3,https://official.nba.com/archive/challenge-of-called-foul-pistons-thunder-6/
11,03/30/26,DET,OKC,Foul,OKC,Lost,4,08:27.0,https://official.nba.com/archive/challenge-of-called-foul-pistons-thunder-5/
12,03/30/26,WAS,LAL,Foul,LAL,Won,3,08:44.0,https://official.nba.com/archive/challenge-of-called-foul-wizards-lakers-5/
13,03/30/26,WAS,LAL,Foul,WAS,Won,2,07:09.0,https://official.nba.com/archive/challenge-of-called-foul-wizards-lakers-6/
14,03/30/26,CLE,UTA,Possession,CLE,Won,2,06:00.0,https://official.nba.com/archive/challenge-oob-cavaliers-jazz/
15,03/30/26,PHX,MEM,Possession,MEM,Won,3,05:17.0,https://official.nba.com/archive/challenge-oob-suns-grizzlies-2/
16,03/30/26,MIN,DAL,Possession,DAL,Lost,2,00:07.1,https://official.nba.com/archive/challenge-oob-timberwolves-mavericks-3/
17,03/30/26,PHI,MIA,Foul,PHI,Lost,4,04:08.0,https://official.nba.com/archive/challenge-of-called-foul-76ers-heat/
18,03/30/26,BOS,ATL,Foul,ATL,Lost,4,09:28.0,https://official.nba.com/archive/challenge-of-called-foul-celtics-hawks-2/
19,03/30/26,PHX,MEM,Possession,PHX,Won,2,00:47.1,https://official.nba.com/archive/challenge-oob-suns-grizzlies-3/
20,03/30/26,MIN,DAL,Possession,MIN,Lost,1,02:43.0,https://official.nba.com/archive/55004-challenge-oob-timberwolves-at-mavericks/
21,03/30/26,PHX,MEM,Possession,MEM,Won,1,06:13.0,https://official.nba.com/archive/challenge-oob-suns-grizzlies-4/
22,03/30/26,PHI,MIA,Foul,MIA,Lost,2,07:18.0,https://official.nba.com/archive/challenge-of-called-foul-76ers-heat-4/
23,03/29/26,GSW,DEN,Possession,GSW,Won,3,08:00.0,https://official.nba.com/archive/challenge-oob-warriors-nuggets/
24,03/29/26,NYK,OKC,Possession,OKC,Won,4,04:17.0,https://official.nba.com/archive/challenge-oob-knicks-thunder-2/
25,03/29/26,NYK,OKC,Possession,OKC,Lost,4,09:12.0,https://official.nba.com/archive/challenge-oob-knicks-thunder-3/
26,03/29/26,HOU,NOP,Possession,NOP,Won,4,09:14.0,https://official.nba.com/archive/challenge-oob-rockets-pelicans-5/
27,03/29/26,HOU,NOP,Foul,HOU,Won,4,10:35.0,https://official.nba.com/archive/challenge-of-called-foul-rockets-pelicans-3/
28,03/29/26,HOU,NOP,Possession,HOU,Won,3,05:51.0,https://official.nba.com/archive/challenge-oob-rockets-pelicans-6/
29,03/29/26,SAC,BKN,Possession,SAC,Won,4,05:13.0,https://official.nba.com/archive/challenge-oob-kings-nets/
30,03/29/26,SAC,BKN,Foul,BKN,Lost,3,01:07.0,https://official.nba.com/archive/54988-challenge-of-called-foul-kings-at-nets/
31,03/29/26,WAS,POR,Foul,WAS,Won,3,04:35.0,https://official.nba.com/archive/challenge-of-called-foul-wizards-trail-blazers-2/
32,03/29/26,SAC,BKN,Possession,BKN,Won,3,03:41.0,https://official.nba.com/archive/challenge-oob-kings-nets-2/
33,03/29/26,ORL,TOR,Foul,TOR,Lost,2,03:30.0,https://official.nba.com/archive/challenge-of-called-foul-magic-raptors-4/
34,03/29/26,WAS,POR,Foul,POR,Won,1,06:20.0,https://official.nba.com/archive/challenge-of-called-foul-wizards-trail-blazers-3/
35,03/29/26,LAC,MIL,Foul,LAC,Won,3,03:33.0,https://official.nba.com/archive/challenge-of-called-foul-clippers-bucks-2/
36,03/29/26,LAC,MIL,Foul,LAC,Won,1,00:18.0,https://official.nba.com/archive/challenge-of-called-foul-clippers-bucks-5/
37,03/28/26,CHI,MEM,Possession,MEM,Lost,4,09:54.0,https://official.nba.com/archive/54977-challenge-oob-bulls-at-grizzlies/
38,03/28/26,CHI,MEM,Possession,MEM,Won,2,08:42.0,https://official.nba.com/archive/challenge-oob-bulls-grizzlies/
39,03/28/26,PHI,CHA,Foul,CHA,Lost,4,01:08.0,https://official.nba.com/archive/challenge-of-called-foul-76ers-hornets-8/
40,03/28/26,PHI,CHA,Foul,PHI,Lost,4,07:17.0,https://official.nba.com/archive/challenge-of-called-foul-76ers-hornets-7/
41,03/28/26,SAC,ATL,Goaltending,SAC,Lost,1,06:33.0,https://official.nba.com/archive/challenge-goaltending-bi-kings-hawks/
42,03/28/26,PHI,CHA,Foul,PHI,Won,1,07:18.0,https://official.nba.com/archive/challenge-of-called-foul-76ers-hornets-6/
43,03/28/26,SAS,MIL,Goaltending,SAS,Won,3,10:11.0,https://official.nba.com/archive/challenge-goaltending-bi-spurs-bucks/
44,03/27/26,BKN,LAL,Foul,LAL,Won,3,09:46.0,https://official.nba.com/archive/challenge-of-called-foul-nets-lakers-4/
45,03/27/26,WAS,GSW,Foul,GSW,Lost,4,09:34.0,https://official.nba.com/archive/challenge-of-called-foul-wizards-warriors/
46,03/27/26,DAL,POR,Possession,POR,Won,3,01:53.0,https://official.nba.com/archive/challenge-oob-mavericks-trail-blazers-3/
47,03/27/26,CHI,OKC,Possession,OKC,Won,3,03:25.0,https://official.nba.com/archive/challenge-oob-bulls-thunder/
48,03/27/26,UTA,DEN,Foul,UTA,Won,1,00:49.6,https://official.nba.com/archive/challenge-of-called-foul-jazz-nuggets-5/
49,03/27/26,LAC,IND,Goaltending,LAC,Won,4,05:24.0,https://official.nba.com/archive/challenge-goaltending-bi-clippers-pacers/
50,03/27/26,CHI,OKC,Possession,CHI,Won,2,08:14.0,https://official.nba.com/archive/challenge-oob-bulls-thunder-2/
51,03/27/26,MIA,CLE,Foul,CLE,Lost,2,04:23.0,https://official.nba.com/archive/challenge-of-called-foul-heat-cavaliers-10/
52,03/27/26,ATL,BOS,Foul,ATL,Lost,2,10:41.0,https://official.nba.com/archive/challenge-of-called-foul-hawks-celtics-5/
53,03/27/26,MIA,CLE,Foul,MIA,Won,1,05:19.0,https://official.nba.com/archive/challenge-of-called-foul-heat-cavaliers-11/
54,03/26/26,SAC,ORL,Foul,SAC,Lost,3,00:16.8,https://official.nba.com/archive/challenge-of-called-foul-kings-magic-3/
55,03/26/26,SAC,ORL,Foul,SAC,Won,3,03:44.0,https://official.nba.com/archive/challenge-of-called-foul-kings-magic-2/
56,03/26/26,NYK,CHA,Foul,NYK,Won,3,09:35.0,https://official.nba.com/archive/54933-challenge-of-called-foul-knicks-at-hornets/
57,03/26/26,NOP,DET,Foul,DET,Won,2,04:40.0,https://official.nba.com/archive/challenge-of-called-foul-pelicans-pistons-4/
58,03/26/26,NOP,DET,Foul,NOP,Lost,1,05:08.0,https://official.nba.com/archive/challenge-of-called-foul-pelicans-pistons-3/
59,03/26/26,NOP,DET,Possession,DET,Won,1,09:04.0,https://official.nba.com/archive/challenge-oob-pelicans-pistons-2/
60,03/25/26,TOR,LAC,Foul,LAC,Won,4,08:47.0,https://official.nba.com/archive/challenge-of-called-foul-raptors-clippers-2/
61,03/25/26,DAL,DEN,Foul,DAL,Lost,4,00:52.8,https://official.nba.com/archive/challenge-of-called-foul-mavericks-nuggets-6/
62,03/25/26,HOU,MIN,Foul,MIN,Lost,5,04:13.0,https://official.nba.com/archive/challenge-of-called-foul-rockets-timberwolves-10/
63,03/25/26,TOR,LAC,Possession,LAC,Won,3,03:28.0,https://official.nba.com/archive/challenge-oob-raptors-clippers-2/
64,03/25/26,MIL,POR,Foul,POR,Won,3,00:37.2,https://official.nba.com/archive/challenge-of-called-foul-bucks-trail-blazers-4/
65,03/25/26,HOU,MIN,Foul,MIN,Won,4,11:32.0,https://official.nba.com/archive/challenge-of-called-foul-rockets-timberwolves-9/
66,03/25/26,BKN,GSW,Foul,BKN,Lost,2,00:05.0,https://official.nba.com/archive/challenge-of-called-foul-nets-warriors-2/
67,03/25/26,TOR,LAC,Foul,TOR,Won,1,06:56.0,https://official.nba.com/archive/challenge-of-called-foul-raptors-clippers-3/
68,03/25/26,BKN,GSW,Foul,BKN,Won,1,00:48.9,https://official.nba.com/archive/challenge-of-called-foul-nets-warriors/
69,03/25/26,MIL,POR,Foul,MIL,Won,1,08:39.0,https://official.nba.com/archive/challenge-of-called-foul-bucks-trail-blazers-3/
70,03/25/26,HOU,MIN,Foul,HOU,Lost,1,02:33.0,https://official.nba.com/archive/challenge-of-called-foul-rockets-timberwolves-8/
71,03/25/26,OKC,BOS,Foul,OKC,Lost,4,02:17.0,https://official.nba.com/archive/challenge-of-called-foul-thunder-celtics-3/
72,03/25/26,MIA,CLE,Foul,CLE,Lost,4,04:30.0,https://official.nba.com/archive/challenge-of-called-foul-heat-cavaliers-9/
73,03/25/26,WAS,UTA,Foul,UTA,Won,1,07:30.0,https://official.nba.com/archive/challenge-of-called-foul-wizards-jazz-2/
74,03/25/26,ATL,DET,Foul,DET,Won,4,04:42.0,https://official.nba.com/archive/challenge-of-called-foul-hawks-pistons-5/
75,03/25/26,SAS,MEM,Foul,MEM,Won,2,00:00.4,https://official.nba.com/archive/challenge-of-called-foul-spurs-grizzlies-4/
76,03/25/26,ATL,DET,Possession,ATL,Won,3,02:09.0,https://official.nba.com/archive/challenge-oob-hawks-pistons-3/
77,03/25/26,CHI,PHI,Possession,PHI,Won,3,07:35.0,https://official.nba.com/archive/challenge-oob-bulls-76ers-2/
78,03/25/26,MIA,CLE,Foul,MIA,Lost,2,01:34.0,https://official.nba.com/archive/challenge-of-called-foul-heat-cavaliers-8/
79,03/25/26,OKC,BOS,Goaltending,BOS,Lost,2,00:31.1,https://official.nba.com/archive/challenge-goaltending-bi-thunder-celtics/
80,03/24/26,DEN,PHX,Foul,PHX,Lost,2,08:04.0,https://official.nba.com/archive/challenge-of-called-foul-nuggets-suns-3/
81,03/24/26,ORL,CLE,Foul,ORL,Won,4,07:20.0,https://official.nba.com/archive/challenge-of-called-foul-magic-cavaliers-8/
82,03/24/26,NOP,NYK,Foul,NOP,Won,3,07:32.0,https://official.nba.com/archive/challenge-of-called-foul-pelicans-knicks-4/
83,03/24/26,SAC,CHA,Possession,SAC,Lost,3,03:31.0,https://official.nba.com/archive/challenge-oob-kings-hornets-2/
84,03/23/26,BKN,POR,Possession,POR,Won,3,06:51.0,https://official.nba.com/archive/challenge-oob-nets-trail-blazers/
85,03/23/26,TOR,UTA,Possession,TOR,Won,4,01:33.0,https://official.nba.com/archive/challenge-oob-raptors-jazz-2/
86,03/23/26,MIL,LAC,Foul,LAC,Won,2,02:23.0,https://official.nba.com/archive/challenge-of-called-foul-bucks-clippers-3/
87,03/23/26,BKN,POR,Foul,BKN,Won,2,05:36.0,https://official.nba.com/archive/challenge-of-called-foul-nets-trail-blazers-2/
88,03/23/26,GSW,DAL,Foul,GSW,Lost,2,06:22.0,https://official.nba.com/archive/challenge-of-called-foul-warriors-mavericks-8/
89,03/23/26,TOR,UTA,Foul,UTA,Won,2,03:56.0,https://official.nba.com/archive/challenge-of-called-foul-raptors-jazz-2/
90,03/23/26,IND,ORL,Goaltending,ORL,Lost,3,00:01.3,https://official.nba.com/archive/challenge-goaltending-bi-pacers-magic/
91,03/23/26,SAS,MIA,Possession,SAS,Lost,3,06:20.0,https://official.nba.com/archive/54866-challenge-oob-spurs-at-heat/
92,03/23/26,OKC,PHI,Foul,OKC,Won,3,04:12.0,https://official.nba.com/archive/challenge-of-called-foul-thunder-76ers-5/
93,03/23/26,MEM,ATL,Possession,MEM,Won,1,04:30.0,https://official.nba.com/archive/challenge-oob-grizzlies-hawks-2/
94,03/23/26,OKC,PHI,Foul,PHI,Lost,2,11:02.0,https://official.nba.com/archive/challenge-of-called-foul-thunder-76ers-4/
95,03/23/26,OKC,PHI,Foul,OKC,Won,1,01:22.0,https://official.nba.com/archive/challenge-of-called-foul-thunder-76ers-3/
96,03/23/26,LAL,DET,Foul,DET,Won,1,05:37.0,https://official.nba.com/archive/challenge-of-called-foul-lakers-pistons-2/
97,03/22/26,TOR,PHX,Possession,PHX,Lost,1,06:12.0,https://official.nba.com/archive/54855-challenge-oob-raptors-at-suns/
98,03/22/26,TOR,PHX,Possession,TOR,Won,1,07:56.0,https://official.nba.com/archive/challenge-oob-raptors-suns/
99,03/22/26,WAS,NYK,Possession,NYK,Won,3,03:17.0,https://official.nba.com/archive/challenge-oob-wizards-knicks-3/
100,03/22/26,BKN,SAC,Foul,BKN,Lost,4,00:06.2,https://official.nba.com/archive/54851-challenge-oob-nets-at-kings/
101,03/22/26,WAS,NYK,Foul,WAS,Lost,1,06:43.0,https://official.nba.com/archive/challenge-of-called-foul-wizards-knicks-4/
102,03/22/26,BKN,SAC,Foul,BKN,Won,3,07:25.0,https://official.nba.com/archive/challenge-of-called-foul-nets-kings/
103,03/22/26,POR,DEN,Foul,POR,Lost,2,00:12.9,https://official.nba.com/archive/challenge-of-called-foul-trail-blazers-nuggets-5/
104,03/21/26,MIL,PHX,Foul,PHX,Won,4,01:38.0,https://official.nba.com/archive/challenge-of-called-foul-bucks-suns-4/
105,03/21/26,LAC,DAL,Foul,LAC,Won,3,05:28.0,https://official.nba.com/archive/challenge-of-called-foul-clippers-mavericks-18/
106,03/21/26,PHI,UTA,Foul,UTA,Won,1,09:42.0,https://official.nba.com/archive/challenge-of-called-foul-76ers-jazz-4/
107,03/21/26,LAL,ORL,Possession,ORL,Lost,4,00:04.7,https://official.nba.com/archive/challenge-oob-lakers-magic-2/
108,03/21/26,CLE,NOP,Foul,CLE,Lost,4,01:13.0,https://official.nba.com/archive/challenge-of-called-foul-cavaliers-pelicans-4/
109,03/21/26,GSW,ATL,Foul,GSW,Lost,2,03:03.0,https://official.nba.com/archive/54828-challenge-of-called-foul-warriors-at-hawks/
110,03/21/26,GSW,ATL,Foul,ATL,Won,2,03:43.0,https://official.nba.com/archive/challenge-of-called-foul-warriors-hawks-5/
111,03/21/26,MEM,CHA,Possession,MEM,Won,3,02:33.0,https://official.nba.com/archive/challenge-oob-grizzlies-hornets-2/
112,03/21/26,MIA,HOU,Foul,HOU,Won,1,00:39.1,https://official.nba.com/archive/challenge-of-called-foul-heat-rockets-2/
113,03/21/26,MEM,CHA,Foul,MEM,Won,2,05:16.0,https://official.nba.com/archive/challenge-of-called-foul-grizzlies-hornets/
114,03/21/26,LAL,ORL,Foul,LAL,Lost,1,08:22.0,https://official.nba.com/archive/challenge-of-called-foul-lakers-magic/
115,03/21/26,OKC,WAS,Possession,OKC,Won,4,07:22.0,https://official.nba.com/archive/challenge-oob-thunder-wizards-2/
116,03/21/26,OKC,WAS,Goaltending,WAS,Lost,3,07:19.0,https://official.nba.com/archive/challenge-goaltending-bi-thunder-wizards/
117,03/20/26,TOR,DEN,Foul,TOR,Lost,4,04:22.0,https://official.nba.com/archive/challenge-of-called-foul-raptors-nuggets-3/
118,03/20/26,TOR,DEN,Possession,DEN,Won,3,10:47.0,https://official.nba.com/archive/challenge-oob-raptors-nuggets-2/
119,03/20/26,POR,MIN,Foul,MIN,Won,4,04:51.0,https://official.nba.com/archive/54811-challenge-of-called-foul-trail-blazers-at-timberwolves/
120,03/20/26,POR,MIN,Possession,MIN,Won,3,07:04.0,https://official.nba.com/archive/54808-challenge-oob-trail-blazers-at-timberwolves/
121,03/20/26,NYK,BKN,Foul,NYK,Won,4,10:49.0,https://official.nba.com/archive/challenge-of-called-foul-knicks-nets-4/
122,03/20/26,BOS,MEM,Foul,MEM,Lost,2,00:46.9,https://official.nba.com/archive/challenge-of-called-foul-celtics-grizzlies-3/
123,03/20/26,ATL,HOU,Foul,ATL,Won,2,08:37.0,https://official.nba.com/archive/challenge-of-called-foul-hawks-rockets-4/
124,03/20/26,ATL,HOU,Possession,HOU,Won,1,02:33.0,https://official.nba.com/archive/challenge-oob-hawks-rockets-2/
125,03/20/26,NYK,BKN,Possession,BKN,Lost,2,08:46.0,https://official.nba.com/archive/challenge-oob-knicks-nets-2/
126,03/19/26,PHI,SAC,Foul,SAC,Won,4,03:38.0,https://official.nba.com/archive/challenge-of-called-foul-76ers-kings-3/
127,03/19/26,PHI,SAC,Foul,PHI,Won,2,04:22.0,https://official.nba.com/archive/challenge-of-called-foul-76ers-kings-2/
128,03/19/26,PHI,SAC,Possession,SAC,Won,2,05:22.0,https://official.nba.com/archive/challenge-oob-76ers-kings-2/
129,03/19/26,LAL,MIA,Foul,MIA,Lost,4,00:37.8,https://official.nba.com/archive/challenge-of-called-foul-lakers-heat-5/
130,03/19/26,CLE,CHI,Foul,CLE,Won,4,03:00.0,https://official.nba.com/archive/challenge-of-called-foul-cavaliers-bulls-8/
131,03/19/26,LAC,NOP,Foul,LAC,Lost,4,01:17.0,https://official.nba.com/archive/challenge-of-called-foul-clippers-pelicans-7/
132,03/19/26,PHX,SAS,Foul,SAS,Lost,4,01:31.0,https://official.nba.com/archive/challenge-of-called-foul-suns-spurs-7/
133,03/19/26,LAL,MIA,Foul,MIA,Won,4,05:11.0,https://official.nba.com/archive/challenge-of-called-foul-lakers-heat-4/
134,03/19/26,LAL,MIA,Possession,LAL,Lost,4,06:27.0,https://official.nba.com/archive/challenge-oob-lakers-heat-2/
135,03/19/26,LAC,NOP,Possession,NOP,Won,4,08:52.0,https://official.nba.com/archive/challenge-oob-clippers-pelicans-4/
136,03/19/26,PHX,SAS,Foul,SAS,Won,3,04:11.0,https://official.nba.com/archive/challenge-of-called-foul-suns-spurs-6/
137,03/19/26,DET,WAS,Foul,DET,Lost,2,01:17.0,https://official.nba.com/archive/challenge-of-called-foul-pistons-wizards-4/
138,03/19/26,ORL,CHA,Foul,CHA,Won,2,04:57.0,https://official.nba.com/archive/challenge-of-called-foul-magic-hornets-5/
139,03/19/26,ORL,CHA,Foul,ORL,Lost,2,07:00.0,https://official.nba.com/archive/challenge-of-called-foul-magic-hornets-4/
140,03/18/26,LAL,HOU,Foul,HOU,Won,4,00:32.5,https://official.nba.com/archive/challenge-of-called-foul-lakers-rockets-8/
141,03/18/26,DEN,MEM,Foul,MEM,Won,4,04:35.0,https://official.nba.com/archive/challenge-of-called-foul-nuggets-grizzlies-2/
142,03/18/26,ATL,DAL,Foul,ATL,Lost,3,01:26.0,https://official.nba.com/archive/challenge-of-called-foul-hawks-mavericks-2/
143,03/18/26,UTA,MIN,Possession,UTA,Won,4,08:35.0,https://official.nba.com/archive/challenge-oob-jazz-timberwolves-4/
144,03/18/26,POR,IND,Foul,POR,Lost,4,01:29.0,https://official.nba.com/archive/challenge-of-called-foul-trail-blazers-pacers-3/
145,03/18/26,LAC,NOP,Possession,NOP,Lost,3,03:46.0,https://official.nba.com/archive/challenge-oob-clippers-pelicans-3/
146,03/18/26,UTA,MIN,Foul,MIN,Won,3,06:30.0,https://official.nba.com/archive/challenge-of-called-foul-jazz-timberwolves-4/
147,03/18/26,OKC,BKN,Foul,BKN,Won,3,02:21.0,https://official.nba.com/archive/challenge-of-called-foul-thunder-nets-3/
148,03/18/26,POR,IND,Foul,POR,Won,3,04:10.0,https://official.nba.com/archive/challenge-of-called-foul-trail-blazers-pacers-4/
149,03/18/26,GSW,BOS,Foul,GSW,Lost,4,09:16.0,https://official.nba.com/archive/challenge-of-called-foul-warriors-celtics-4/
150,03/18/26,DEN,MEM,Foul,MEM,Won,1,02:51.0,https://official.nba.com/archive/challenge-of-called-foul-nuggets-grizzlies-6/
151,03/18/26,OKC,BKN,Foul,OKC,Lost,2,06:03.0,https://official.nba.com/archive/challenge-of-called-foul-thunder-nets-4/
152,03/17/26,CLE,MIL,Foul,CLE,Lost,4,00:31.5,https://official.nba.com/archive/challenge-of-called-foul-cavaliers-bucks-5/
153,03/17/26,CLE,MIL,Foul,CLE,Won,3,02:26.0,https://official.nba.com/archive/challenge-of-called-foul-cavaliers-bucks-4/
154,03/17/26,PHX,MIN,Foul,PHX,Lost,3,04:53.0,https://official.nba.com/archive/challenge-of-called-foul-suns-timberwolves-8/
155,03/17/26,PHX,MIN,Goaltending,PHX,Won,3,08:56.0,https://official.nba.com/archive/challenge-goaltending-bi-suns-timberwolves/
156,03/17/26,OKC,ORL,Foul,OKC,Won,4,01:12.0,https://official.nba.com/archive/challenge-of-called-foul-thunder-magic-5/
157,03/17/26,OKC,ORL,Foul,ORL,Lost,4,03:40.0,https://official.nba.com/archive/challenge-of-called-foul-thunder-magic-4/
158,03/17/26,MIA,CHA,Possession,CHA,Won,3,02:26.0,https://official.nba.com/archive/challenge-oob-heat-hornets-2/
159,03/17/26,PHX,MIN,Possession,PHX,Won,2,09:24.0,https://official.nba.com/archive/challenge-oob-suns-timberwolves-5/
160,03/17/26,DET,WAS,Foul,WAS,Lost,2,01:53.0,https://official.nba.com/archive/challenge-of-called-foul-pistons-wizards-3/
161,03/16/26,SAS,LAC,Foul,LAC,Lost,4,00:30.4,https://official.nba.com/archive/challenge-of-called-foul-spurs-clippers-5/
162,03/16/26,LAL,HOU,Foul,LAL,Lost,4,10:59.0,https://official.nba.com/archive/challenge-of-called-foul-lakers-rockets-7/
163,03/16/26,SAS,LAC,Foul,LAC,Won,2,07:06.0,https://official.nba.com/archive/challenge-of-called-foul-spurs-clippers-4/
164,03/16/26,LAL,HOU,Foul,HOU,Lost,2,08:07.0,https://official.nba.com/archive/challenge-of-called-foul-lakers-rockets-5/
165,03/16/26,DAL,NOP,Foul,NOP,Won,4,04:43.0,https://official.nba.com/archive/challenge-of-called-foul-mavericks-pelicans-4/
166,03/16/26,PHX,BOS,Possession,BOS,Lost,4,01:32.0,https://official.nba.com/archive/challenge-oob-suns-celtics/
167,03/16/26,MEM,CHI,Foul,MEM,Won,4,11:05.0,https://official.nba.com/archive/challenge-of-called-foul-grizzlies-bulls-2/
168,03/16/26,MEM,CHI,Foul,CHI,Won,3,00:01.0,https://official.nba.com/archive/challenge-of-called-foul-grizzlies-bulls-3/
169,03/16/26,POR,BKN,Possession,POR,Won,3,01:35.0,https://official.nba.com/archive/challenge-oob-trail-blazers-nets-3/
170,03/16/26,POR,BKN,Possession,BKN,Lost,3,02:09.0,https://official.nba.com/archive/challenge-oob-trail-blazers-nets-4/
171,03/16/26,ORL,ATL,Foul,ATL,Won,3,02:32.0,https://official.nba.com/archive/challenge-of-called-foul-magic-hawks-5/
172,03/16/26,DAL,NOP,Foul,DAL,Won,2,05:26.0,https://official.nba.com/archive/challenge-of-called-foul-mavericks-pelicans-2/
173,03/16/26,ORL,ATL,Foul,ATL,Won,2,01:18.0,https://official.nba.com/archive/challenge-of-called-foul-magic-hawks-6/
174,03/16/26,PHX,BOS,Foul,PHX,Won,1,07:04.0,https://official.nba.com/archive/challenge-of-called-foul-suns-celtics-6/
175,03/15/26,UTA,SAC,Foul,SAC,Lost,3,08:53.0,https://official.nba.com/archive/challenge-of-called-foul-jazz-kings-2/
176,03/15/26,GSW,NYK,Foul,GSW,Won,4,07:30.0,https://official.nba.com/archive/challenge-of-called-foul-warriors-knicks-3/
177,03/15/26,IND,MIL,Possession,IND,Lost,3,06:09.0,https://official.nba.com/archive/54700-challenge-oob-pacers-at-bucks/
178,03/15/26,DAL,CLE,Foul,CLE,Won,3,09:50.0,https://official.nba.com/archive/challenge-of-called-foul-mavericks-cavaliers/
179,03/15/26,DET,TOR,Foul,DET,Lost,2,00:44.0,https://official.nba.com/archive/challenge-of-called-foul-pistons-raptors-2/
180,03/15/26,IND,MIL,Foul,MIL,Lost,2,04:01.0,https://official.nba.com/archive/challenge-of-called-foul-pacers-bucks-6/
181,03/14/26,SAC,LAC,Foul,LAC,Lost,4,01:25.0,https://official.nba.com/archive/54693-challenge-of-called-foul-kings-at-clippers/
182,03/14/26,SAC,LAC,Foul,LAC,Won,2,07:21.0,https://official.nba.com/archive/54691-challenge-of-called-foul-kings-at-clippers/
183,03/14/26,DEN,LAL,Foul,LAL,Won,3,03:20.0,https://official.nba.com/archive/challenge-of-called-foul-nuggets-lakers-2/
184,03/14/26,DEN,LAL,Foul,DEN,Won,3,04:16.0,https://official.nba.com/archive/54689-challenge-of-called-foul-nuggets-at-lakers/
185,03/14/26,ORL,MIA,Foul,ORL,Won,3,09:02.0,https://official.nba.com/archive/54688-challenge-of-called-foul-magic-at-heat/
186,03/14/26,WAS,BOS,Possession,BOS,Won,3,07:28.0,https://official.nba.com/archive/54683-challenge-oob-wizards-at-celtics/
187,03/14/26,MIL,ATL,Foul,ATL,Lost,4,07:19.0,https://official.nba.com/archive/challenge-of-called-foul-bucks-hawks-2/
188,03/14/26,BKN,PHI,Foul,PHI,Lost,4,00:40.3,https://official.nba.com/archive/challenge-of-called-foul-nets-76ers-8/
189,03/14/26,BKN,PHI,Possession,PHI,Won,3,05:12.0,https://official.nba.com/archive/challenge-oob-nets-76ers-5/
190,03/14/26,BKN,PHI,Possession,BKN,Lost,3,07:45.0,https://official.nba.com/archive/54679-challenge-oob-nets-at-76ers/
191,03/13/26,CHI,LAC,Foul,LAC,Won,4,00:40.9,https://official.nba.com/archive/challenge-of-called-foul-bulls-clippers-3/
192,03/13/26,MIN,GSW,Foul,GSW,Lost,4,02:52.0,https://official.nba.com/archive/54676-challenge-of-called-foul-timberwolves-at-warriors/
193,03/13/26,UTA,POR,Possession,POR,Won,4,08:29.0,https://official.nba.com/archive/54674-challenge-oob-jazz-at-trail-blazers/
194,03/13/26,UTA,POR,Foul,POR,Won,2,00:38.1,https://official.nba.com/archive/54673-challenge-of-called-foul-jazz-at-trail-blazers/
195,03/13/26,PHX,TOR,Foul,TOR,Lost,4,00:49.6,https://official.nba.com/archive/54670-challenge-of-called-foul-suns-at-raptors/
196,03/13/26,NOP,HOU,Foul,NOP,Won,4,11:43.0,https://official.nba.com/archive/challenge-of-called-foul-pelicans-rockets-3/
197,03/13/26,NYK,IND,Possession,NYK,Won,4,05:47.0,https://official.nba.com/archive/challenge-oob-knicks-pacers-5/
198,03/13/26,NYK,IND,Foul,NYK,Won,4,08:53.0,https://official.nba.com/archive/challenge-of-called-foul-knicks-pacers-11/
199,03/13/26,NOP,HOU,Possession,HOU,Won,1,00:31.7,https://official.nba.com/archive/54659-challenge-oob-pelicans-at-rockets/
200,03/13/26,MEM,DET,Foul,MEM,Won,1,11:42.0,https://official.nba.com/archive/54655-challenge-of-called-foul-grizzlies-at-pistons/
201,03/12/26,CHI,LAL,Foul,LAL,Won,4,11:30.0,https://official.nba.com/archive/challenge-of-called-foul-bulls-lakers/
202,03/12/26,CHI,LAL,Possession,LAL,Won,3,04:55.0,https://official.nba.com/archive/challenge-oob-bulls-lakers-2/
203,03/12/26,BOS,OKC,Foul,BOS,Won,4,05:54.0,https://official.nba.com/archive/54651-challenge-of-called-foul-celtics-at-thunder/
204,03/12/26,BOS,OKC,Possession,OKC,Won,3,04:09.0,https://official.nba.com/archive/challenge-oob-celtics-thunder-2/
205,03/12/26,DEN,SAS,Foul,DEN,Lost,3,04:03.0,https://official.nba.com/archive/challenge-of-called-foul-nuggets-spurs-6/
206,03/12/26,DAL,MEM,Foul,MEM,Won,4,06:02.0,https://official.nba.com/archive/challenge-of-called-foul-mavericks-grizzlies-8/
207,03/12/26,DAL,MEM,Possession,MEM,Won,3,08:02.0,https://official.nba.com/archive/challenge-oob-mavericks-grizzlies/
208,03/12/26,DEN,SAS,Foul,SAS,Lost,1,03:55.0,https://official.nba.com/archive/54641-challenge-of-called-foul-nuggets-at-spurs/
209,03/12/26,PHI,DET,Possession,PHI,Won,3,01:50.0,https://official.nba.com/archive/challenge-oob-76ers-pistons/
210,03/12/26,PHX,IND,Foul,PHX,Lost,3,07:52.0,https://official.nba.com/archive/challenge-of-called-foul-suns-pacers-3/
211,03/12/26,WAS,ORL,Foul,WAS,Lost,3,09:50.0,https://official.nba.com/archive/challenge-of-called-foul-wizards-magic-3/
212,03/12/26,BKN,ATL,Possession,BKN,Won,2,11:03.0,https://official.nba.com/archive/challenge-oob-nets-hawks-2/
213,03/12/26,MIL,MIA,Foul,MIL,Lost,1,02:44.0,https://official.nba.com/archive/challenge-of-called-foul-bucks-heat-2/
214,03/12/26,PHI,DET,Foul,PHI,Won,2,09:59.0,https://official.nba.com/archive/challenge-of-called-foul-76ers-pistons-9/
215,03/12/26,PHX,IND,Possession,PHX,Won,1,09:48.0,https://official.nba.com/archive/challenge-oob-suns-pacers/
216,03/11/26,CHA,SAC,Foul,SAC,Won,4,06:58.0,https://official.nba.com/archive/challenge-of-called-foul-hornets-kings-5/
217,03/11/26,CHA,SAC,Foul,CHA,Won,2,10:50.0,https://official.nba.com/archive/challenge-of-called-foul-hornets-kings-4/
218,03/11/26,NYK,UTA,Foul,NYK,Won,3,07:14.0,https://official.nba.com/archive/challenge-of-called-foul-knicks-jazz-3/
219,03/11/26,CHA,SAC,Foul,SAC,Won,2,10:59.0,https://official.nba.com/archive/challenge-of-called-foul-hornets-kings-3/
220,03/11/26,HOU,DEN,Foul,HOU,Won,1,05:42.0,https://official.nba.com/archive/challenge-of-called-foul-rockets-nuggets-2/
221,03/11/26,NYK,UTA,Possession,NYK,Won,2,06:40.0,https://official.nba.com/archive/54616-challenge-oob-knicks-at-jazz/
222,03/11/26,CLE,ORL,Foul,CLE,Won,3,01:12.0,https://official.nba.com/archive/challenge-of-called-foul-cavaliers-magic-5/
223,03/11/26,CLE,ORL,Possession,CLE,Won,1,03:10.0,https://official.nba.com/archive/challenge-oob-cavaliers-magic-5/
224,03/10/26,MIN,LAL,Foul,LAL,Won,4,06:18.0,https://official.nba.com/archive/challenge-of-called-foul-timberwolves-lakers-9/
225,03/10/26,MIN,LAL,Possession,LAL,Won,3,01:21.0,https://official.nba.com/archive/challenge-oob-timberwolves-lakers-4/
226,03/10/26,CHA,POR,Foul,POR,Won,4,00:39.2,https://official.nba.com/archive/challenge-of-called-foul-hornets-trail-blazers-2/
227,03/10/26,CHA,POR,Foul,CHA,Won,4,03:35.0,https://official.nba.com/archive/challenge-of-called-foul-hornets-trail-blazers-3/
228,03/10/26,CHA,POR,Foul,POR,Won,2,10:48.0,https://official.nba.com/archive/challenge-of-called-foul-hornets-trail-blazers-4/
229,03/10/26,CHI,GSW,Possession,GSW,Lost,1,07:00.0,https://official.nba.com/archive/challenge-oob-bulls-warriors-2/
230,03/10/26,PHX,MIL,Foul,MIL,Lost,4,03:26.0,https://official.nba.com/archive/challenge-of-called-foul-suns-bucks/
231,03/10/26,WAS,MIA,Foul,WAS,Lost,4,02:05.0,https://official.nba.com/archive/challenge-of-called-foul-wizards-heat-2/
232,03/10/26,WAS,MIA,Foul,MIA,Lost,4,02:56.0,https://official.nba.com/archive/challenge-of-called-foul-wizards-heat-3/
233,03/10/26,PHX,MIL,Foul,MIL,Won,3,01:44.0,https://official.nba.com/archive/challenge-of-called-foul-suns-bucks-3/
234,03/10/26,DAL,ATL,Foul,ATL,Won,4,03:40.0,https://official.nba.com/archive/challenge-of-called-foul-mavericks-hawks-4/
235,03/10/26,TOR,HOU,Foul,TOR,Lost,3,05:19.0,https://official.nba.com/archive/challenge-of-called-foul-raptors-rockets/
236,03/10/26,DET,BKN,Foul,BKN,Lost,3,02:28.0,https://official.nba.com/archive/challenge-of-called-foul-pistons-nets-4/
237,03/10/26,DET,BKN,Possession,BKN,Won,3,09:30.0,https://official.nba.com/archive/54588-challenge-oob-pistons-at-nets/
238,03/10/26,WAS,MIA,Possession,MIA,Won,3,07:57.0,https://official.nba.com/archive/challenge-oob-wizards-heat-2/
239,03/10/26,MEM,PHI,Possession,MEM,Won,3,05:23.0,https://official.nba.com/archive/challenge-oob-grizzlies-76ers-2/
240,03/10/26,BOS,SAS,Foul,SAS,Won,1,00:34.2,https://official.nba.com/archive/challenge-of-called-foul-celtics-spurs-3/
241,03/10/26,DET,BKN,Foul,DET,Won,1,03:47.0,https://official.nba.com/archive/challenge-of-called-foul-pistons-nets-5/
242,03/10/26,MEM,PHI,Possession,PHI,Won,1,03:23.0,https://official.nba.com/archive/challenge-oob-grizzlies-76ers-3/
243,03/09/26,NYK,LAC,Foul,LAC,Won,3,05:41.0,https://official.nba.com/archive/challenge-of-called-foul-knicks-clippers-2/
244,03/09/26,NYK,LAC,Foul,NYK,Won,2,04:33.0,https://official.nba.com/archive/challenge-of-called-foul-knicks-clippers/
245,03/09/26,DEN,OKC,Foul,DEN,Lost,4,02:56.0,https://official.nba.com/archive/challenge-of-called-foul-nuggets-thunder-7/
246,03/09/26,DEN,OKC,Possession,OKC,Won,4,08:57.0,https://official.nba.com/archive/challenge-oob-nuggets-thunder-6/
247,03/09/26,MEM,BKN,Foul,MEM,Lost,2,03:34.0,https://official.nba.com/archive/54560-challenge-of-called-foul-grizzlies-at-nets/
248,03/09/26,MEM,BKN,Possession,BKN,Lost,2,09:07.0,https://official.nba.com/archive/challenge-oob-grizzlies-nets-3/
249,03/08/26,CHI,SAC,Foul,CHI,Lost,2,03:53.0,https://official.nba.com/archive/challenge-of-called-foul-bulls-kings/
250,03/08/26,ORL,MIL,Foul,MIL,Won,4,10:30.0,https://official.nba.com/archive/challenge-of-called-foul-magic-bucks-6/
251,03/08/26,WAS,NOP,Foul,NOP,Lost,2,08:41.0,https://official.nba.com/archive/challenge-of-called-foul-wizards-pelicans/
252,03/08/26,DET,MIA,Foul,DET,Won,3,07:00.0,https://official.nba.com/archive/challenge-of-called-foul-pistons-heat-2/
253,03/08/26,DAL,TOR,Goaltending,TOR,Won,2,03:52.0,https://official.nba.com/archive/challenge-goaltending-bi-mavericks-raptors/
254,03/08/26,NYK,LAL,Foul,LAL,Won,3,01:21.0,https://official.nba.com/archive/challenge-of-called-foul-knicks-lakers-3/
255,03/08/26,NYK,LAL,Possession,NYK,Won,2,08:54.0,https://official.nba.com/archive/challenge-oob-knicks-lakers-2/
256,03/08/26,NYK,LAL,Possession,LAL,Won,1,06:14.0,https://official.nba.com/archive/challenge-oob-knicks-lakers/
257,03/08/26,BOS,CLE,Possession,CLE,Won,4,05:49.0,https://official.nba.com/archive/54540-challenge-oob-celtics-at-cavaliers/
258,03/08/26,BOS,CLE,Possession,CLE,Won,4,05:49.0,https://official.nba.com/archive/challenge-oob-celtics-cavaliers-3/
259,03/07/26,LAC,MEM,Possession,LAC,Lost,4,01:43.0,https://official.nba.com/archive/challenge-oob-clippers-grizzlies/
260,03/07/26,GSW,OKC,Possession,GSW,Won,2,11:48.0,https://official.nba.com/archive/challenge-oob-warriors-thunder-2/
261,03/07/26,GSW,OKC,Possession,OKC,Won,1,03:29.0,https://official.nba.com/archive/54533-challenge-oob-warriors-at-thunder/
262,03/07/26,BKN,DET,Foul,BKN,Won,3,07:16.0,https://official.nba.com/archive/54530-challenge-of-called-foul-nets-at-pistons/
263,03/07/26,BKN,DET,Possession,DET,Won,2,05:49.0,https://official.nba.com/archive/challenge-oob-nets-pistons-3/
264,03/07/26,ORL,MIN,Foul,ORL,Won,3,00:07.0,https://official.nba.com/archive/challenge-of-called-foul-magic-timberwolves-3/
265,03/07/26,ORL,MIN,Foul,MIN,Lost,2,09:23.0,https://official.nba.com/archive/54524-challenge-of-called-foul-magic-at-timberwolves/
266,03/06/26,IND,LAL,Foul,IND,Lost,2,01:44.0,https://official.nba.com/archive/54522-challenge-of-called-foul-pacers-at-lakers/
267,03/06/26,NOP,PHX,Foul,PHX,Won,4,02:12.0,https://official.nba.com/archive/challenge-of-called-foul-pelicans-suns-2/
268,03/06/26,NOP,PHX,Foul,PHX,Won,4,10:28.0,https://official.nba.com/archive/challenge-of-called-foul-pelicans-suns-3/
269,03/06/26,NOP,PHX,Possession,NOP,Won,3,00:53.8,https://official.nba.com/archive/challenge-oob-pelicans-suns/
270,03/06/26,NYK,DEN,Foul,NYK,Won,2,01:05.0,https://official.nba.com/archive/challenge-of-called-foul-knicks-nuggets-3/
271,03/06/26,POR,HOU,Possession,HOU,Lost,2,02:31.0,https://official.nba.com/archive/challenge-oob-trail-blazers-rockets-3/
272,03/06/26,MIA,CHA,Foul,CHA,Won,4,10:03.0,https://official.nba.com/archive/challenge-of-called-foul-heat-hornets/
273,03/05/26,LAL,DEN,Goaltending,DEN,Lost,3,06:54.0,https://official.nba.com/archive/challenge-goaltending-bi-lakers-nuggets/
274,03/05/26,CHI,PHX,Foul,PHX,Won,3,02:34.0,https://official.nba.com/archive/challenge-of-called-foul-bulls-suns-2/
275,03/05/26,LAL,DEN,Foul,DEN,Lost,1,04:58.0,https://official.nba.com/archive/challenge-of-called-foul-lakers-nuggets-6/
276,03/05/26,DET,SAS,Possession,DET,Won,3,01:54.0,https://official.nba.com/archive/challenge-oob-pistons-spurs/
277,03/05/26,GSW,HOU,Foul,HOU,Won,4,00:06.5,https://official.nba.com/archive/challenge-of-called-foul-warriors-rockets-9/
278,03/05/26,TOR,MIN,Foul,MIN,Lost,3,02:06.0,https://official.nba.com/archive/challenge-of-called-foul-raptors-timberwolves/
279,03/05/26,DET,SAS,Goaltending,DET,Won,3,08:52.0,https://official.nba.com/archive/challenge-goaltending-bi-pistons-spurs/
280,03/05/26,DET,SAS,Foul,SAS,Lost,2,09:24.0,https://official.nba.com/archive/challenge-of-called-foul-pistons-spurs/
281,03/05/26,TOR,MIN,Possession,TOR,Lost,1,01:29.0,https://official.nba.com/archive/challenge-oob-raptors-timberwolves/
282,03/05/26,BKN,MIA,Goaltending,BKN,Lost,2,00:06.9,https://official.nba.com/archive/challenge-goaltending-bi-nets-heat/
283,03/05/26,DAL,ORL,Foul,ORL,Won,3,10:44.0,https://official.nba.com/archive/challenge-of-called-foul-mavericks-magic/
284,03/05/26,BKN,MIA,Possession,BKN,Lost,2,07:35.0,https://official.nba.com/archive/challenge-oob-nets-heat-2/
285,03/05/26,UTA,WAS,Possession,WAS,Won,2,08:48.0,https://official.nba.com/archive/challenge-oob-jazz-wizards/
286,03/04/26,IND,LAC,Possession,LAC,Won,3,08:33.0,https://official.nba.com/archive/challenge-oob-pacers-clippers/
287,03/04/26,UTA,PHI,Possession,PHI,Won,4,04:28.0,https://official.nba.com/archive/challenge-oob-jazz-76ers-3/
288,03/04/26,CHA,BOS,Foul,BOS,Lost,4,07:59.0,https://official.nba.com/archive/challenge-of-called-foul-hornets-celtics-2/
289,03/04/26,OKC,NYK,Possession,OKC,Won,4,04:06.0,https://official.nba.com/archive/challenge-oob-thunder-knicks/
290,03/04/26,OKC,NYK,Foul,OKC,Won,4,05:53.0,https://official.nba.com/archive/challenge-of-called-foul-thunder-knicks/
291,03/04/26,CHA,BOS,Foul,CHA,Lost,3,02:59.0,https://official.nba.com/archive/challenge-of-called-foul-hornets-celtics-3/
292,03/03/26,NOP,LAL,Possession,NOP,Won,3,11:33.0,https://official.nba.com/archive/challenge-oob-pelicans-lakers-3/
293,03/03/26,PHX,SAC,Foul,PHX,Won,2,07:52.0,https://official.nba.com/archive/challenge-of-called-foul-suns-kings-4/
294,03/03/26,NOP,LAL,Possession,LAL,Won,2,07:07.0,https://official.nba.com/archive/challenge-oob-pelicans-lakers-2/
295,03/03/26,MEM,MIN,Foul,MEM,Lost,3,11:51.0,https://official.nba.com/archive/challenge-of-called-foul-grizzlies-timberwolves-5/
296,03/03/26,BKN,MIA,Possession,MIA,Won,3,05:58.0,https://official.nba.com/archive/challenge-oob-nets-heat/
297,03/03/26,SAS,PHI,Foul,PHI,Lost,2,02:44.0,https://official.nba.com/archive/challenge-of-called-foul-spurs-76ers-3/
298,03/03/26,MEM,MIN,Foul,MIN,Lost,2,00:29.9,https://official.nba.com/archive/challenge-of-called-foul-grizzlies-timberwolves-4/
299,03/03/26,DAL,CHA,Foul,DAL,Lost,4,08:24.0,https://official.nba.com/archive/challenge-of-called-foul-mavericks-hornets-5/
300,03/03/26,NYK,TOR,Foul,TOR,Won,2,04:59.0,https://official.nba.com/archive/challenge-of-called-foul-knicks-raptors-6/
301,03/03/26,DET,CLE,Foul,DET,Lost,3,09:17.0,https://official.nba.com/archive/challenge-of-called-foul-pistons-cavaliers-5/
302,03/03/26,DET,CLE,Foul,CLE,Won,2,04:16.0,https://official.nba.com/archive/challenge-of-called-foul-pistons-cavaliers-4/
303,03/02/26,LAC,GSW,Goaltending,LAC,Lost,4,04:21.0,https://official.nba.com/archive/challenge-goaltending-bi-clippers-warriors/
304,03/02/26,DEN,UTA,Foul,DEN,Won,4,00:16.3,https://official.nba.com/archive/challenge-of-called-foul-nuggets-jazz-4/
305,03/02/26,LAC,GSW,Foul,GSW,Won,1,01:08.0,https://official.nba.com/archive/challenge-of-called-foul-clippers-warriors-3/
306,03/02/26,BOS,MIL,Foul,MIL,Won,3,04:35.0,https://official.nba.com/archive/challenge-of-called-foul-celtics-bucks-4/
307,03/02/26,HOU,WAS,Foul,HOU,Lost,3,00:49.4,https://official.nba.com/archive/challenge-of-called-foul-rockets-wizards-4/
308,03/02/26,HOU,WAS,Foul,WAS,Lost,2,08:36.0,https://official.nba.com/archive/challenge-of-called-foul-rockets-wizards-2/
309,03/02/26,HOU,WAS,Possession,HOU,Won,1,03:12.0,https://official.nba.com/archive/challenge-oob-rockets-wizards/
310,03/01/26,SAC,LAL,Foul,LAL,Won,3,01:11.0,https://official.nba.com/archive/54442-challenge-of-called-foul-kings-at-lakers/
311,03/01/26,NOP,LAC,Foul,NOP,Won,4,09:04.0,https://official.nba.com/archive/54441-challenge-of-called-foul-pelicans-at-clippers/
312,03/01/26,SAC,LAL,Foul,SAC,Lost,3,07:40.0,https://official.nba.com/archive/54440-challenge-of-called-foul-kings-at-lakers/
313,03/01/26,PHI,BOS,Possession,PHI,Lost,4,02:24.0,https://official.nba.com/archive/challenge-oob-76ers-celtics-3/
314,03/01/26,PHI,BOS,Possession,BOS,Lost,4,03:33.0,https://official.nba.com/archive/54436-challenge-oob-76ers-at-celtics/
315,03/01/26,PHI,BOS,Possession,BOS,Won,4,07:54.0,https://official.nba.com/archive/challenge-oob-76ers-celtics-2/
316,03/01/26,SAC,LAL,Foul,LAL,Won,1,03:05.0,https://official.nba.com/archive/54430-challenge-of-called-foul-kings-at-lakers/
317,03/01/26,NOP,LAC,Foul,LAC,Lost,2,06:08.0,https://official.nba.com/archive/challenge-of-called-foul-pelicans-clippers/
318,03/01/26,OKC,DAL,Foul,OKC,Won,4,09:10.0,https://official.nba.com/archive/54428-challenge-of-called-foul-thunder-at-mavericks/
319,03/01/26,NOP,LAC,Possession,NOP,Won,2,08:33.0,https://official.nba.com/archive/challenge-oob-pelicans-clippers-4/
320,03/01/26,OKC,DAL,Foul,OKC,Won,2,09:40.0,https://official.nba.com/archive/54423-challenge-of-called-foul-thunder-at-mavericks/
321,03/01/26,POR,ATL,Possession,POR,Lost,3,02:19.0,https://official.nba.com/archive/challenge-oob-trail-blazers-hawks/
322,03/01/26,DET,ORL,Possession,ORL,Won,2,07:45.0,https://official.nba.com/archive/challenge-oob-pistons-magic-4/
323,03/01/26,MEM,IND,Possession,MEM,Lost,3,10:39.0,https://official.nba.com/archive/challenge-oob-grizzlies-pacers-2/
324,03/01/26,DET,ORL,Possession,DET,Won,1,10:37.0,https://official.nba.com/archive/challenge-oob-pistons-magic-3/
325,03/01/26,MEM,IND,Possession,IND,Won,2,05:32.0,https://official.nba.com/archive/54417-challenge-oob-grizzlies-at-pacers/
326,03/01/26,MIN,DEN,Foul,MIN,Lost,3,04:48.0,https://official.nba.com/archive/challenge-of-called-foul-timberwolves-nuggets-15/
327,03/01/26,CLE,BKN,Foul,BKN,Lost,3,07:34.0,https://official.nba.com/archive/challenge-of-called-foul-cavaliers-nets-7/
328,03/01/26,MIN,DEN,Foul,DEN,Lost,2,04:36.0,https://official.nba.com/archive/54414-challenge-of-called-foul-timberwolves-at-nuggets/
329,03/01/26,SAS,NYK,Foul,SAS,Won,4,04:42.0,https://official.nba.com/archive/challenge-of-called-foul-spurs-knicks-4/
0,04/12/26,GSW,LAC,Foul,GSW,Won,4,04:26.0,https://official.nba.com/archive/challenge-of-called-foul-warriors-clippers-2/
1,04/12/26,GSW,LAC,Foul,LAC,Won,4,04:31.0,https://official.nba.com/archive/challenge-of-called-foul-warriors-clippers-3/
2,04/12/26,NOP,MIN,Foul,MIN,Lost,4,07:40.0,https://official.nba.com/archive/challenge-of-called-foul-pelicans-timberwolves-4/
3,04/12/26,UTA,LAL,Foul,LAL,Won,3,00:45.9,https://official.nba.com/archive/challenge-of-called-foul-jazz-lakers-7/
4,04/12/26,PHX,OKC,Possession,OKC,Lost,3,04:29.0,https://official.nba.com/archive/challenge-oob-suns-thunder-2/
5,04/12/26,SAC,POR,Possession,POR,Won,3,09:27.0,https://official.nba.com/archive/challenge-oob-kings-trail-blazers-3/
6,04/12/26,NOP,MIN,Possession,MIN,Won,2,06:43.0,https://official.nba.com/archive/challenge-oob-pelicans-timberwolves-2/
7,04/12/26,UTA,LAL,Foul,UTA,Won,1,01:57.0,https://official.nba.com/archive/challenge-of-called-foul-jazz-lakers-6/
8,04/12/26,PHX,OKC,Foul,PHX,Won,1,01:17.0,https://official.nba.com/archive/challenge-of-called-foul-suns-thunder-10/
9,04/12/26,ORL,BOS,Foul,BOS,Lost,4,01:37.0,https://official.nba.com/archive/challenge-of-called-foul-magic-celtics-9/
10,04/12/26,WAS,CLE,Foul,WAS,Lost,4,03:17.0,https://official.nba.com/archive/challenge-of-called-foul-wizards-cavaliers-3/
11,04/12/26,WAS,CLE,Possession,CLE,Won,4,04:35.0,https://official.nba.com/archive/challenge-oob-wizards-cavaliers-2/
12,04/12/26,BKN,TOR,Foul,TOR,Lost,4,10:57.0,https://official.nba.com/archive/challenge-of-called-foul-nets-raptors-8/
13,04/12/26,BKN,TOR,Foul,TOR,Won,2,04:09.0,https://official.nba.com/archive/challenge-of-called-foul-nets-raptors-7/
14,04/12/26,MIL,PHI,Foul,MIL,Won,2,03:23.0,https://official.nba.com/archive/challenge-of-called-foul-bucks-76ers-6/
15,04/12/26,BKN,TOR,Possession,BKN,Lost,1,04:38.0,https://official.nba.com/archive/challenge-oob-nets-raptors-4/
16,04/10/26,LAC,POR,Possession,POR,Won,4,02:57.0,https://official.nba.com/archive/challenge-oob-clippers-trail-blazers-4/
17,04/10/26,PHX,LAL,Foul,LAL,Won,3,07:19.0,https://official.nba.com/archive/challenge-of-called-foul-suns-lakers-6/
18,04/10/26,PHX,LAL,Possession,PHX,Won,3,10:59.0,https://official.nba.com/archive/challenge-oob-suns-lakers-3/
19,04/10/26,MIN,HOU,Possession,MIN,Won,4,09:20.0,https://official.nba.com/archive/challenge-oob-timberwolves-rockets-5/
20,04/10/26,MIN,HOU,Foul,HOU,Lost,4,09:46.0,https://official.nba.com/archive/challenge-of-called-foul-timberwolves-rockets-7/
21,04/10/26,LAC,POR,Possession,LAC,Lost,2,04:25.0,https://official.nba.com/archive/challenge-oob-clippers-trail-blazers-5/
22,04/10/26,MEM,UTA,Possession,MEM,Lost,3,04:22.0,https://official.nba.com/archive/challenge-oob-grizzlies-jazz-5/
23,04/10/26,PHX,LAL,Foul,LAL,Won,1,07:13.0,https://official.nba.com/archive/challenge-of-called-foul-suns-lakers-7/
24,04/10/26,GSW,SAC,Foul,GSW,Won,1,10:17.0,https://official.nba.com/archive/challenge-of-called-foul-warriors-kings-5/
25,04/10/26,BKN,MIL,Foul,MIL,Won,4,07:46.0,https://official.nba.com/archive/challenge-of-called-foul-nets-bucks-4/
26,04/10/26,OKC,DEN,Foul,OKC,Lost,2,09:39.0,https://official.nba.com/archive/challenge-of-called-foul-thunder-nuggets-9/
27,04/10/26,TOR,NYK,Possession,NYK,Won,4,07:01.0,https://official.nba.com/archive/challenge-oob-raptors-knicks-5/
28,04/10/26,PHI,IND,Possession,PHI,Won,4,05:41.0,https://official.nba.com/archive/challenge-oob-76ers-pacers-2/
29,04/10/26,TOR,NYK,Foul,NYK,Won,4,09:37.0,https://official.nba.com/archive/challenge-of-called-foul-raptors-knicks-5/
30,04/10/26,CLE,ATL,Foul,CLE,Lost,4,01:32.0,https://official.nba.com/archive/challenge-of-called-foul-cavaliers-hawks-4/
31,04/10/26,CLE,ATL,Foul,ATL,Won,3,06:13.0,https://official.nba.com/archive/challenge-of-called-foul-cavaliers-hawks-5/
32,04/10/26,CLE,ATL,Possession,ATL,Won,3,08:09.0,https://official.nba.com/archive/challenge-oob-cavaliers-hawks/
33,04/10/26,PHI,IND,Goaltending,PHI,Won,2,04:22.0,https://official.nba.com/archive/55218-challenge-goaltending-bi-76ers-at-pacers/
34,04/10/26,CLE,ATL,Foul,CLE,Won,2,00:57.8,https://official.nba.com/archive/challenge-of-called-foul-cavaliers-hawks-8/
35,04/10/26,DET,CHA,Foul,DET,Won,2,03:43.0,https://official.nba.com/archive/challenge-of-called-foul-pistons-hornets-5/
36,04/10/26,MIA,WAS,Foul,WAS,Lost,2,06:26.0,https://official.nba.com/archive/challenge-of-called-foul-heat-wizards-5/
37,04/10/26,DET,CHA,Foul,CHA,Lost,1,00:50.6,https://official.nba.com/archive/challenge-of-called-foul-pistons-hornets-6/
38,04/09/26,PHI,HOU,Possession,PHI,Won,4,06:31.0,https://official.nba.com/archive/55210-challenge-oob-76ers-at-rockets/
39,04/09/26,MIA,TOR,Foul,TOR,Won,3,10:20.0,https://official.nba.com/archive/55204-challenge-of-called-foul-heat-at-raptors/
40,04/09/26,PHI,HOU,Possession,HOU,Won,1,01:50.0,https://official.nba.com/archive/55203-challenge-oob-76ers-at-rockets/
41,04/09/26,CHI,WAS,Foul,WAS,Won,2,06:34.0,https://official.nba.com/archive/55201-challenge-of-called-foul-bulls-at-wizards/
42,04/08/26,OKC,LAC,Possession,OKC,Lost,1,00:57.7,https://official.nba.com/archive/55195-challenge-oob-thunder-at-clippers/
43,04/08/26,ATL,CLE,Foul,CLE,Won,4,01:13.0,https://official.nba.com/archive/challenge-of-called-foul-hawks-cavaliers-6/
44,04/08/26,ATL,CLE,Foul,ATL,Lost,4,07:25.0,https://official.nba.com/archive/challenge-of-called-foul-hawks-cavaliers-8/
45,04/08/26,MIL,DET,Foul,MIL,Won,3,03:00.0,https://official.nba.com/archive/challenge-of-called-foul-bucks-pistons-7/
46,04/08/26,MIN,ORL,Possession,ORL,Lost,3,04:17.0,https://official.nba.com/archive/challenge-oob-timberwolves-magic/
47,04/08/26,ATL,CLE,Foul,CLE,Won,2,10:33.0,https://official.nba.com/archive/challenge-of-called-foul-hawks-cavaliers-9/
48,04/08/26,MIN,ORL,Possession,MIN,Won,2,09:03.0,https://official.nba.com/archive/55187-challenge-oob-timberwolves-at-magic/
49,04/08/26,MIL,DET,Possession,DET,Won,1,02:36.0,https://official.nba.com/archive/challenge-oob-bucks-pistons-2/
50,04/07/26,HOU,PHX,Possession,PHX,Won,4,02:36.0,https://official.nba.com/archive/challenge-oob-rockets-suns-2/
51,04/07/26,HOU,PHX,Foul,HOU,Lost,2,00:53.8,https://official.nba.com/archive/challenge-of-called-foul-rockets-suns/
52,04/07/26,OKC,LAL,Foul,LAL,Won,2,04:19.0,https://official.nba.com/archive/challenge-of-called-foul-thunder-lakers-5/
53,04/07/26,SAC,GSW,Foul,SAC,Lost,3,09:06.0,https://official.nba.com/archive/challenge-of-called-foul-kings-warriors-5/
54,04/07/26,OKC,LAL,Foul,OKC,Lost,1,00:00.9,https://official.nba.com/archive/challenge-of-called-foul-thunder-lakers-4/
55,04/07/26,MIA,TOR,Foul,TOR,Lost,4,05:42.0,https://official.nba.com/archive/challenge-of-called-foul-heat-raptors-4/
56,04/07/26,CHA,BOS,Possession,BOS,Lost,2,02:12.0,https://official.nba.com/archive/challenge-oob-hornets-celtics-4/
57,04/07/26,MIL,BKN,Foul,MIL,Lost,3,09:36.0,https://official.nba.com/archive/challenge-of-called-foul-bucks-nets-4/
58,04/07/26,CHA,BOS,Foul,CHA,Won,2,08:26.0,https://official.nba.com/archive/challenge-of-called-foul-hornets-celtics-4/
59,04/07/26,MIN,IND,Foul,MIN,Lost,3,02:23.0,https://official.nba.com/archive/challenge-of-called-foul-timberwolves-pacers-2/
60,04/06/26,POR,DEN,Foul,DEN,Won,5,02:11.0,https://official.nba.com/archive/challenge-of-called-foul-trail-blazers-nuggets-9/
61,04/06/26,POR,DEN,Foul,POR,Lost,4,03:37.0,https://official.nba.com/archive/challenge-of-called-foul-trail-blazers-nuggets-8/
62,04/06/26,POR,DEN,Foul,DEN,Won,4,07:51.0,https://official.nba.com/archive/challenge-of-called-foul-trail-blazers-nuggets-7/
63,04/06/26,PHI,SAS,Possession,PHI,Won,4,01:38.0,https://official.nba.com/archive/challenge-oob-76ers-spurs/
64,04/06/26,POR,DEN,Foul,POR,Won,2,01:28.0,https://official.nba.com/archive/challenge-of-called-foul-trail-blazers-nuggets-6/
65,04/06/26,CLE,MEM,Foul,CLE,Won,4,07:57.0,https://official.nba.com/archive/55154-challenge-of-called-foul-cavaliers-at-grizzlies/
66,04/06/26,CLE,MEM,Goaltending,MEM,Won,3,02:07.0,https://official.nba.com/archive/challenge-goaltending-bi-cavaliers-grizzlies/
67,04/06/26,DET,ORL,Foul,ORL,Won,4,06:26.0,https://official.nba.com/archive/challenge-of-called-foul-pistons-magic-4/
68,04/06/26,CLE,MEM,Foul,MEM,Won,1,03:02.0,https://official.nba.com/archive/challenge-of-called-foul-cavaliers-grizzlies-3/
69,04/06/26,NYK,ATL,Foul,ATL,Won,1,01:03.0,https://official.nba.com/archive/55143-challenge-of-called-foul-knicks-at-hawks/
70,04/05/26,HOU,GSW,Foul,HOU,Lost,2,07:41.0,https://official.nba.com/archive/challenge-of-called-foul-rockets-warriors-9/
71,04/05/26,LAC,SAC,Foul,LAC,Won,1,00:42.0,https://official.nba.com/archive/challenge-of-called-foul-clippers-kings-3/
72,04/05/26,ORL,NOP,Foul,ORL,Lost,4,00:21.3,https://official.nba.com/archive/challenge-of-called-foul-magic-pelicans-4/
73,04/05/26,CHA,MIN,Foul,MIN,Lost,4,07:21.0,https://official.nba.com/archive/challenge-of-called-foul-hornets-timberwolves-4/
74,04/05/26,UTA,OKC,Foul,OKC,Lost,3,01:47.0,https://official.nba.com/archive/challenge-of-called-foul-jazz-thunder-8/
75,04/05/26,LAL,DAL,Possession,DAL,Lost,2,00:58.9,https://official.nba.com/archive/challenge-oob-lakers-mavericks/
76,04/05/26,UTA,OKC,Possession,OKC,Won,2,00:10.9,https://official.nba.com/archive/challenge-oob-jazz-thunder-2/
77,04/05/26,CHA,MIN,Possession,MIN,Won,2,03:53.0,https://official.nba.com/archive/challenge-oob-hornets-timberwolves-3/
78,04/05/26,ORL,NOP,Foul,ORL,Won,1,00:24.2,https://official.nba.com/archive/challenge-of-called-foul-magic-pelicans-3/
79,04/05/26,IND,CLE,Goaltending,IND,Lost,2,05:24.0,https://official.nba.com/archive/challenge-goaltending-bi-pacers-cavaliers/
80,04/05/26,WAS,BKN,Foul,BKN,Won,3,05:33.0,https://official.nba.com/archive/challenge-of-called-foul-wizards-nets-4/
81,04/05/26,PHX,CHI,Foul,CHI,Won,2,01:53.0,https://official.nba.com/archive/challenge-of-called-foul-suns-bulls/
82,04/05/26,MEM,MIL,Foul,MIL,Won,1,09:00.0,https://official.nba.com/archive/challenge-of-called-foul-grizzlies-bucks/
83,04/04/26,DET,PHI,Possession,PHI,Won,4,08:33.0,https://official.nba.com/archive/challenge-oob-pistons-76ers/
84,04/04/26,DET,PHI,Foul,DET,Won,3,08:25.0,https://official.nba.com/archive/challenge-of-called-foul-pistons-76ers-3/
85,04/04/26,SAS,DEN,Foul,DEN,Won,2,00:34.0,https://official.nba.com/archive/challenge-of-called-foul-spurs-nuggets-5/
86,04/03/26,NOP,SAC,Foul,SAC,Won,4,00:02.9,https://official.nba.com/archive/challenge-of-called-foul-pelicans-kings-6/
87,04/03/26,NOP,SAC,Foul,NOP,Lost,4,01:01.0,https://official.nba.com/archive/challenge-of-called-foul-pelicans-kings-5/
88,04/03/26,ORL,DAL,Foul,ORL,Won,4,06:08.0,https://official.nba.com/archive/challenge-of-called-foul-magic-mavericks-5/
89,04/03/26,TOR,MEM,Foul,MEM,Won,4,06:58.0,https://official.nba.com/archive/challenge-of-called-foul-raptors-grizzlies-5/
90,04/03/26,UTA,HOU,Foul,UTA,Won,4,04:37.0,https://official.nba.com/archive/challenge-of-called-foul-jazz-rockets-3/
91,04/03/26,BOS,MIL,Possession,BOS,Won,4,08:35.0,https://official.nba.com/archive/challenge-oob-celtics-bucks-5/
92,04/03/26,TOR,MEM,Foul,TOR,Won,3,07:46.0,https://official.nba.com/archive/challenge-of-called-foul-raptors-grizzlies-3/
93,04/03/26,ATL,BKN,Possession,BKN,Lost,4,06:02.0,https://official.nba.com/archive/challenge-oob-hawks-nets-4/
94,04/03/26,ATL,BKN,Possession,BKN,Won,4,08:36.0,https://official.nba.com/archive/challenge-oob-hawks-nets-3/
95,04/03/26,ORL,DAL,Possession,DAL,Won,2,06:00.0,https://official.nba.com/archive/challenge-oob-magic-mavericks-2/
96,04/03/26,MIN,PHI,Possession,MIN,Won,3,05:38.0,https://official.nba.com/archive/challenge-oob-timberwolves-76ers-6/
97,04/03/26,BOS,MIL,Foul,BOS,Won,1,02:42.0,https://official.nba.com/archive/challenge-of-called-foul-celtics-bucks-5/
98,04/03/26,MIN,PHI,Possession,PHI,Won,3,06:06.0,https://official.nba.com/archive/challenge-oob-timberwolves-76ers-5/
99,04/03/26,TOR,MEM,Foul,MEM,Won,1,06:12.0,https://official.nba.com/archive/challenge-of-called-foul-raptors-grizzlies-2/
100,04/02/26,SAS,LAC,Foul,LAC,Lost,4,11:25.0,https://official.nba.com/archive/challenge-of-called-foul-spurs-clippers-6/
101,04/02/26,NOP,POR,Foul,POR,Lost,4,09:59.0,https://official.nba.com/archive/challenge-of-called-foul-pelicans-trail-blazers-2/
102,04/02/26,CLE,GSW,Foul,CLE,Won,3,01:38.0,https://official.nba.com/archive/challenge-of-called-foul-cavaliers-warriors-4/
103,04/02/26,SAS,LAC,Possession,LAC,Won,2,05:08.0,https://official.nba.com/archive/challenge-oob-spurs-clippers/
104,04/02/26,NOP,POR,Foul,NOP,Won,2,03:56.0,https://official.nba.com/archive/challenge-of-called-foul-pelicans-trail-blazers/
105,04/02/26,LAL,OKC,Foul,OKC,Won,3,08:22.0,https://official.nba.com/archive/challenge-of-called-foul-lakers-thunder-7/
106,04/02/26,PHX,CHA,Goaltending,PHX,Won,3,07:57.0,https://official.nba.com/archive/55068-challenge-goaltending-bi-suns-at-hornets/
107,04/02/26,PHX,CHA,Foul,CHA,Lost,3,09:06.0,https://official.nba.com/archive/challenge-of-called-foul-suns-hornets-3/
108,04/02/26,MIN,DET,Foul,DET,Lost,2,09:28.0,https://official.nba.com/archive/challenge-of-called-foul-timberwolves-pistons-4/
109,04/01/26,NYK,MEM,Foul,MEM,Won,4,10:47.0,https://official.nba.com/archive/challenge-of-called-foul-knicks-grizzlies-3/
110,04/01/26,MIL,HOU,Foul,HOU,Lost,4,06:12.0,https://official.nba.com/archive/challenge-of-called-foul-bucks-rockets-2/
111,04/01/26,SAC,TOR,Foul,TOR,Won,3,01:29.0,https://official.nba.com/archive/challenge-of-called-foul-kings-raptors-4/
112,04/01/26,DEN,UTA,Goaltending,UTA,Won,2,11:26.0,https://official.nba.com/archive/challenge-goaltending-bi-nuggets-jazz/
113,04/01/26,BOS,MIA,Possession,MIA,Lost,3,00:28.4,https://official.nba.com/archive/challenge-oob-celtics-heat-3/
114,04/01/26,SAC,TOR,Foul,SAC,Lost,2,06:26.0,https://official.nba.com/archive/challenge-of-called-foul-kings-raptors-3/
115,04/01/26,IND,CHI,Foul,CHI,Lost,2,03:38.0,https://official.nba.com/archive/challenge-of-called-foul-pacers-bulls-3/
116,04/01/26,NYK,MEM,Foul,MEM,Won,2,07:14.0,https://official.nba.com/archive/challenge-of-called-foul-knicks-grizzlies-2/
117,04/01/26,ATL,ORL,Possession,ORL,Won,3,04:34.0,https://official.nba.com/archive/challenge-oob-hawks-magic-3/
118,04/01/26,SAC,TOR,Possession,SAC,Won,1,01:36.0,https://official.nba.com/archive/challenge-oob-kings-raptors/
