,Date,Visiting,Home,Initial Call,Challenging Team,Outcome,Period,Time,Link
0,10/31/24,SAS,UTA,Possession,SAS,Won,4,11:48.0,https://official.nba.com/archive/47867-challenge-oob-spurs-at-jazz/
1,10/31/24,SAS,UTA,Foul,UTA,Lost,3,05:10.0,https://official.nba.com/archive/47866-challenge-of-called-foul-spurs-at-jazz/
2,10/31/24,HOU,DAL,Foul,HOU,Won,2,09:01.0,https://official.nba.com/archive/47863-challenge-of-called-foul-rockets-at-mavericks/
3,10/31/24,SAS,UTA,Foul,UTA,Won,1,07:54.0,https://official.nba.com/archive/47862-challenge-of-called-foul-spurs-at-jazz/
4,10/30/24,POR,LAC,Goaltending,LAC,Lost,3,01:15.0,https://official.nba.com/archive/47855-challenge-goaltending-bi-trail-blazers-at-clippers/
5,10/30/24,NOP,GSW,Foul,GSW,Lost,4,05:52.0,https://official.nba.com/archive/47854-challenge-of-called-foul-pelicans-at-warriors/
6,10/30/24,POR,LAC,Foul,LAC,Won,2,02:56.0,https://official.nba.com/archive/47852-challenge-of-called-foul-trail-blazers-at-clippers/
7,10/30/24,NOP,GSW,Foul,GSW,Won,2,01:13.0,https://official.nba.com/archive/47849-challenge-of-called-foul-pelicans-at-warriors/
8,10/30/24,SAS,OKC,Foul,SAS,Won,2,02:52.0,https://official.nba.com/archive/47847-challenge-of-called-foul-spurs-at-thunder/
9,10/30/24,TOR,CHA,Foul,TOR,Won,4,07:07.0,https://official.nba.com/archive/47841-challenge-of-called-foul-raptors-at-hornets/
10,10/30/24,ATL,WAS,Foul,WAS,Won,3,10:45.0,https://official.nba.com/archive/47836-challenge-of-called-foul-hawks-at-wizards/
11,10/30/24,BOS,IND,Foul,IND,Lost,2,02:08.0,https://official.nba.com/archive/47833-challenge-of-called-foul-celtics-at-pacers/
12,10/30/24,ATL,WAS,Foul,ATL,Won,2,04:06.0,https://official.nba.com/archive/47832-challenge-of-called-foul-hawks-at-wizards/
13,10/30/24,BOS,IND,Foul,BOS,Lost,2,04:08.0,https://official.nba.com/archive/47831-challenge-of-called-foul-celtics-at-pacers/
14,10/30/24,NYK,MIA,Foul,NYK,Lost,1,03:11.0,https://official.nba.com/archive/47830-challenge-of-called-foul-knicks-at-heat/
15,10/30/24,LAL,CLE,Foul,CLE,Lost,2,05:26.0,https://official.nba.com/archive/47828-challenge-of-called-foul-lakers-at-cavaliers/
16,10/30/24,TOR,CHA,Foul,CHA,Won,2,11:25.0,https://official.nba.com/archive/47827-challenge-of-called-foul-raptors-at-hornets/
17,10/29/24,NOP,GSW,Foul,GSW,Won,4,08:10.0,https://official.nba.com/archive/47821-challenge-of-called-foul-pelicans-at-warriors/
18,10/29/24,DEN,BKN,Foul,DEN,Lost,4,04:20.0,https://official.nba.com/archive/47817-challenge-of-called-foul-nuggets-at-nets/
19,10/29/24,DAL,MIN,Possession,MIN,Lost,4,09:19.0,https://official.nba.com/archive/47815-challenge-oob-mavericks-at-timberwolves/
20,10/29/24,DAL,MIN,Foul,DAL,Lost,4,11:18.0,https://official.nba.com/archive/47814-challenge-of-called-foul-mavericks-at-timberwolves/
21,10/29/24,DEN,BKN,Foul,BKN,Lost,3,03:06.0,https://official.nba.com/archive/47813-challenge-of-called-foul-nuggets-at-nets/
22,10/29/24,DEN,BKN,Possession,DEN,Lost,3,04:20.0,https://official.nba.com/archive/challenge-oob-nuggets-nets/
23,10/29/24,DAL,MIN,Foul,DAL,Won,2,11:24.0,https://official.nba.com/archive/47809-challenge-of-called-foul-mavericks-at-timberwolves/
24,10/29/24,DAL,MIN,Foul,MIN,Won,1,00:45.1,https://official.nba.com/archive/47808-challenge-of-called-foul-mavericks-at-timberwolves/
25,10/28/24,POR,SAC,Foul,SAC,Won,2,01:40.0,https://official.nba.com/archive/47805-challenge-of-called-foul-trail-blazers-at-kings/
26,10/28/24,POR,SAC,Possession,POR,Won,2,08:01.0,https://official.nba.com/archive/47804-challenge-oob-trail-blazers-at-kings/
27,10/28/24,UTA,DAL,Foul,UTA,Lost,4,03:24.0,https://official.nba.com/archive/47803-challenge-of-called-foul-jazz-at-mavericks/
28,10/28/24,CHI,MEM,Foul,MEM,Lost,4,00:32.6,https://official.nba.com/archive/47800-challenge-of-called-foul-bulls-at-grizzlies/
29,10/28/24,HOU,SAS,Possession,HOU,Won,4,06:03.0,https://official.nba.com/archive/47799-challenge-oob-rockets-at-spurs/
30,10/28/24,UTA,DAL,Foul,DAL,Lost,2,03:01.0,https://official.nba.com/archive/47793-challenge-of-called-foul-jazz-at-mavericks/
31,10/28/24,DET,MIA,Foul,DET,Won,3,02:56.0,https://official.nba.com/archive/47790-challenge-of-called-foul-pistons-at-heat/
32,10/28/24,DET,MIA,Possession,DET,Won,3,09:07.0,https://official.nba.com/archive/47786-challenge-oob-pistons-at-heat/
33,10/28/24,MIL,BOS,Goaltending,BOS,Won,3,10:48.0,https://official.nba.com/archive/47784-challenge-goaltending-bi-bucks-at-celtics/
34,10/28/24,IND,ORL,Possession,ORL,Won,3,07:28.0,https://official.nba.com/archive/47783-challenge-oob-pacers-at-magic/
35,10/28/24,CLE,NYK,Foul,CLE,Lost,4,00:23.9,https://official.nba.com/archive/47781-challenge-of-called-foul-cavaliers-at-knicks/
36,10/28/24,WAS,ATL,Possession,WAS,Lost,2,03:57.0,https://official.nba.com/archive/47780-challenge-oob-wizards-at-hawks/
37,10/28/24,DET,MIA,Foul,MIA,Won,2,07:21.0,https://official.nba.com/archive/47778-challenge-of-called-foul-pistons-at-heat/
38,10/28/24,MIL,BOS,Possession,BOS,Won,1,09:47.0,https://official.nba.com/archive/47775-challenge-oob-bucks-at-celtics/
39,10/28/24,IND,ORL,Foul,IND,Won,1,02:08.0,https://official.nba.com/archive/47774-challenge-of-called-foul-pacers-at-magic/
40,10/27/24,MIL,BKN,Foul,BKN,Lost,3,11:36.0,https://official.nba.com/archive/47769-challenge-of-called-foul-bucks-at-nets/
41,10/27/24,PHI,IND,Possession,IND,Won,5,00:16.4,https://official.nba.com/archive/47767-challenge-oob-76ers-at-pacers/
42,10/27/24,PHI,IND,Foul,IND,Won,4,02:09.0,https://official.nba.com/archive/47764-challenge-of-called-foul-76ers-at-pacers/
43,10/27/24,PHI,IND,Possession,PHI,Lost,4,02:26.0,https://official.nba.com/archive/47763-challenge-oob-76ers-at-pacers/
44,10/26/24,DAL,PHX,Foul,PHX,Won,4,02:29.0,https://official.nba.com/archive/47758-challenge-of-called-foul-mavericks-at-suns/
45,10/26/24,SAC,LAL,Foul,SAC,Won,3,09:00.0,https://official.nba.com/archive/47757-challenge-of-called-foul-kings-at-lakers/
46,10/26/24,SAC,LAL,Foul,LAL,Won,2,10:58.0,https://official.nba.com/archive/47754-challenge-of-called-foul-kings-at-lakers/
47,10/26/24,TOR,MIN,Foul,TOR,Lost,4,01:45.0,https://official.nba.com/archive/47751-challenge-of-called-foul-raptors-at-timberwolves/
48,10/26/24,DAL,PHX,Foul,DAL,Won,1,09:31.0,https://official.nba.com/archive/47750-challenge-of-called-foul-mavericks-at-suns/
49,10/26/24,MIA,CHA,Foul,MIA,Won,4,10:38.0,https://official.nba.com/archive/47744-challenge-of-called-foul-heat-at-hornets/
50,10/26/24,TOR,MIN,Foul,MIN,Lost,2,02:50.0,https://official.nba.com/archive/47742-challenge-of-called-foul-raptors-at-timberwolves/
51,10/26/24,OKC,CHI,Foul,OKC,Lost,2,04:24.0,https://official.nba.com/archive/47741-challenge-of-called-foul-thunder-at-bulls/
52,10/26/24,HOU,SAS,Possession,SAS,Won,1,00:33.6,https://official.nba.com/archive/47740-challenge-oob-rockets-at-spurs/
53,10/26/24,BOS,DET,Possession,DET,Lost,4,11:47.0,https://official.nba.com/archive/47739-challenge-oob-celtics-at-pistons/
54,10/26/24,CLE,WAS,Possession,CLE,Won,3,01:34.0,https://official.nba.com/archive/47738-challenge-oob-cavaliers-at-wizards/
55,10/26/24,OKC,CHI,Possession,CHI,Won,1,08:57.0,https://official.nba.com/archive/47735-challenge-oob-thunder-at-bulls/
56,10/26/24,ORL,MEM,Foul,MEM,Lost,1,08:24.0,https://official.nba.com/archive/47734-challenge-of-called-foul-magic-at-grizzlies/
57,10/26/24,LAC,DEN,Foul,DEN,Lost,4,00:30.5,https://official.nba.com/archive/47733-challenge-of-called-foul-clippers-at-nuggets/
58,10/26/24,LAC,DEN,Foul,DEN,Won,3,03:16.0,https://official.nba.com/archive/47730-challenge-of-called-foul-clippers-at-nuggets/
59,10/25/24,NOP,POR,Possession,NOP,Won,4,01:20.0,https://official.nba.com/archive/47727-challenge-oob-pelicans-at-trail-blazers/
60,10/25/24,NOP,POR,Foul,POR,Lost,4,09:36.0,https://official.nba.com/archive/47725-challenge-of-called-foul-pelicans-at-trail-blazers/
61,10/25/24,PHX,LAL,Foul,PHX,Lost,4,09:33.0,https://official.nba.com/archive/47724-challenge-of-called-foul-suns-at-lakers/
62,10/25/24,GSW,UTA,Foul,GSW,Won,3,09:55.0,https://official.nba.com/archive/47721-challenge-of-called-foul-warriors-at-jazz/
63,10/25/24,MEM,HOU,Foul,MEM,Won,4,07:07.0,https://official.nba.com/archive/47719-challenge-of-called-foul-grizzlies-at-rockets/
64,10/25/24,MEM,HOU,Possession,HOU,Lost,4,08:16.0,https://official.nba.com/archive/47718-challenge-oob-grizzlies-at-rockets/
65,10/25/24,CHA,ATL,Foul,CHA,Lost,4,00:16.6,https://official.nba.com/archive/47716-challenge-of-called-foul-hornets-at-hawks/
66,10/25/24,CHI,MIL,Foul,MIL,Lost,3,05:59.0,https://official.nba.com/archive/47713-challenge-of-called-foul-bulls-at-bucks/
67,10/25/24,BKN,ORL,Foul,ORL,Lost,4,05:23.0,https://official.nba.com/archive/47711-challenge-of-called-foul-nets-at-magic/
68,10/25/24,CHA,ATL,Foul,ATL,Won,3,07:37.0,https://official.nba.com/archive/47706-challenge-of-called-foul-hornets-at-hawks/
69,10/25/24,CHI,MIL,Foul,MIL,Won,2,08:21.0,https://official.nba.com/archive/47704-challenge-of-called-foul-bulls-at-bucks/
70,10/25/24,BKN,ORL,Foul,BKN,Won,3,10:39.0,https://official.nba.com/archive/47702-challenge-of-called-foul-nets-at-magic/
71,10/25/24,CHA,ATL,Foul,CHA,Won,2,07:03.0,https://official.nba.com/archive/47699-challenge-of-called-foul-hornets-at-hawks/
72,10/25/24,PHI,TOR,Possession,TOR,Lost,2,00:13.2,https://official.nba.com/archive/47698-challenge-oob-76ers-at-raptors/
73,10/25/24,BKN,ORL,Foul,ORL,Won,2,07:03.0,https://official.nba.com/archive/47697-challenge-of-called-foul-nets-at-magic/
74,10/24/24,MIN,SAC,Possession,SAC,Lost,4,00:26.0,https://official.nba.com/archive/47696-challenge-oob-timberwolves-at-kings/
75,10/24/24,OKC,DEN,Foul,OKC,Won,4,04:25.0,https://official.nba.com/archive/47695-challenge-of-called-foul-thunder-at-nuggets/
76,10/24/24,MIN,SAC,Foul,MIN,Won,3,04:07.0,https://official.nba.com/archive/47694-challenge-of-called-foul-timberwolves-at-kings/
77,10/24/24,OKC,DEN,Foul,OKC,Won,3,05:34.0,https://official.nba.com/archive/47693-challenge-of-called-foul-thunder-at-nuggets/
78,10/24/24,MIN,SAC,Foul,MIN,Won,2,01:41.0,https://official.nba.com/archive/47692-challenge-of-called-foul-timberwolves-at-kings/
79,10/24/24,MIN,SAC,Possession,SAC,Won,2,09:19.0,https://official.nba.com/archive/47691-challenge-oob-timberwolves-at-kings/
80,10/24/24,BOS,WAS,Foul,WAS,Won,3,08:44.0,https://official.nba.com/archive/47688-challenge-of-called-foul-celtics-at-wizards/
81,10/23/24,PHX,LAC,Possession,PHX,Won,4,01:54.0,https://official.nba.com/archive/47686-challenge-oob-suns-at-clippers/
82,10/23/24,PHX,LAC,Possession,PHX,Won,3,06:27.0,https://official.nba.com/archive/47682-challenge-oob-suns-at-clippers/
83,10/23/24,MEM,UTA,Possession,MEM,Won,4,01:25.0,https://official.nba.com/archive/47681-challenge-oob-grizzlies-at-jazz/
84,10/23/24,BKN,ATL,Foul,BKN,Lost,4,00:56.8,https://official.nba.com/archive/47679-challenge-of-called-foul-nets-at-hawks/
85,10/23/24,CHA,HOU,Foul,HOU,Lost,3,00:07.8,https://official.nba.com/archive/47677-challenge-of-called-foul-hornets-at-rockets/
86,10/23/24,CLE,TOR,Foul,TOR,Lost,3,00:34.4,https://official.nba.com/archive/47672-challenge-of-called-foul-cavaliers-at-raptors/
87,10/23/24,MEM,UTA,Possession,UTA,Won,1,08:08.0,https://official.nba.com/archive/47671-challenge-oob-grizzlies-at-jazz/
88,10/23/24,IND,DET,Foul,IND,Won,4,06:32.0,https://official.nba.com/archive/47669-challenge-of-called-foul-pacers-at-pistons/
89,10/23/24,BKN,ATL,Foul,BKN,Won,3,03:51.0,https://official.nba.com/archive/47668-challenge-of-called-foul-nets-at-hawks/
90,10/23/24,MIL,PHI,Foul,PHI,Lost,3,11:13.0,https://official.nba.com/archive/47667-challenge-of-called-foul-bucks-at-76ers/
91,10/23/24,MIL,PHI,Foul,MIL,Won,2,01:06.0,https://official.nba.com/archive/47665-challenge-of-called-foul-bucks-at-76ers/
92,10/23/24,CHI,NOP,Goaltending,NOP,Won,1,03:40.0,https://official.nba.com/archive/47664-challenge-goaltending-bi-bulls-at-pelicans/
0,11/30/24,GSW,PHX,Foul,GSW,Lost,4,01:06.0,https://official.nba.com/archive/challenge-of-called-foul-warriors-suns-2/
1,11/30/24,GSW,PHX,Possession,PHX,Won,4,09:36.0,https://official.nba.com/archive/48481-challenge-oob-warriors-at-suns/
2,11/30/24,PHI,DET,Foul,DET,Lost,3,05:00.0,https://official.nba.com/archive/challenge-of-called-foul-76ers-pistons-3/
3,11/30/24,ATL,CHA,Foul,ATL,Won,4,00:16.9,https://official.nba.com/archive/challenge-of-called-foul-hawks-hornets/
4,11/30/24,ATL,CHA,Possession,ATL,Won,3,02:33.0,https://official.nba.com/archive/challenge-oob-hawks-hornets-3/
5,11/29/24,SAC,POR,Possession,SAC,Won,2,02:45.0,https://official.nba.com/archive/challenge-oob-kings-trail-blazers/
6,11/29/24,BOS,CHI,Foul,BOS,Lost,4,01:49.0,https://official.nba.com/archive/challenge-of-called-foul-celtics-bulls/
7,11/29/24,ORL,BKN,Goaltending,BKN,Lost,4,07:07.0,https://official.nba.com/archive/challenge-goaltending-bi-magic-nets/
8,11/29/24,ORL,BKN,Foul,ORL,Won,2,01:07.0,https://official.nba.com/archive/challenge-of-called-foul-magic-nets/
9,11/29/24,DET,IND,Possession,DET,Won,1,02:21.0,https://official.nba.com/archive/challenge-oob-pistons-pacers/
10,11/29/24,DET,IND,Foul,IND,Lost,4,07:04.0,https://official.nba.com/archive/challenge-of-called-foul-pistons-pacers-4
11,11/29/24,TOR,MIA,Foul,TOR,Lost,1,07:23.0,https://official.nba.com/archive/challenge-of-called-foul-raptors-heat-2/
12,11/27/24,BKN,PHX,Foul,BKN,Won,4,01:16.0,https://official.nba.com/archive/challenge-of-called-foul-nets-suns/
13,11/27/24,DEN,UTA,Foul,UTA,Won,2,03:19.0,https://official.nba.com/archive/challenge-of-called-foul-nuggets-jazz-2/
14,11/27/24,SAC,MIN,Foul,MIN,Won,3,00:02.4,https://official.nba.com/archive/challenge-of-called-foul-kings-timberwolves-2/
15,11/27/24,TOR,NOP,Possession,TOR,Won,3,03:05.0,https://official.nba.com/archive/challenge-oob-raptors-pelicans-3/
16,11/27/24,DET,MEM,Possession,MEM,Won,3,10:34.0,https://official.nba.com/archive/48427-challenge-oob-pistons-at-grizzlies/
17,11/27/24,HOU,PHI,Foul,PHI,Lost,4,03:07.0,https://official.nba.com/archive/challenge-of-called-foul-rockets-76ers/
18,11/27/24,DEN,UTA,Possession,DEN,Won,1,10:02.0,https://official.nba.com/archive/challenge-oob-nuggets-jazz-3/
19,11/27/24,NYK,DAL,Foul,DAL,Lost,3,06:01.0,https://official.nba.com/archive/challenge-of-called-foul-knicks-mavericks/
20,11/27/24,LAC,WAS,Foul,LAC,Lost,3,00:37.3,https://official.nba.com/archive/challenge-of-called-foul-clippers-wizards/
21,11/27/24,HOU,PHI,Foul,HOU,Lost,2,07:45.0,https://official.nba.com/archive/challenge-of-called-foul-rockets-76ers-3/
22,11/27/24,LAC,WAS,Possession,WAS,Won,2,07:08.0,https://official.nba.com/archive/48415-challenge-oob-clippers-at-wizards/
23,11/27/24,ATL,CLE,Foul,CLE,Lost,1,02:52.0,https://official.nba.com/archive/challenge-of-called-foul-hawks-cavaliers-3/
24,11/26/24,SAS,UTA,Foul,SAS,Won,4,01:43.0,https://official.nba.com/archive/challenge-of-called-foul-spurs-jazz-7/
25,11/26/24,LAL,PHX,Possession,LAL,Won,2,04:32.0,https://official.nba.com/archive/challenge-oob-lakers-suns-3/
26,11/26/24,LAL,PHX,Possession,PHX,Lost,2,04:48.0,https://official.nba.com/archive/48408-challenge-oob-lakers-at-suns/
27,11/26/24,SAS,UTA,Foul,UTA,Won,3,06:02.0,https://official.nba.com/archive/challenge-of-called-foul-spurs-jazz-6/
28,11/26/24,SAS,UTA,Foul,UTA,Won,3,09:48.0,https://official.nba.com/archive/challenge-of-called-foul-spurs-jazz-5/
29,11/26/24,HOU,MIN,Foul,MIN,Won,2,05:10.0,https://official.nba.com/archive/challenge-of-called-foul-rockets-timberwolves-3/
30,11/26/24,CHI,WAS,Foul,WAS,Won,3,02:06.0,https://official.nba.com/archive/challenge-of-called-foul-bulls-wizards/
31,11/25/24,BKN,GSW,Foul,GSW,Lost,4,06:16.0,https://official.nba.com/archive/48396-challenge-of-called-foul-nets-at-warriors/
32,11/25/24,OKC,SAC,Possession,OKC,Lost,4,07:30.0,https://official.nba.com/archive/48395-challenge-oob-thunder-at-kings/
33,11/25/24,POR,MEM,Foul,MEM,Won,4,10:12.0,https://official.nba.com/archive/challenge-of-called-foul-trail-blazers-grizzlies/
34,11/25/24,BKN,GSW,Possession,GSW,Won,2,02:58.0,https://official.nba.com/archive/48391-challenge-oob-nets-at-warriors/
35,11/25/24,BKN,GSW,Possession,BKN,Lost,2,06:03.0,https://official.nba.com/archive/48390-challenge-oob-nets-at-warriors/
36,11/25/24,TOR,DET,Foul,DET,Lost,4,09:04.0,https://official.nba.com/archive/challenge-of-called-foul-raptors-pistons-3/
37,11/25/24,POR,MEM,Possession,POR,Lost,2,01:59.0,https://official.nba.com/archive/challenge-oob-trail-blazers-grizzlies/
38,11/25/24,TOR,DET,Foul,TOR,Won,4,10:12.0,https://official.nba.com/archive/challenge-of-called-foul-raptors-pistons-2/
39,11/25/24,LAC,BOS,Foul,LAC,Won,3,08:11.0,https://official.nba.com/archive/challenge-of-called-foul-clippers-celtics-4/
40,11/25/24,DAL,ATL,Foul,ATL,Lost,1,04:57.0,https://official.nba.com/archive/48377-challenge-oob-mavericks-at-hawks/
41,11/25/24,NOP,IND,Foul,IND,Lost,2,07:33.0,https://official.nba.com/archive/challenge-of-called-foul-pelicans-pacers/
42,11/24/24,BKN,SAC,Possession,BKN,Won,1,03:54.0,https://official.nba.com/archive/48372-challenge-oob-nets-at-kings/
43,11/24/24,TOR,CLE,Possession,CLE,Won,3,06:31.0,https://official.nba.com/archive/challenge-oob-raptors-cavaliers/
44,11/24/24,LAC,PHI,Goaltending,LAC,Won,2,01:54.0,https://official.nba.com/archive/48368-challenge-goaltending-bi-clippers-at-76ers/
45,11/24/24,LAC,PHI,Foul,PHI,Lost,1,07:17.0,https://official.nba.com/archive/challenge-of-called-foul-clippers-76ers-2/
46,11/23/24,DEN,LAL,Foul,LAL,Lost,4,07:49.0,https://official.nba.com/archive/48365-challenge-of-called-foul-nuggets-at-lakers/
47,11/23/24,CHA,MIL,Foul,MIL,Lost,4,02:51.0,https://official.nba.com/archive/challenge-of-called-foul-hornets-bucks/
48,11/23/24,DET,ORL,Foul,ORL,Lost,4,05:36.0,https://official.nba.com/archive/challenge-of-called-foul-pistons-magic-2/
49,11/23/24,MEM,CHI,Foul,CHI,Won,2,09:34.0,https://official.nba.com/archive/challenge-of-called-foul-grizzlies-bulls/
50,11/23/24,POR,HOU,Possession,POR,Won,1,00:47.7,https://official.nba.com/archive/challenge-oob-trail-blazers-rockets/
51,11/23/24,NYK,UTA,Foul,UTA,Lost,2,06:39.0,https://official.nba.com/archive/challenge-of-called-foul-knicks-jazz-2/
52,11/22/24,DAL,DEN,Possession,DEN,Won,4,03:20.0,https://official.nba.com/archive/48349-challenge-oob-mavericks-at-nuggets/
53,11/22/24,SAC,LAC,Foul,SAC,Won,1,11:25.0,https://official.nba.com/archive/challenge-of-called-foul-kings-clippers-2/
54,11/22/24,DAL,DEN,Possession,DEN,Won,1,04:45.0,https://official.nba.com/archive/challenge-oob-mavericks-nuggets-2/
55,11/22/24,GSW,NOP,Foul,NOP,Lost,4,00:02.9,https://official.nba.com/archive/challenge-of-called-foul-warriors-pelicans-4/
56,11/22/24,GSW,NOP,Foul,GSW,Won,4,10:25.0,https://official.nba.com/archive/challenge-of-called-foul-warriors-pelicans-2/
57,11/22/24,ATL,CHI,Foul,CHI,Won,3,07:05.0,https://official.nba.com/archive/challenge-of-called-foul-hawks-bulls/
58,11/22/24,BKN,PHI,Possession,PHI,Won,4,08:02.0,https://official.nba.com/archive/challenge-oob-nets-76ers-3/
59,11/22/24,BKN,PHI,Foul,BKN,Won,3,11:05.0,https://official.nba.com/archive/challenge-of-called-foul-nets-76ers-3/
60,11/22/24,BOS,WAS,Possession,BOS,Lost,2,03:27.0,https://official.nba.com/archive/challenge-oob-celtics-wizards/
61,11/21/24,ORL,LAL,Foul,ORL,Lost,4,00:39.1,https://official.nba.com/archive/challenge-of-called-foul-magic-lakers-2/
62,11/21/24,ORL,LAL,Foul,ORL,Won,3,04:12.0,https://official.nba.com/archive/challenge-of-called-foul-magic-lakers/
63,11/21/24,UTA,SAS,Foul,UTA,Lost,4,08:22.0,https://official.nba.com/archive/challenge-of-called-foul-jazz-spurs-5/
64,11/21/24,UTA,SAS,Foul,UTA,Won,4,11:18.0,https://official.nba.com/archive/challenge-of-called-foul-jazz-spurs-4/
65,11/21/24,UTA,SAS,Possession,SAS,Won,3,02:51.0,https://official.nba.com/archive/challenge-oob-jazz-spurs/
66,11/21/24,DET,CHA,Foul,CHA,Lost,4,00:48.8,https://official.nba.com/archive/challenge-of-called-foul-pistons-hornets-3/
67,11/21/24,DET,CHA,Foul,DET,Won,4,03:26.0,https://official.nba.com/archive/challenge-of-called-foul-pistons-hornets-2/
68,11/20/24,ATL,GSW,Possession,ATL,Won,4,09:21.0,https://official.nba.com/archive/challenge-oob-hawks-warriors/
69,11/20/24,NYK,PHX,Possession,NYK,Won,2,07:50.0,https://official.nba.com/archive/challenge-oob-knicks-suns/
70,11/20/24,POR,OKC,Foul,OKC,Lost,4,03:09.0,https://official.nba.com/archive/challenge-of-called-foul-trail-blazers-thunder-3/
71,11/20/24,POR,OKC,Foul,OKC,Won,4,05:22.0,https://official.nba.com/archive/challenge-of-called-foul-trail-blazers-thunder-4/
72,11/20/24,PHI,MEM,Foul,PHI,Lost,3,03:16.0,https://official.nba.com/archive/challenge-of-called-foul-76ers-grizzlies/
73,11/20/24,IND,HOU,Foul,HOU,Won,2,03:14.0,https://official.nba.com/archive/challenge-of-called-foul-pacers-rockets/
74,11/20/24,IND,HOU,Possession,HOU,Won,1,07:07.0,https://official.nba.com/archive/challenge-oob-pacers-rockets/
75,11/19/24,OKC,SAS,Possession,SAS,Lost,4,00:22.4,https://official.nba.com/archive/challenge-oob-thunder-spurs/
76,11/19/24,OKC,SAS,Foul,OKC,Won,4,03:06.0,https://official.nba.com/archive/challenge-of-called-foul-thunder-spurs/
77,11/19/24,UTA,LAL,Foul,LAL,Lost,2,07:17.0,https://official.nba.com/archive/challenge-of-called-foul-jazz-lakers/
78,11/19/24,NOP,DAL,Foul,DAL,Won,3,10:07.0,https://official.nba.com/archive/challenge-of-called-foul-pelicans-mavericks/
79,11/19/24,NOP,DAL,Possession,DAL,Won,2,09:05.0,https://official.nba.com/archive/challenge-oob-pelicans-mavericks-2/
80,11/19/24,CHA,BKN,Possession,BKN,Lost,3,06:26.0,https://official.nba.com/archive/challenge-oob-hornets-nets/
81,11/19/24,CLE,BOS,Possession,CLE,Won,4,01:12.0,https://official.nba.com/archive/challenge-oob-cavaliers-celtics/
82,11/19/24,CHA,BKN,Foul,CHA,Lost,3,07:41.0,https://official.nba.com/archive/challenge-of-called-foul-hornets-nets-2/
83,11/19/24,CLE,BOS,Foul,BOS,Lost,4,09:02.0,https://official.nba.com/archive/challenge-of-called-foul-cavaliers-celtics-4/
84,11/19/24,CLE,BOS,Foul,CLE,Won,2,08:04.0,https://official.nba.com/archive/challenge-of-called-foul-cavaliers-celtics/
85,11/18/24,ORL,PHX,Foul,PHX,Lost,4,04:08.0,https://official.nba.com/archive/challenge-of-called-foul-magic-suns/
86,11/18/24,GSW,LAC,Possession,LAC,Won,1,04:47.0,https://official.nba.com/archive/48274-challenge-oob-warriors-at-clippers/
87,11/18/24,HOU,MIL,Foul,MIL,Lost,3,02:52.0,https://official.nba.com/archive/challenge-of-called-foul-rockets-bucks-3/
88,11/18/24,PHI,MIA,Possession,PHI,Won,4,08:45.0,https://official.nba.com/archive/48269-challenge-oob-76ers-at-heat/
89,11/18/24,WAS,NYK,Foul,WAS,Lost,3,06:11.0,https://official.nba.com/archive/challenge-of-called-foul-wizards-knicks-3/
90,11/18/24,HOU,MIL,Foul,HOU,Lost,1,00:01.0,https://official.nba.com/archive/challenge-of-called-foul-rockets-bucks/
91,11/17/24,UTA,LAC,Foul,LAC,Won,4,00:56.2,https://official.nba.com/archive/48261-challenge-of-called-foul-jazz-at-clippers/
92,11/17/24,DAL,OKC,Foul,OKC,Won,4,00:19.2,https://official.nba.com/archive/challenge-of-called-foul-mavericks-thunder/
93,11/17/24,DAL,OKC,Foul,DAL,Lost,4,04:36.0,https://official.nba.com/archive/challenge-of-called-foul-mavericks-thunder-8/
94,11/17/24,BKN,NYK,Foul,BKN,Won,4,09:45.0,https://official.nba.com/archive/challenge-of-called-foul-nets-knicks/
95,11/17/24,ATL,POR,Foul,POR,Lost,4,01:30.0,https://official.nba.com/archive/challenge-of-called-foul-hawks-trail-blazers/
96,11/17/24,DEN,MEM,Possession,MEM,Won,4,01:22.0,https://official.nba.com/archive/challenge-oob-nuggets-grizzlies/
97,11/17/24,ATL,POR,Possession,ATL,Won,4,04:12.0,https://official.nba.com/archive/challenge-oob-hawks-trail-blazers/
98,11/17/24,DEN,MEM,Possession,DEN,Won,4,04:26.0,https://official.nba.com/archive/48251-challenge-oob-nuggets-at-grizzlies/
99,11/17/24,BKN,NYK,Possession,NYK,Won,2,02:41.0,https://official.nba.com/archive/challenge-oob-nets-knicks-2/
100,11/17/24,CHA,CLE,Possession,CLE,Lost,3,00:56.7,https://official.nba.com/archive/challenge-oob-hornets-cavaliers/
101,11/17/24,DEN,MEM,Possession,MEM,Won,3,06:24.0,https://official.nba.com/archive/challenge-oob-nuggets-grizzlies-3/
102,11/17/24,MIA,IND,Possession,IND,Won,4,06:47.0,https://official.nba.com/archive/48244-challenge-oob-heat-at-pacers/
103,11/17/24,DET,WAS,Foul,DET,Won,1,05:22.0,https://official.nba.com/archive/challenge-of-called-foul-pistons-wizards-2/
104,11/17/24,PHX,MIN,Foul,PHX,Lost,4,03:59.0,https://official.nba.com/archive/challenge-of-called-foul-suns-timberwolves/
105,11/17/24,MIA,IND,Foul,IND,Won,1,03:16.0,https://official.nba.com/archive/challenge-of-called-foul-heat-pacers-2/
106,11/16/24,UTA,SAC,Possession,SAC,Won,4,00:36.1,https://official.nba.com/archive/challenge-oob-jazz-kings-4/
107,11/16/24,UTA,SAC,Possession,SAC,Won,4,00:38.8,https://official.nba.com/archive/48230-challenge-oob-jazz-at-kings/
108,11/16/24,UTA,SAC,Foul,UTA,Lost,1,00:41.5,https://official.nba.com/archive/challenge-of-called-foul-jazz-kings/
109,11/16/24,TOR,BOS,Possession,TOR,Won,5,00:33.6,https://official.nba.com/archive/48227-challenge-oob-raptors-at-celtics/
110,11/16/24,LAL,NOP,Possession,LAL,Lost,3,09:54.0,https://official.nba.com/archive/challenge-oob-lakers-pelicans/
111,11/16/24,MIL,CHA,Foul,MIL,Lost,4,01:07.0,https://official.nba.com/archive/challenge-of-called-foul-bucks-hornets-3/
112,11/16/24,MIL,CHA,Foul,MIL,Won,4,02:46.0,https://official.nba.com/archive/challenge-of-called-foul-bucks-hornets-6/
113,11/16/24,MIL,CHA,Foul,CHA,Lost,1,01:22.0,https://official.nba.com/archive/challenge-of-called-foul-bucks-hornets-4/
114,11/15/24,MEM,GSW,Foul,GSW,Won,2,01:40.0,https://official.nba.com/archive/challenge-of-called-foul-grizzlies-warriors-2/
115,11/15/24,MIN,SAC,Foul,SAC,Lost,2,05:02.0,https://official.nba.com/archive/challenge-of-called-foul-timberwolves-kings-4/
116,11/15/24,DET,TOR,Possession,DET,Lost,4,01:08.0,https://official.nba.com/archive/challenge-oob-pistons-raptors-2/
117,11/15/24,CHI,CLE,Foul,CLE,Won,3,01:12.0,https://official.nba.com/archive/challenge-of-called-foul-bulls-cavaliers/
118,11/15/24,DET,TOR,Possession,DET,Won,3,02:46.0,https://official.nba.com/archive/challenge-oob-pistons-raptors/
119,11/15/24,PHX,OKC,Foul,OKC,Lost,1,00:29.5,https://official.nba.com/archive/challenge-of-called-foul-suns-thunder/
120,11/15/24,WAS,ATL,Possession,ATL,Lost,2,07:35.0,https://official.nba.com/archive/48178-challenge-oob-wizards-at-hawks/
121,11/15/24,LAL,SAS,Foul,SAS,Lost,1,04:59.0,https://official.nba.com/archive/challenge-of-called-foul-lakers-spurs/
122,11/15/24,PHI,ORL,Goaltending,PHI,Won,2,04:52.0,https://official.nba.com/archive/48173-challenge-goaltending-bi-76ers-at-magic/
123,11/13/24,MEM,LAL,Possession,MEM,Lost,4,00:19.3,https://official.nba.com/archive/48168-challenge-oob-grizzlies-at-lakers/
124,11/13/24,MIN,POR,Foul,MIN,Lost,4,06:39.0,https://official.nba.com/archive/challenge-of-called-foul-timberwolves-trail-blazers-2/
125,11/13/24,MIN,POR,Possession,POR,Won,4,08:28.0,https://official.nba.com/archive/challenge-oob-timberwolves-trail-blazers-3/
126,11/13/24,MIN,POR,Possession,MIN,Won,3,02:27.0,https://official.nba.com/archive/48163-challenge-oob-timberwolves-at-trail-blazers/
127,11/13/24,DET,MIL,Foul,MIL,Lost,5,03:18.0,https://official.nba.com/archive/challenge-of-called-foul-pistons-bucks-3/
128,11/13/24,WAS,SAS,Foul,WAS,Lost,4,00:10.8,https://official.nba.com/archive/challenge-of-called-foul-wizards-spurs/
129,11/13/24,DET,MIL,Foul,DET,Lost,4,01:39.0,https://official.nba.com/archive/challenge-of-called-foul-pistons-bucks-4/
130,11/13/24,WAS,SAS,Foul,SAS,Lost,4,01:55.0,https://official.nba.com/archive/challenge-of-called-foul-wizards-spurs-2/
131,11/13/24,LAC,HOU,Possession,LAC,Won,4,01:52.0,https://official.nba.com/archive/challenge-oob-clippers-rockets/
132,11/13/24,LAC,HOU,Possession,LAC,Won,4,10:16.0,https://official.nba.com/archive/challenge-oob-clippers-rockets-2/
133,11/13/24,BOS,BKN,Foul,BKN,Lost,4,08:57.0,https://official.nba.com/archive/challenge-of-called-foul-celtics-nets-3/
134,11/13/24,NOP,OKC,Foul,NOP,Won,3,02:50.0,https://official.nba.com/archive/challenge-of-called-foul-pelicans-thunder-2/
135,11/13/24,BOS,BKN,Foul,BOS,Won,3,07:38.0,https://official.nba.com/archive/challenge-of-called-foul-celtics-nets/
136,11/13/24,DET,MIL,Foul,MIL,Won,2,03:05.0,https://official.nba.com/archive/challenge-of-called-foul-pistons-bucks-5/
137,11/13/24,IND,ORL,Foul,IND,Won,3,02:31.0,https://official.nba.com/archive/challenge-of-called-foul-pacers-magic-2/
138,11/13/24,NOP,OKC,Foul,OKC,Won,2,03:17.0,https://official.nba.com/archive/challenge-of-called-foul-pelicans-thunder-3/
139,11/13/24,CHI,NYK,Possession,NYK,Lost,1,01:47.0,https://official.nba.com/archive/challenge-oob-bulls-knicks-2/
140,11/12/24,MIN,POR,Possession,POR,Won,4,00:04.2,https://official.nba.com/archive/48131-challenge-oob-timberwolves-at-trail-blazers/
141,11/12/24,MIN,POR,Foul,MIN,Won,4,00:33.8,https://official.nba.com/archive/challenge-of-called-foul-timberwolves-trail-blazers/
142,11/12/24,PHX,UTA,Foul,PHX,Lost,4,08:41.0,https://official.nba.com/archive/challenge-of-called-foul-suns-jazz-5/
143,11/12/24,NYK,PHI,Foul,NYK,Won,4,01:42.0,https://official.nba.com/archive/challenge-of-called-foul-knicks-76ers-5/
144,11/12/24,TOR,MIL,Foul,MIL,Won,3,01:17.0,https://official.nba.com/archive/challenge-of-called-foul-raptors-bucks/
145,11/12/24,PHX,UTA,Foul,UTA,Won,2,10:17.0,https://official.nba.com/archive/challenge-of-called-foul-suns-jazz/
146,11/12/24,NYK,PHI,Foul,NYK,Won,4,09:54.0,https://official.nba.com/archive/challenge-of-called-foul-knicks-76ers-6/
147,11/12/24,CHA,ORL,Foul,CHA,Won,4,04:19.0,https://official.nba.com/archive/challenge-of-called-foul-hornets-magic/
148,11/12/24,ATL,BOS,Foul,ATL,Lost,4,03:05.0,https://official.nba.com/archive/challenge-of-called-foul-hawks-celtics-2/
149,11/12/24,CHA,ORL,Possession,ORL,Won,4,06:14.0,https://official.nba.com/archive/challenge-oob-hornets-magic/
150,11/12/24,NYK,PHI,Foul,PHI,Lost,2,04:33.0,https://official.nba.com/archive/challenge-of-called-foul-knicks-76ers-7/
151,11/12/24,NYK,PHI,Goaltending,PHI,Won,2,07:58.0,https://official.nba.com/archive/48110-challenge-goaltending-bi-knicks-at-76ers/
152,11/12/24,MIA,DET,Foul,DET,Won,1,01:12.0,https://official.nba.com/archive/challenge-of-called-foul-heat-pistons/
153,11/11/24,LAC,OKC,Foul,LAC,Lost,4,01:32.0,https://official.nba.com/archive/challenge-of-called-foul-clippers-thunder-4/
154,11/11/24,BKN,NOP,Possession,BKN,Won,4,00:02.7,https://official.nba.com/archive/challenge-oob-nets-pelicans/
155,11/11/24,SAC,SAS,Possession,SAS,Won,4,01:23.0,https://official.nba.com/archive/challenge-oob-kings-spurs/
156,11/11/24,BKN,NOP,Foul,BKN,Won,4,04:53.0,https://official.nba.com/archive/48100-challenge-of-called-foul-nets-at-pelicans/
157,11/11/24,WAS,HOU,Possession,HOU,Won,3,02:59.0,https://official.nba.com/archive/48097-challenge-oob-wizards-at-rockets/
158,11/11/24,LAC,OKC,Possession,OKC,Lost,3,07:15.0,https://official.nba.com/archive/48096-challenge-oob-clippers-at-thunder/
159,11/11/24,CLE,CHI,Possession,CLE,Won,3,05:42.0,https://official.nba.com/archive/challenge-oob-cavaliers-bulls-2/
160,11/11/24,SAC,SAS,Foul,SAS,Won,3,08:10.0,https://official.nba.com/archive/challenge-of-called-foul-kings-spurs-2/
161,11/11/24,LAC,OKC,Foul,LAC,Won,2,02:53.0,https://official.nba.com/archive/challenge-of-called-foul-clippers-thunder-3/
162,11/10/24,TOR,LAL,Possession,LAL,Won,3,01:15.0,https://official.nba.com/archive/48085-challenge-oob-raptors-at-lakers/
163,11/10/24,DAL,DEN,Foul,DAL,Lost,4,02:44.0,https://official.nba.com/archive/challenge-of-called-foul-mavericks-nuggets-4/
164,11/10/24,SAC,PHX,Foul,PHX,Lost,4,01:09.0,https://official.nba.com/archive/challenge-of-called-foul-kings-suns-3/
165,11/10/24,CHA,PHI,Foul,CHA,Won,5,00:16.3,https://official.nba.com/archive/challenge-of-called-foul-hornets-76ers-4/
166,11/10/24,MIA,MIN,Foul,MIA,Won,4,00:09.0,https://official.nba.com/archive/challenge-of-called-foul-heat-timberwolves-3/
167,11/10/24,MIA,MIN,Foul,MIN,Lost,4,03:36.0,https://official.nba.com/archive/challenge-of-called-foul-heat-timberwolves-2/
168,11/10/24,GSW,OKC,Foul,OKC,Lost,4,04:52.0,https://official.nba.com/archive/challenge-of-called-foul-warriors-thunder-2/
169,11/10/24,SAC,PHX,Possession,SAC,Lost,2,02:21.0,https://official.nba.com/archive/challenge-oob-kings-suns-2/
170,11/10/24,DAL,DEN,Foul,DEN,Won,2,04:48.0,https://official.nba.com/archive/challenge-of-called-foul-mavericks-nuggets/
171,11/10/24,SAC,PHX,Foul,PHX,Won,2,09:56.0,https://official.nba.com/archive/challenge-of-called-foul-kings-suns-2/
172,11/10/24,CHA,PHI,Foul,PHI,Lost,3,10:38.0,https://official.nba.com/archive/challenge-of-called-foul-hornets-76ers-5/
173,11/10/24,GSW,OKC,Foul,GSW,Won,3,11:03.0,https://official.nba.com/archive/challenge-of-called-foul-warriors-thunder/
174,11/10/24,WAS,ORL,Foul,ORL,Lost,3,04:50.0,https://official.nba.com/archive/challenge-of-called-foul-wizards-magic/
175,11/10/24,MIA,MIN,Foul,MIN,Won,1,00:00.9,https://official.nba.com/archive/challenge-of-called-foul-heat-timberwolves/
176,11/10/24,BOS,MIL,Possession,MIL,Won,4,09:02.0,https://official.nba.com/archive/challenge-oob-celtics-bucks-4/
177,11/10/24,HOU,DET,Foul,HOU,Won,2,00:01.7,https://official.nba.com/archive/challenge-of-called-foul-rockets-pistons-2/
178,11/09/24,TOR,LAC,Possession,LAC,Won,3,10:44.0,https://official.nba.com/archive/challenge-oob-raptors-clippers/
179,11/09/24,BKN,CLE,Possession,BKN,Lost,3,03:07.0,https://official.nba.com/archive/challenge-oob-nets-cavaliers-2/
180,11/09/24,BKN,CLE,Possession,CLE,Lost,2,04:57.0,https://official.nba.com/archive/challenge-oob-nets-cavaliers-3/
181,11/09/24,CHI,ATL,Foul,CHI,Won,2,03:04.0,https://official.nba.com/archive/48043-challenge-of-called-foul-bulls-at-hawks/
182,11/09/24,BKN,CLE,Possession,BKN,Won,1,00:37.0,https://official.nba.com/archive/challenge-oob-nets-cavaliers-4/
183,11/09/24,UTA,SAS,Foul,SAS,Lost,4,00:10.1,https://official.nba.com/archive/challenge-of-called-foul-jazz-spurs-3/
184,11/08/24,PHI,LAL,Possession,PHI,Won,4,08:32.0,https://official.nba.com/archive/challenge-oob-76ers-lakers/
185,11/08/24,LAC,SAC,Foul,SAC,Lost,3,11:30.0,https://official.nba.com/archive/challenge-of-called-foul-clippers-kings/
186,11/08/24,MIA,DEN,Possession,MIA,Won,4,05:04.0,https://official.nba.com/archive/48034-challenge-oob-heat-at-nuggets/
187,11/08/24,POR,MIN,Foul,POR,Lost,4,06:58.0,https://official.nba.com/archive/challenge-of-called-foul-trail-blazers-timberwolves-4/
188,11/08/24,WAS,MEM,Foul,MEM,Won,4,04:17.0,https://official.nba.com/archive/challenge-of-called-foul-wizards-grizzlies-2/
189,11/08/24,PHI,LAL,Foul,LAL,Won,1,10:05.0,https://official.nba.com/archive/challenge-of-called-foul-76ers-lakers/
190,11/08/24,POR,MIN,Foul,MIN,Lost,2,03:55.0,https://official.nba.com/archive/challenge-of-called-foul-trail-blazers-timberwolves-3/
191,11/08/24,WAS,MEM,Foul,WAS,Lost,3,02:03.0,https://official.nba.com/archive/challenge-of-called-foul-wizards-grizzlies/
192,11/08/24,PHX,DAL,Possession,DAL,Lost,4,09:39.0,https://official.nba.com/archive/challenge-oob-suns-mavericks/
193,11/08/24,HOU,OKC,Foul,OKC,Won,3,11:41.0,https://official.nba.com/archive/challenge-of-called-foul-rockets-thunder-2/
194,11/08/24,PHX,DAL,Foul,PHX,Lost,3,02:39.0,https://official.nba.com/archive/challenge-of-called-foul-suns-mavericks-2/
195,11/08/24,GSW,CLE,Foul,CLE,Lost,3,02:17.0,https://official.nba.com/archive/challenge-of-called-foul-warriors-cavaliers/
196,11/08/24,MIL,NYK,Foul,MIL,Lost,3,07:45.0,https://official.nba.com/archive/challenge-of-called-foul-bucks-knicks-5/
197,11/08/24,BKN,BOS,Possession,BOS,Won,3,06:52.0,https://official.nba.com/archive/48016-challenge-oob-nets-at-celtics/
198,11/08/24,ATL,DET,Foul,ATL,Lost,2,00:31.0,https://official.nba.com/archive/challenge-of-called-foul-hawks-pistons-2/
199,11/08/24,NOP,ORL,Goaltending,ORL,Won,2,00:17.1,https://official.nba.com/archive/48011-challenge-goaltending-bi-pelicans-at-magic/
200,11/08/24,MIL,NYK,Foul,MIL,Won,1,09:17.0,https://official.nba.com/archive/challenge-of-called-foul-bucks-knicks/
201,11/08/24,ATL,DET,Foul,DET,Lost,2,10:53.0,https://official.nba.com/archive/challenge-of-called-foul-hawks-pistons/
202,11/07/24,POR,SAS,Foul,POR,Lost,4,06:37.0,https://official.nba.com/archive/challenge-of-called-foul-trail-blazers-spurs/
203,11/07/24,MIN,CHI,Foul,MIN,Won,4,08:23.0,https://official.nba.com/archive/challenge-of-called-foul-timberwolves-bulls/
204,11/07/24,MIN,CHI,Foul,CHI,Won,3,07:57.0,https://official.nba.com/archive/challenge-of-called-foul-timberwolves-bulls-2/
205,11/06/24,PHI,LAC,Foul,PHI,Lost,3,02:14.0,https://official.nba.com/archive/challenge-of-called-foul-76ers-clippers/
206,11/06/24,OKC,DEN,Foul,OKC,Lost,4,00:27.0,https://official.nba.com/archive/challenge-of-called-foul-thunder-nuggets/
207,11/06/24,MIA,PHX,Foul,PHX,Lost,4,05:33.0,https://official.nba.com/archive/challenge-of-called-foul-heat-suns-3/
208,11/06/24,MIA,PHX,Foul,PHX,Won,3,08:40.0,https://official.nba.com/archive/challenge-of-called-foul-heat-suns-2/
209,11/06/24,CLE,NOP,Foul,NOP,Lost,4,07:44.0,https://official.nba.com/archive/challenge-of-called-foul-cavaliers-pelicans-3/
210,11/06/24,CLE,NOP,Foul,CLE,Won,3,00:56.3,https://official.nba.com/archive/challenge-of-called-foul-cavaliers-pelicans-2/
211,11/06/24,SAS,HOU,Goaltending,SAS,Won,4,11:27.0,https://official.nba.com/archive/47988-challenge-goaltending-bi-spurs-at-rockets/
212,11/06/24,GSW,BOS,Foul,BOS,Lost,4,05:28.0,https://official.nba.com/archive/challenge-of-called-foul-warriors-celtics-3/
213,11/06/24,NYK,ATL,Goaltending,ATL,Won,4,02:46.0,https://official.nba.com/archive/47985-challenge-goaltending-bi-knicks-at-hawks/
214,11/06/24,CLE,NOP,Foul,CLE,Won,2,05:22.0,https://official.nba.com/archive/challenge-of-called-foul-cavaliers-pelicans/
215,11/06/24,LAL,MEM,Foul,LAL,Won,2,07:24.0,https://official.nba.com/archive/challenge-of-called-foul-lakers-grizzlies/
216,11/06/24,NYK,ATL,Possession,NYK,Won,1,02:05.0,https://official.nba.com/archive/challenge-oob-knicks-hawks/
217,11/04/24,POR,NOP,Foul,NOP,Lost,4,04:34.0,https://official.nba.com/archive/challenge-of-called-foul-trail-blazers-pelicans-2/
218,11/04/24,ORL,OKC,Foul,OKC,Lost,4,03:13.0,https://official.nba.com/archive/challenge-of-called-foul-magic-thunder-3/
219,11/04/24,PHI,PHX,Foul,PHX,Won,2,05:02.0,https://official.nba.com/archive/challenge-of-called-foul-76ers-suns/
220,11/04/24,ORL,OKC,Foul,OKC,Won,3,00:35.5,https://official.nba.com/archive/challenge-of-called-foul-magic-thunder-2/
221,11/04/24,CHA,MIN,Foul,MIN,Won,4,11:03.0,https://official.nba.com/archive/challenge-of-called-foul-hornets-timberwolves-2/
222,11/04/24,IND,DAL,Foul,IND,Won,2,09:29.0,https://official.nba.com/archive/challenge-of-called-foul-pacers-mavericks-2/
223,11/04/24,SAC,MIA,Foul,SAC,Lost,4,08:41.0,https://official.nba.com/archive/challenge-of-called-foul-kings-heat/
224,11/04/24,IND,DAL,Foul,DAL,Lost,1,07:48.0,https://official.nba.com/archive/challenge-of-called-foul-pacers-mavericks/
225,11/04/24,CHA,MIN,Possession,CHA,Lost,2,02:37.0,https://official.nba.com/archive/challenge-oob-hornets-timberwolves-2/
226,11/04/24,UTA,CHI,Foul,CHI,Lost,2,03:31.0,https://official.nba.com/archive/challenge-of-called-foul-jazz-bulls-2/
227,11/04/24,MEM,BKN,Possession,MEM,Won,3,07:16.0,https://official.nba.com/archive/challenge-oob-grizzlies-nets-2/
228,11/04/24,NYK,HOU,Possession,HOU,Won,2,11:16.0,https://official.nba.com/archive/47948-challenge-oob-knicks-at-rockets/
229,11/04/24,LAL,DET,Foul,DET,Won,3,01:26.0,https://official.nba.com/archive/challenge-of-called-foul-lakers-pistons/
230,11/04/24,MEM,BKN,Foul,BKN,Lost,2,08:03.0,https://official.nba.com/archive/challenge-of-called-foul-grizzlies-nets/
231,11/04/24,MIL,CLE,Foul,CLE,Lost,2,01:23.0,https://official.nba.com/archive/challenge-of-called-foul-bucks-cavaliers/
232,11/03/24,ORL,DAL,Foul,ORL,Won,2,06:14.0,https://official.nba.com/archive/challenge-of-called-foul-magic-mavericks/
233,11/03/24,ORL,DAL,Foul,DAL,Lost,1,01:02.0,https://official.nba.com/archive/challenge-of-called-foul-magic-mavericks-4/
234,11/03/24,DET,BKN,Foul,BKN,Won,4,05:52.0,https://official.nba.com/archive/challenge-of-called-foul-pistons-nets/
235,11/02/24,OKC,LAC,Foul,LAC,Lost,4,05:05.0,https://official.nba.com/archive/challenge-of-called-foul-thunder-clippers-3/
236,11/02/24,POR,PHX,Possession,POR,Lost,4,04:13.0,https://official.nba.com/archive/47921-challenge-oob-trail-blazers-at-suns/
237,11/02/24,OKC,LAC,Foul,LAC,Won,3,09:39.0,https://official.nba.com/archive/challenge-of-called-foul-thunder-clippers-2/
238,11/02/24,UTA,DEN,Possession,UTA,Lost,2,05:19.0,https://official.nba.com/archive/47915-challenge-oob-jazz-at-nuggets/
239,11/02/24,POR,PHX,Possession,PHX,Won,1,02:43.0,https://official.nba.com/archive/47914-challenge-oob-trail-blazers-at-suns/
240,11/02/24,GSW,HOU,Foul,GSW,Lost,4,01:47.0,https://official.nba.com/archive/challenge-of-called-foul-warriors-rockets-3/
241,11/02/24,POR,PHX,Possession,POR,Won,1,06:49.0,https://official.nba.com/archive/challenge-oob-trail-blazers-suns/
242,11/02/24,SAC,TOR,Foul,TOR,Lost,4,03:38.0,https://official.nba.com/archive/challenge-of-called-foul-kings-raptors-2/
243,11/02/24,SAC,TOR,Foul,SAC,Lost,4,08:00.0,https://official.nba.com/archive/challenge-of-called-foul-kings-raptors/
244,11/02/24,GSW,HOU,Foul,HOU,Lost,3,09:11.0,https://official.nba.com/archive/47906-challenge-of-called-foul-warriors-at-rockets/
245,11/02/24,BOS,CHA,Foul,BOS,Won,4,07:21.0,https://official.nba.com/archive/challenge-of-called-foul-celtics-hornets-2/
246,11/02/24,BOS,CHA,Possession,CHA,Won,3,06:21.0,https://official.nba.com/archive/challenge-oob-celtics-hornets/
247,11/01/24,OKC,POR,Foul,OKC,Won,3,10:52.0,https://official.nba.com/archive/47896-challenge-of-called-foul-thunder-at-trail-blazers/
248,11/01/24,DEN,MIN,Foul,DEN,Lost,3,01:01.0,https://official.nba.com/archive/challenge-of-called-foul-nuggets-timberwolves/
249,11/01/24,OKC,POR,Foul,POR,Lost,1,06:49.0,https://official.nba.com/archive/challenge-of-called-foul-thunder-trail-blazers-2/
250,11/01/24,SAC,ATL,Foul,SAC,Won,4,04:28.0,https://official.nba.com/archive/challenge-of-called-foul-kings-hawks-3/
251,11/01/24,LAL,TOR,Foul,LAL,Won,3,00:20.9,https://official.nba.com/archive/47887-challenge-of-called-foul-lakers-at-raptors/
252,11/01/24,IND,NOP,Possession,NOP,Won,3,09:15.0,https://official.nba.com/archive/47886-challenge-oob-pacers-at-pelicans/
253,11/01/24,CHI,BKN,Foul,BKN,Won,3,10:32.0,https://official.nba.com/archive/challenge-of-called-foul-bulls-nets-3/
254,11/01/24,NYK,DET,Foul,DET,Won,4,08:52.0,https://official.nba.com/archive/47882-challenge-of-called-foul-knicks-at-pistons/
255,11/01/24,SAC,ATL,Foul,ATL,Lost,2,02:50.0,https://official.nba.com/archive/challenge-of-called-foul-kings-hawks-4/
256,11/01/24,BOS,CHA,Possession,BOS,Won,3,08:10.0,https://official.nba.com/archive/47876-challenge-oob-celtics-at-hornets/
0,12/31/24,MEM,PHX,Possession,PHX,Won,1,03:22.0,https://official.nba.com/archive/challenge-oob-grizzlies-suns/
1,12/31/24,MIN,OKC,Possession,OKC,Lost,3,10:29.0,https://official.nba.com/archive/49011-challenge-oob-timberwolves-at-thunder/
2,12/31/24,MIL,IND,Foul,IND,Won,4,00:21.2,https://official.nba.com/archive/challenge-of-called-foul-bucks-pacers-8/
3,12/31/24,MIL,IND,Foul,MIL,Lost,4,00:23.6,https://official.nba.com/archive/challenge-of-called-foul-bucks-pacers-2/
4,12/31/24,MIL,IND,Foul,MIL,Won,4,01:10.0,https://official.nba.com/archive/challenge-of-called-foul-bucks-pacers/
5,12/31/24,TOR,BOS,Possession,TOR,Won,3,00:58.8,https://official.nba.com/archive/challenge-oob-raptors-celtics-4/
6,12/31/24,TOR,BOS,Possession,TOR,Won,2,08:52.0,https://official.nba.com/archive/challenge-oob-raptors-celtics-3/
7,12/30/24,PHI,POR,Goaltending,POR,Lost,4,05:57.0,https://official.nba.com/archive/49002-challenge-goaltending-bi-76ers-at-trail-blazers/
8,12/30/24,DAL,SAC,Foul,SAC,Lost,4,07:59.0,https://official.nba.com/archive/challenge-of-called-foul-mavericks-kings-4/
9,12/30/24,PHI,POR,Foul,PHI,Lost,3,01:19.0,https://official.nba.com/archive/challenge-of-called-foul-76ers-trail-blazers-2/
10,12/30/24,DAL,SAC,Foul,DAL,Won,3,09:17.0,https://official.nba.com/archive/challenge-of-called-foul-mavericks-kings-3/
11,12/30/24,CLE,GSW,Foul,CLE,Won,2,09:17.0,https://official.nba.com/archive/challenge-of-called-foul-cavaliers-warriors/
12,12/30/24,LAC,NOP,Foul,NOP,Lost,4,00:17.9,https://official.nba.com/archive/challenge-of-called-foul-clippers-pelicans-5/
13,12/30/24,LAC,NOP,Possession,NOP,Won,4,02:34.0,https://official.nba.com/archive/challenge-oob-clippers-pelicans-2/
14,12/30/24,PHI,POR,Possession,POR,Won,1,11:24.0,https://official.nba.com/archive/challenge-oob-76ers-trail-blazers/
15,12/30/24,LAC,NOP,Foul,LAC,Won,3,10:07.0,https://official.nba.com/archive/challenge-of-called-foul-clippers-pelicans-4/
16,12/30/24,LAC,NOP,Foul,LAC,Won,2,00:35.1,https://official.nba.com/archive/challenge-of-called-foul-clippers-pelicans-3/
17,12/30/24,CHI,CHA,Foul,CHI,Lost,4,06:01.0,https://official.nba.com/archive/challenge-of-called-foul-bulls-hornets-5/
18,12/30/24,CHI,CHA,Foul,CHA,Lost,2,08:59.0,https://official.nba.com/archive/challenge-of-called-foul-bulls-hornets-4/
19,12/29/24,SAS,MIN,Foul,MIN,Won,4,04:44.0,https://official.nba.com/archive/48983-challenge-of-called-foul-spurs-at-timberwolves/
20,12/29/24,MEM,OKC,Foul,OKC,Lost,4,02:13.0,https://official.nba.com/archive/48979-challenge-of-called-foul-grizzlies-at-thunder/
21,12/29/24,MEM,OKC,Foul,MEM,Won,3,07:33.0,https://official.nba.com/archive/challenge-of-called-foul-grizzlies-thunder-3/
22,12/29/24,MEM,OKC,Foul,OKC,Won,2,07:47.0,https://official.nba.com/archive/challenge-of-called-foul-grizzlies-thunder-4/
23,12/29/24,MIA,HOU,Foul,HOU,Won,1,00:33.7,https://official.nba.com/archive/challenge-of-called-foul-heat-rockets/
24,12/29/24,ATL,TOR,Possession,ATL,Won,2,01:41.0,https://official.nba.com/archive/challenge-oob-hawks-raptors/
25,12/29/24,BKN,ORL,Foul,ORL,Lost,4,00:06.2,https://official.nba.com/archive/challenge-of-called-foul-nets-magic-2/
26,12/29/24,BKN,ORL,Foul,BKN,Won,2,03:34.0,https://official.nba.com/archive/challenge-of-called-foul-nets-magic-6/
27,12/28/24,SAC,LAL,Foul,SAC,Lost,4,05:20.0,https://official.nba.com/archive/challenge-of-called-foul-kings-lakers-2/
28,12/28/24,SAC,LAL,Possession,SAC,Won,4,06:10.0,https://official.nba.com/archive/challenge-oob-kings-lakers-3/
29,12/28/24,DAL,POR,Foul,DAL,Lost,4,01:21.0,https://official.nba.com/archive/challenge-of-called-foul-mavericks-trail-blazers-6/
30,12/28/24,DAL,POR,Foul,POR,Lost,4,03:55.0,https://official.nba.com/archive/challenge-of-called-foul-mavericks-trail-blazers-5/
31,12/28/24,PHI,UTA,Possession,PHI,Won,4,00:08.9,https://official.nba.com/archive/challenge-oob-76ers-jazz-2/
32,12/28/24,DAL,POR,Possession,DAL,Won,4,09:40.0,https://official.nba.com/archive/challenge-oob-mavericks-trail-blazers/
33,12/28/24,PHI,UTA,Foul,UTA,Lost,4,00:18.2,https://official.nba.com/archive/challenge-of-called-foul-76ers-jazz/
34,12/28/24,PHI,UTA,Possession,PHI,Won,4,00:41.2,https://official.nba.com/archive/challenge-oob-76ers-jazz/
35,12/28/24,SAC,LAL,Possession,LAL,Won,1,02:57.0,https://official.nba.com/archive/challenge-oob-kings-lakers-2/
36,12/28/24,DET,DEN,Possession,DEN,Lost,2,03:14.0,https://official.nba.com/archive/48951-challenge-oob-pistons-at-nuggets/
37,12/28/24,DET,DEN,Possession,DEN,Won,2,04:57.0,https://official.nba.com/archive/challenge-oob-pistons-nuggets/
38,12/28/24,DET,DEN,Foul,DET,Won,1,05:38.0,https://official.nba.com/archive/challenge-of-called-foul-pistons-nuggets-4/
39,12/28/24,PHX,GSW,Possession,PHX,Lost,1,02:55.0,https://official.nba.com/archive/challenge-oob-suns-warriors/
40,12/28/24,OKC,CHA,Foul,CHA,Won,4,02:05.0,https://official.nba.com/archive/challenge-of-called-foul-thunder-hornets-2/
41,12/28/24,OKC,CHA,Foul,OKC,Lost,1,09:56.0,https://official.nba.com/archive/challenge-of-called-foul-thunder-hornets/
42,12/28/24,MIA,ATL,Foul,ATL,Lost,4,07:01.0,https://official.nba.com/archive/challenge-of-called-foul-heat-hawks-5/
43,12/27/24,CLE,DEN,Possession,DEN,Lost,4,03:00.0,https://official.nba.com/archive/challenge-oob-cavaliers-nuggets-2/
44,12/27/24,DAL,PHX,Foul,PHX,Lost,4,03:57.0,https://official.nba.com/archive/challenge-of-called-foul-mavericks-suns-2/
45,12/27/24,DAL,PHX,Foul,PHX,Won,3,00:49.4,https://official.nba.com/archive/challenge-of-called-foul-mavericks-suns-3/
46,12/27/24,MIN,HOU,Foul,HOU,Lost,4,03:01.0,https://official.nba.com/archive/challenge-of-called-foul-timberwolves-rockets-2/
47,12/27/24,SAS,BKN,Goaltending,SAS,Won,4,03:41.0,https://official.nba.com/archive/48922-challenge-goaltending-bi-spurs-at-nets/
48,12/27/24,MEM,NOP,Foul,NOP,Won,3,04:13.0,https://official.nba.com/archive/challenge-of-called-foul-grizzlies-pelicans-5/
49,12/27/24,MIN,HOU,Foul,HOU,Won,3,02:08.0,https://official.nba.com/archive/challenge-of-called-foul-timberwolves-rockets-4/
50,12/27/24,CLE,DEN,Possession,CLE,Won,2,11:07.0,https://official.nba.com/archive/challenge-oob-cavaliers-nuggets-3/
51,12/27/24,MEM,NOP,Foul,MEM,Won,3,07:37.0,https://official.nba.com/archive/challenge-of-called-foul-grizzlies-pelicans-6/
52,12/27/24,SAS,BKN,Possession,BKN,Won,4,11:47.0,https://official.nba.com/archive/challenge-oob-spurs-nets/
53,12/27/24,MEM,NOP,Goaltending,NOP,Won,3,10:12.0,https://official.nba.com/archive/48916-challenge-goaltending-bi-grizzlies-at-pelicans/
54,12/27/24,SAS,BKN,Foul,BKN,Won,3,00:00.2,https://official.nba.com/archive/challenge-of-called-foul-spurs-nets-2/
55,12/27/24,NYK,ORL,Possession,ORL,Won,3,08:49.0,https://official.nba.com/archive/challenge-oob-knicks-magic-5/
56,12/27/24,MIN,HOU,Foul,MIN,Lost,1,00:41.5,https://official.nba.com/archive/challenge-of-called-foul-timberwolves-rockets-3/
57,12/27/24,NYK,ORL,Possession,NYK,Won,2,06:26.0,https://official.nba.com/archive/challenge-oob-knicks-magic-4/
58,12/26/24,DET,SAC,Foul,DET,Lost,2,02:34.0,https://official.nba.com/archive/challenge-of-called-foul-pistons-kings/
59,12/26/24,DET,SAC,Possession,SAC,Won,2,07:01.0,https://official.nba.com/archive/challenge-oob-pistons-kings/
60,12/26/24,CHI,ATL,Foul,ATL,Lost,4,09:40.0,https://official.nba.com/archive/challenge-of-called-foul-bulls-hawks/
61,12/26/24,CHA,WAS,Foul,WAS,Won,4,00:38.3,https://official.nba.com/archive/challenge-of-called-foul-hornets-wizards-4/
62,12/26/24,CHA,WAS,Possession,CHA,Won,4,01:59.0,https://official.nba.com/archive/48895-challenge-oob-hornets-at-wizards/
63,12/26/24,MIA,ORL,Foul,ORL,Lost,4,07:25.0,https://official.nba.com/archive/challenge-of-called-foul-heat-magic-3/
64,12/25/24,DEN,PHX,Foul,PHX,Lost,5,05:16.0,https://official.nba.com/archive/48887-challenge-of-called-foul-nuggets-at-suns/
65,12/25/24,LAL,GSW,Foul,LAL,Won,4,08:16.0,https://official.nba.com/archive/challenge-of-called-foul-lakers-warriors-2/
66,12/25/24,PHI,BOS,Foul,PHI,Won,1,08:20.0,https://official.nba.com/archive/challenge-of-called-foul-76ers-celtics-2/
67,12/25/24,MIN,DAL,Possession,MIN,Lost,4,02:19.0,https://official.nba.com/archive/48883-challenge-oob-timberwolves-at-mavericks/
68,12/25/24,MIN,DAL,Foul,DAL,Won,1,01:33.0,https://official.nba.com/archive/challenge-of-called-foul-timberwolves-mavericks/
69,12/25/24,SAS,NYK,Goaltending,SAS,Won,3,03:36.0,https://official.nba.com/archive/48879-challenge-goaltending-bi-spurs-at-knicks/
70,12/25/24,SAS,NYK,Foul,NYK,Won,1,01:58.0,https://official.nba.com/archive/challenge-of-called-foul-spurs-knicks-2/
71,12/23/24,DET,LAL,Foul,DET,Won,4,00:28.9,https://official.nba.com/archive/challenge-of-called-foul-pistons-lakers-2/
72,12/23/24,DET,LAL,Foul,DET,Won,4,08:03.0,https://official.nba.com/archive/challenge-of-called-foul-pistons-lakers/
73,12/23/24,IND,GSW,Possession,IND,Won,4,00:27.8,https://official.nba.com/archive/challenge-oob-pacers-warriors-3/
74,12/23/24,IND,GSW,Possession,GSW,Won,4,06:10.0,https://official.nba.com/archive/challenge-oob-pacers-warriors/
75,12/23/24,PHX,DEN,Foul,DEN,Won,3,06:04.0,https://official.nba.com/archive/challenge-of-called-foul-suns-nuggets-4/
76,12/23/24,PHX,DEN,Foul,PHX,Won,2,04:27.0,https://official.nba.com/archive/challenge-of-called-foul-suns-nuggets/
77,12/23/24,IND,GSW,Foul,GSW,Won,2,07:29.0,https://official.nba.com/archive/challenge-of-called-foul-pacers-warriors-4/
78,12/23/24,LAC,MEM,Foul,LAC,Won,4,09:01.0,https://official.nba.com/archive/challenge-of-called-foul-clippers-grizzlies-2/
79,12/23/24,WAS,OKC,Possession,OKC,Won,3,00:50.3,https://official.nba.com/archive/challenge-oob-wizards-thunder/
80,12/23/24,UTA,CLE,Foul,UTA,Lost,4,00:33.2,https://official.nba.com/archive/challenge-of-called-foul-jazz-cavaliers/
81,12/23/24,LAC,MEM,Foul,MEM,Lost,3,02:09.0,https://official.nba.com/archive/challenge-of-called-foul-clippers-grizzlies-3/
82,12/23/24,BOS,ORL,Foul,BOS,Lost,4,01:59.0,https://official.nba.com/archive/challenge-of-called-foul-celtics-magic/
83,12/23/24,BOS,ORL,Foul,ORL,Won,4,03:36.0,https://official.nba.com/archive/challenge-of-called-foul-celtics-magic-4/
84,12/23/24,WAS,OKC,Foul,OKC,Won,2,03:10.0,https://official.nba.com/archive/challenge-of-called-foul-wizards-thunder/
85,12/23/24,LAC,MEM,Foul,MEM,Won,2,06:52.0,https://official.nba.com/archive/challenge-of-called-foul-clippers-grizzlies-4/
86,12/23/24,MIN,ATL,Foul,MIN,Won,2,00:20.9,https://official.nba.com/archive/challenge-of-called-foul-timberwolves-hawks/
87,12/23/24,LAC,MEM,Foul,LAC,Won,1,04:49.0,https://official.nba.com/archive/challenge-of-called-foul-clippers-grizzlies-5/
88,12/23/24,MIN,ATL,Foul,ATL,Won,1,08:44.0,https://official.nba.com/archive/challenge-of-called-foul-timberwolves-hawks-2/
89,12/22/24,DEN,NOP,Foul,DEN,Lost,3,05:02.0,https://official.nba.com/archive/challenge-of-called-foul-nuggets-pelicans-2/
90,12/22/24,DEN,NOP,Possession,NOP,Won,3,06:14.0,https://official.nba.com/archive/challenge-oob-nuggets-pelicans/
91,12/22/24,IND,SAC,Foul,IND,Won,3,06:47.0,https://official.nba.com/archive/challenge-of-called-foul-pacers-kings/
92,12/22/24,HOU,TOR,Foul,TOR,Lost,2,02:50.0,https://official.nba.com/archive/challenge-of-called-foul-rockets-raptors-2/
93,12/21/24,LAC,DAL,Foul,DAL,Won,4,03:21.0,https://official.nba.com/archive/challenge-of-called-foul-clippers-mavericks-14/
94,12/21/24,POR,SAS,Foul,POR,Won,3,00:25.2,https://official.nba.com/archive/challenge-of-called-foul-trail-blazers-spurs-3/
95,12/21/24,MEM,ATL,Possession,MEM,Won,4,08:57.0,https://official.nba.com/archive/challenge-oob-grizzlies-hawks/
96,12/21/24,MIA,ORL,Possession,MIA,Lost,4,04:14.0,https://official.nba.com/archive/48823-challenge-oob-heat-at-magic/
97,12/21/24,GSW,MIN,Foul,MIN,Lost,2,03:57.0,https://official.nba.com/archive/48822-challenge-of-called-foul-warriors-at-timberwolves/
98,12/21/24,DET,PHX,Foul,DET,Won,1,06:04.0,https://official.nba.com/archive/challenge-of-called-foul-pistons-suns/
99,12/21/24,BOS,CHI,Possession,CHI,Won,3,09:29.0,https://official.nba.com/archive/challenge-oob-celtics-bulls/
100,12/21/24,LAC,DAL,Foul,LAC,Lost,2,08:37.0,https://official.nba.com/archive/challenge-of-called-foul-clippers-mavericks-3/
101,12/21/24,UTA,BKN,Possession,BKN,Won,3,09:24.0,https://official.nba.com/archive/challenge-oob-jazz-nets/
102,12/21/24,MIA,ORL,Foul,ORL,Lost,2,06:50.0,https://official.nba.com/archive/challenge-of-called-foul-heat-magic-2/
103,12/21/24,LAL,SAC,Foul,SAC,Won,4,10:39.0,https://official.nba.com/archive/challenge-of-called-foul-lakers-kings-3/
104,12/21/24,LAL,SAC,Foul,SAC,Won,1,01:40.0,https://official.nba.com/archive/challenge-of-called-foul-lakers-kings-5/
105,12/20/24,OKC,MIA,Foul,OKC,Lost,3,04:17.0,https://official.nba.com/archive/challenge-of-called-foul-thunder-heat/
106,12/20/24,CHA,PHI,Possession,CHA,Won,4,07:30.0,https://official.nba.com/archive/challenge-oob-hornets-76ers/
107,12/20/24,CHA,PHI,Foul,PHI,Won,2,00:40.6,https://official.nba.com/archive/challenge-of-called-foul-hornets-76ers-6/
108,12/19/24,DEN,POR,Foul,DEN,Lost,4,00:24.8,https://official.nba.com/archive/challenge-of-called-foul-nuggets-trail-blazers-3/
109,12/19/24,DEN,POR,Possession,DEN,Won,3,05:17.0,https://official.nba.com/archive/challenge-oob-nuggets-trail-blazers-3/
110,12/19/24,NYK,MIN,Foul,NYK,Won,3,02:54.0,https://official.nba.com/archive/challenge-of-called-foul-knicks-timberwolves-2/
111,12/19/24,NYK,MIN,Foul,MIN,Lost,3,06:39.0,https://official.nba.com/archive/challenge-of-called-foul-knicks-timberwolves/
112,12/19/24,LAL,SAC,Foul,SAC,Won,2,07:01.0,https://official.nba.com/archive/challenge-of-called-foul-lakers-kings-2/
113,12/19/24,LAL,SAC,Foul,LAL,Lost,2,08:40.0,https://official.nba.com/archive/challenge-of-called-foul-lakers-kings/
114,12/19/24,LAC,DAL,Foul,DAL,Lost,4,07:52.0,https://official.nba.com/archive/challenge-of-called-foul-clippers-mavericks-2/
115,12/19/24,ATL,SAS,Possession,ATL,Won,4,00:08.2,https://official.nba.com/archive/challenge-oob-hawks-spurs/
116,12/19/24,IND,PHX,Possession,PHX,Won,3,09:26.0,https://official.nba.com/archive/challenge-oob-pacers-suns/
117,12/19/24,UTA,DET,Possession,UTA,Lost,4,01:27.0,https://official.nba.com/archive/challenge-oob-jazz-pistons-2/
118,12/19/24,ATL,SAS,Foul,ATL,Won,3,10:17.0,https://official.nba.com/archive/challenge-of-called-foul-hawks-spurs-3/
119,12/19/24,CHA,WAS,Foul,CHA,Won,4,00:29.7,https://official.nba.com/archive/challenge-of-called-foul-hornets-wizards-3/
120,12/19/24,GSW,MEM,Foul,GSW,Won,3,09:10.0,https://official.nba.com/archive/challenge-of-called-foul-warriors-grizzlies/
121,12/19/24,BKN,TOR,Foul,TOR,Lost,3,03:30.0,https://official.nba.com/archive/challenge-of-called-foul-nets-raptors-4/
122,12/19/24,CHA,WAS,Possession,WAS,Won,4,03:12.0,https://official.nba.com/archive/challenge-oob-hornets-wizards/
123,12/19/24,UTA,DET,Possession,DET,Lost,4,05:57.0,https://official.nba.com/archive/challenge-oob-jazz-pistons/
124,12/19/24,NOP,HOU,Possession,HOU,Lost,4,05:49.0,https://official.nba.com/archive/challenge-oob-pelicans-rockets/
125,12/19/24,CHI,BOS,Possession,BOS,Lost,3,08:52.0,https://official.nba.com/archive/48766-challenge-oob-bulls-at-celtics/
126,12/19/24,OKC,ORL,Foul,ORL,Won,3,06:27.0,https://official.nba.com/archive/challenge-of-called-foul-thunder-magic-2/
127,12/19/24,BKN,TOR,Foul,BKN,Won,2,03:06.0,https://official.nba.com/archive/challenge-of-called-foul-nets-raptors-3/
128,12/19/24,OKC,ORL,Possession,OKC,Won,2,05:10.0,https://official.nba.com/archive/challenge-oob-thunder-magic/
129,12/16/24,UTA,LAC,Foul,UTA,Won,3,01:03.0,https://official.nba.com/archive/challenge-of-called-foul-jazz-clippers-2/
130,12/16/24,UTA,LAC,Foul,UTA,Won,3,06:31.0,https://official.nba.com/archive/challenge-of-called-foul-jazz-clippers/
131,12/16/24,DEN,SAC,Possession,DEN,Won,2,07:28.0,https://official.nba.com/archive/challenge-oob-nuggets-kings/
132,12/16/24,CHI,TOR,Possession,TOR,Won,3,03:25.0,https://official.nba.com/archive/challenge-oob-bulls-raptors/
133,12/16/24,MIA,DET,Foul,DET,Lost,3,05:40.0,https://official.nba.com/archive/challenge-of-called-foul-heat-pistons-2/
134,12/16/24,CHI,TOR,Foul,CHI,Lost,2,01:36.0,https://official.nba.com/archive/challenge-of-called-foul-bulls-raptors-2/
135,12/16/24,CLE,BKN,Foul,CLE,Lost,1,02:03.0,https://official.nba.com/archive/challenge-of-called-foul-cavaliers-nets-2/
136,12/16/24,PHI,CHA,Foul,PHI,Lost,2,09:12.0,https://official.nba.com/archive/challenge-of-called-foul-76ers-hornets-2/
137,12/15/24,MEM,LAL,Foul,MEM,Won,4,02:32.0,https://official.nba.com/archive/challenge-of-called-foul-grizzlies-lakers-2/
138,12/15/24,MEM,LAL,Foul,LAL,Won,4,03:41.0,https://official.nba.com/archive/challenge-of-called-foul-grizzlies-lakers/
139,12/15/24,MEM,LAL,Possession,MEM,Won,3,05:46.0,https://official.nba.com/archive/challenge-oob-grizzlies-lakers-2/
140,12/15/24,DAL,GSW,Foul,DAL,Won,3,01:33.0,https://official.nba.com/archive/challenge-of-called-foul-mavericks-warriors/
141,12/15/24,DAL,GSW,Possession,GSW,Lost,3,06:25.0,https://official.nba.com/archive/48728-challenge-oob-mavericks-at-warriors/
142,12/15/24,POR,PHX,Foul,POR,Won,4,06:14.0,https://official.nba.com/archive/challenge-of-called-foul-trail-blazers-suns-3/
143,12/15/24,DAL,GSW,Possession,DAL,Won,2,01:58.0,https://official.nba.com/archive/challenge-oob-mavericks-warriors-2/
144,12/15/24,POR,PHX,Foul,PHX,Won,2,02:11.0,https://official.nba.com/archive/challenge-of-called-foul-trail-blazers-suns-4/
145,12/15/24,NYK,ORL,Foul,NYK,Won,4,00:31.3,https://official.nba.com/archive/challenge-of-called-foul-knicks-magic/
146,12/15/24,NYK,ORL,Possession,ORL,Won,1,06:03.0,https://official.nba.com/archive/challenge-oob-knicks-magic-3/
147,12/14/24,HOU,OKC,Possession,HOU,Lost,2,06:16.0,https://official.nba.com/archive/48710-challenge-oob-rockets-at-thunder/
148,12/14/24,HOU,OKC,Foul,OKC,Lost,4,02:37.0,https://official.nba.com/archive/48711-challenge-of-called-foul-rockets-at-thunder/
149,12/14/24,ATL,MIL,Foul,ATL,Lost,4,05:46.0,https://official.nba.com/archive/challenge-of-called-foul-hawks-bucks-2/
150,12/13/24,SAS,POR,Foul,POR,Lost,4,00:54.6,https://official.nba.com/archive/challenge-of-called-foul-spurs-trail-blazers/
151,12/13/24,LAC,DEN,Possession,LAC,Won,4,09:00.0,https://official.nba.com/archive/48704-challenge-oob-clippers-at-nuggets/
152,12/13/24,PHX,UTA,Foul,PHX,Lost,2,07:15.0,https://official.nba.com/archive/challenge-of-called-foul-suns-jazz-6/
153,12/13/24,BKN,MEM,Foul,MEM,Won,4,10:20.0,https://official.nba.com/archive/challenge-of-called-foul-nets-grizzlies/
154,12/13/24,BKN,MEM,Foul,MEM,Won,3,02:49.0,https://official.nba.com/archive/challenge-of-called-foul-nets-grizzlies-3/
155,12/13/24,LAC,DEN,Possession,LAC,Won,2,07:32.0,https://official.nba.com/archive/48699-challenge-oob-clippers-at-nuggets/
156,12/13/24,BKN,MEM,Foul,BKN,Won,2,09:45.0,https://official.nba.com/archive/challenge-of-called-foul-nets-grizzlies-4/
157,12/13/24,IND,PHI,Foul,IND,Won,3,04:26.0,https://official.nba.com/archive/challenge-of-called-foul-pacers-76ers/
158,12/13/24,WAS,CLE,Foul,CLE,Won,3,03:04.0,https://official.nba.com/archive/challenge-of-called-foul-wizards-cavaliers-2/
159,12/12/24,TOR,MIA,Foul,TOR,Won,4,11:45.0,https://official.nba.com/archive/challenge-of-called-foul-raptors-heat-4/
160,12/11/24,ATL,NYK,Foul,ATL,Won,3,09:27.0,https://official.nba.com/archive/challenge-of-called-foul-hawks-knicks-4/
161,12/10/24,DAL,OKC,Foul,OKC,Lost,2,06:17.0,https://official.nba.com/archive/challenge-of-called-foul-mavericks-thunder-9/
162,12/10/24,ORL,MIL,Foul,ORL,Won,4,00:10.0,https://official.nba.com/archive/challenge-of-called-foul-magic-bucks-5/
163,12/10/24,ORL,MIL,Foul,MIL,Lost,4,04:03.0,https://official.nba.com/archive/challenge-of-called-foul-magic-bucks-4/
164,12/09/24,NYK,TOR,Foul,TOR,Lost,4,09:34.0,https://official.nba.com/archive/challenge-of-called-foul-knicks-raptors/
165,12/09/24,NYK,TOR,Possession,NYK,Won,2,00:06.0,https://official.nba.com/archive/48669-challenge-oob-knicks-at-raptors/
166,12/08/24,POR,LAL,Foul,POR,Lost,4,04:20.0,https://official.nba.com/archive/challenge-of-called-foul-trail-blazers-lakers-2/
167,12/08/24,HOU,LAC,Foul,HOU,Lost,4,02:59.0,https://official.nba.com/archive/challenge-of-called-foul-rockets-clippers-2/
168,12/08/24,UTA,SAC,Possession,SAC,Won,2,02:17.0,https://official.nba.com/archive/challenge-oob-jazz-kings-5/
169,12/08/24,MIN,GSW,Foul,GSW,Lost,3,11:48.0,https://official.nba.com/archive/challenge-of-called-foul-timberwolves-warriors-2/
170,12/08/24,MIN,GSW,Foul,MIN,Lost,2,03:01.0,https://official.nba.com/archive/challenge-of-called-foul-timberwolves-warriors-5/
171,12/08/24,HOU,LAC,Foul,HOU,Won,1,04:24.0,https://official.nba.com/archive/challenge-of-called-foul-rockets-clippers/
172,12/08/24,NOP,SAS,Foul,NOP,Won,4,00:47.2,https://official.nba.com/archive/challenge-of-called-foul-pelicans-spurs-2/
173,12/08/24,NOP,SAS,Possession,SAS,Won,3,08:50.0,https://official.nba.com/archive/challenge-oob-pelicans-spurs-2/
174,12/08/24,DEN,ATL,Foul,DEN,Won,3,01:39.0,https://official.nba.com/archive/challenge-of-called-foul-nuggets-hawks-2/
175,12/08/24,CLE,MIA,Foul,CLE,Won,3,08:39.0,https://official.nba.com/archive/challenge-of-called-foul-cavaliers-heat-2/
176,12/08/24,CHA,IND,Foul,CHA,Won,4,00:51.8,https://official.nba.com/archive/challenge-of-called-foul-hornets-pacers/
177,12/08/24,CHA,IND,Foul,CHA,Won,4,02:41.0,https://official.nba.com/archive/challenge-of-called-foul-hornets-pacers-3/
178,12/08/24,PHX,ORL,Foul,PHX,Lost,2,09:28.0,https://official.nba.com/archive/challenge-of-called-foul-suns-magic/
179,12/08/24,CHA,IND,Foul,IND,Lost,4,08:07.0,https://official.nba.com/archive/challenge-of-called-foul-hornets-pacers-4/
180,12/08/24,CHA,IND,Possession,IND,Won,2,02:28.0,https://official.nba.com/archive/48641-challenge-oob-hornets-at-pacers/
181,12/08/24,MIL,BKN,Foul,MIL,Won,4,05:46.0,https://official.nba.com/archive/challenge-of-called-foul-bucks-nets-2/
182,12/08/24,MIL,BKN,Foul,BKN,Won,4,08:02.0,https://official.nba.com/archive/challenge-of-called-foul-bucks-nets-3/
183,12/08/24,PHI,CHI,Foul,CHI,Won,3,00:38.7,https://official.nba.com/archive/challenge-of-called-foul-76ers-bulls/
184,12/07/24,MEM,BOS,Possession,MEM,Won,4,00:17.1,https://official.nba.com/archive/challenge-oob-grizzlies-celtics-2/
185,12/07/24,MEM,BOS,Possession,BOS,Lost,4,05:15.0,https://official.nba.com/archive/challenge-oob-grizzlies-celtics/
186,12/07/24,PHX,MIA,Foul,PHX,Lost,4,03:41.0,https://official.nba.com/archive/challenge-of-called-foul-suns-heat/
187,12/07/24,DAL,TOR,Foul,TOR,Lost,4,00:48.2,https://official.nba.com/archive/challenge-of-called-foul-mavericks-raptors-2/
188,12/07/24,DEN,WAS,Foul,DEN,Won,4,02:01.0,https://official.nba.com/archive/challenge-of-called-foul-nuggets-wizards-2/
189,12/07/24,OKC,NOP,Foul,NOP,Lost,3,11:43.0,https://official.nba.com/archive/challenge-of-called-foul-thunder-pelicans-2/
190,12/07/24,OKC,NOP,Foul,OKC,Lost,2,04:28.0,https://official.nba.com/archive/challenge-of-called-foul-thunder-pelicans/
191,12/07/24,CLE,CHA,Foul,CLE,Won,3,07:13.0,https://official.nba.com/archive/challenge-of-called-foul-cavaliers-hornets-3/
192,12/07/24,CLE,CHA,Foul,CHA,Won,2,07:57.0,https://official.nba.com/archive/challenge-of-called-foul-cavaliers-hornets/
193,12/06/24,MIN,GSW,Foul,MIN,Won,3,01:18.0,https://official.nba.com/archive/challenge-of-called-foul-timberwolves-warriors/
194,12/06/24,LAL,ATL,Possession,LAL,Won,5,00:25.9,https://official.nba.com/archive/challenge-oob-lakers-hawks-2/
195,12/06/24,MIL,BOS,Foul,BOS,Lost,4,00:23.7,https://official.nba.com/archive/challenge-of-called-foul-bucks-celtics/
196,12/06/24,MIL,BOS,Possession,BOS,Won,4,05:41.0,https://official.nba.com/archive/challenge-oob-bucks-celtics-2/
197,12/06/24,SAC,SAS,Foul,SAC,Lost,3,09:33.0,https://official.nba.com/archive/challenge-of-called-foul-kings-spurs-3/
198,12/06/24,ORL,PHI,Goaltending,PHI,Lost,4,07:12.0,https://official.nba.com/archive/48599-challenge-goaltending-bi-magic-at-76ers/
199,12/06/24,LAL,ATL,Foul,ATL,Lost,3,11:14.0,https://official.nba.com/archive/challenge-of-called-foul-lakers-hawks-2/
200,12/06/24,LAL,ATL,Foul,LAL,Won,2,00:30.2,https://official.nba.com/archive/challenge-of-called-foul-lakers-hawks/
201,12/06/24,LAL,ATL,Possession,ATL,Won,2,03:35.0,https://official.nba.com/archive/challenge-oob-lakers-hawks/
202,12/05/24,HOU,GSW,Possession,HOU,Won,4,01:25.0,https://official.nba.com/archive/challenge-oob-rockets-warriors-2/
203,12/05/24,SAC,MEM,Possession,MEM,Won,4,01:39.0,https://official.nba.com/archive/challenge-oob-kings-grizzlies-2/
204,12/05/24,SAC,MEM,Foul,SAC,Won,4,04:57.0,https://official.nba.com/archive/challenge-of-called-foul-kings-grizzlies-4/
205,12/05/24,SAC,MEM,Foul,SAC,Won,4,06:31.0,https://official.nba.com/archive/challenge-of-called-foul-kings-grizzlies-3/
206,12/05/24,CHI,SAS,Foul,SAS,Lost,3,02:04.0,https://official.nba.com/archive/challenge-of-called-foul-bulls-spurs-4/
207,12/05/24,CHI,SAS,Foul,CHI,Won,3,06:45.0,https://official.nba.com/archive/challenge-of-called-foul-bulls-spurs-2/
208,12/05/24,SAC,MEM,Foul,MEM,Won,3,10:11.0,https://official.nba.com/archive/challenge-of-called-foul-kings-grizzlies-2/
209,12/05/24,OKC,TOR,Foul,TOR,Lost,3,04:04.0,https://official.nba.com/archive/challenge-of-called-foul-thunder-raptors/
210,12/05/24,DAL,WAS,Foul,WAS,Won,3,06:11.0,https://official.nba.com/archive/challenge-of-called-foul-mavericks-wizards/
211,12/05/24,DEN,CLE,Possession,DEN,Won,1,05:53.0,https://official.nba.com/archive/challenge-oob-nuggets-cavaliers/
212,12/04/24,MIN,LAC,Possession,MIN,Won,4,09:22.0,https://official.nba.com/archive/48573-challenge-oob-timberwolves-at-clippers/
213,12/04/24,ATL,MIL,Possession,ATL,Lost,4,11:08.0,https://official.nba.com/archive/48570-challenge-oob-hawks-at-bucks/
214,12/04/24,DET,BOS,Possession,BOS,Lost,4,01:15.0,https://official.nba.com/archive/challenge-oob-pistons-celtics-2/
215,12/04/24,IND,BKN,Possession,BKN,Won,4,03:22.0,https://official.nba.com/archive/challenge-oob-pacers-nets/
216,12/04/24,ORL,PHI,Foul,ORL,Won,4,02:25.0,https://official.nba.com/archive/challenge-of-called-foul-magic-76ers-3/
217,12/04/24,LAL,MIA,Foul,MIA,Lost,2,04:11.0,https://official.nba.com/archive/challenge-of-called-foul-lakers-heat-3/
218,12/04/24,IND,BKN,Foul,BKN,Won,2,02:51.0,https://official.nba.com/archive/challenge-of-called-foul-pacers-nets/
219,12/04/24,ORL,PHI,Foul,PHI,Lost,2,06:19.0,https://official.nba.com/archive/challenge-of-called-foul-magic-76ers/
220,12/04/24,LAL,MIA,Foul,LAL,Lost,2,09:43.0,https://official.nba.com/archive/challenge-of-called-foul-lakers-heat/
221,12/03/24,POR,LAC,Foul,POR,Won,4,03:34.0,https://official.nba.com/archive/challenge-of-called-foul-trail-blazers-clippers-3/
222,12/03/24,GSW,DEN,Foul,GSW,Lost,4,01:48.0,https://official.nba.com/archive/challenge-of-called-foul-warriors-nuggets-2/
223,12/03/24,GSW,DEN,Foul,DEN,Won,4,04:22.0,https://official.nba.com/archive/challenge-of-called-foul-warriors-nuggets-3/
224,12/03/24,HOU,SAC,Foul,SAC,Won,4,05:23.0,https://official.nba.com/archive/challenge-of-called-foul-rockets-kings/
225,12/03/24,GSW,DEN,Foul,DEN,Won,4,11:32.0,https://official.nba.com/archive/challenge-of-called-foul-warriors-nuggets-4/
226,12/03/24,HOU,SAC,Possession,HOU,Lost,3,04:13.0,https://official.nba.com/archive/challenge-oob-rockets-kings-2/
227,12/03/24,SAS,PHX,Foul,SAS,Lost,4,02:23.0,https://official.nba.com/archive/challenge-of-called-foul-spurs-suns-4/
228,12/03/24,MEM,DAL,Possession,MEM,Lost,4,02:23.0,https://official.nba.com/archive/48550-challenge-oob-grizzlies-at-mavericks/
229,12/03/24,MEM,DAL,Foul,MEM,Won,3,02:11.0,https://official.nba.com/archive/challenge-of-called-foul-grizzlies-mavericks/
230,12/03/24,SAS,PHX,Foul,PHX,Lost,2,06:58.0,https://official.nba.com/archive/challenge-of-called-foul-spurs-suns-2/
231,12/03/24,ORL,NYK,Foul,ORL,Won,4,08:26.0,https://official.nba.com/archive/challenge-of-called-foul-magic-knicks/
232,12/03/24,ORL,NYK,Possession,ORL,Won,4,11:38.0,https://official.nba.com/archive/challenge-oob-magic-knicks-2/
233,12/03/24,MIL,DET,Foul,MIL,Won,4,02:00.0,https://official.nba.com/archive/challenge-of-called-foul-bucks-pistons-2/
234,12/03/24,UTA,OKC,Possession,UTA,Lost,2,02:07.0,https://official.nba.com/archive/challenge-oob-jazz-thunder/
235,12/03/24,UTA,OKC,Foul,OKC,Won,2,03:16.0,https://official.nba.com/archive/challenge-of-called-foul-jazz-thunder-2/
236,12/03/24,MIL,DET,Foul,DET,Lost,3,03:25.0,https://official.nba.com/archive/challenge-of-called-foul-bucks-pistons-4/
237,12/03/24,IND,TOR,Foul,TOR,Lost,2,01:53.0,https://official.nba.com/archive/challenge-of-called-foul-pacers-raptors-2/
238,12/03/24,PHI,CHA,Possession,CHA,Won,3,08:37.0,https://official.nba.com/archive/challenge-oob-76ers-hornets-2/
239,12/03/24,MIL,DET,Foul,DET,Won,1,09:10.0,https://official.nba.com/archive/challenge-of-called-foul-bucks-pistons-5/
240,12/03/24,PHI,CHA,Foul,CHA,Won,1,07:47.0,https://official.nba.com/archive/challenge-of-called-foul-76ers-hornets/
241,12/02/24,BKN,CHI,Foul,BKN,Lost,4,01:39.0,https://official.nba.com/archive/challenge-of-called-foul-nets-bulls-2/
242,12/02/24,NOP,ATL,Possession,NOP,Won,3,06:19.0,https://official.nba.com/archive/challenge-oob-pelicans-hawks-2/
243,12/02/24,LAL,MIN,Possession,LAL,Won,2,03:09.0,https://official.nba.com/archive/challenge-oob-lakers-timberwolves/
244,12/02/24,LAL,MIN,Possession,MIN,Won,2,03:53.0,https://official.nba.com/archive/challenge-oob-lakers-timberwolves-2/
245,12/01/24,DEN,LAC,Foul,LAC,Lost,4,02:16.0,https://official.nba.com/archive/challenge-of-called-foul-nuggets-clippers-2/
246,12/01/24,DAL,POR,Foul,DAL,Won,4,00:43.6,https://official.nba.com/archive/challenge-of-called-foul-mavericks-trail-blazers-3/
247,12/01/24,SAS,SAC,Foul,SAC,Won,4,04:47.0,https://official.nba.com/archive/challenge-of-called-foul-spurs-kings-2/
248,12/01/24,DAL,POR,Foul,POR,Lost,4,06:55.0,https://official.nba.com/archive/challenge-of-called-foul-mavericks-trail-blazers-2/
249,12/01/24,SAS,SAC,Foul,SAS,Won,2,10:00.0,https://official.nba.com/archive/challenge-of-called-foul-spurs-kings/
250,12/01/24,OKC,HOU,Possession,OKC,Lost,4,08:54.0,https://official.nba.com/archive/48502-challenge-oob-thunder-at-rockets/
251,12/01/24,OKC,HOU,Foul,HOU,Lost,2,05:01.0,https://official.nba.com/archive/challenge-of-called-foul-thunder-rockets-6/
252,12/01/24,BOS,CLE,Possession,BOS,Lost,4,06:56.0,https://official.nba.com/archive/challenge-oob-celtics-cavaliers-2/
253,12/01/24,BOS,CLE,Foul,BOS,Won,3,04:52.0,https://official.nba.com/archive/challenge-of-called-foul-celtics-cavaliers/
254,12/01/24,NOP,NYK,Foul,NYK,Won,3,10:07.0,https://official.nba.com/archive/challenge-of-called-foul-pelicans-knicks-3/
255,12/01/24,MIA,TOR,Foul,TOR,Won,1,01:50.0,https://official.nba.com/archive/challenge-of-called-foul-heat-raptors/
256,12/01/24,ORL,BKN,Foul,ORL,Won,3,02:08.0,https://official.nba.com/archive/challenge-of-called-foul-magic-nets-4/
257,12/01/24,ORL,BKN,Foul,BKN,Lost,3,07:03.0,https://official.nba.com/archive/challenge-of-called-foul-magic-nets-3/
258,12/01/24,ORL,BKN,Foul,BKN,Won,3,10:52.0,https://official.nba.com/archive/challenge-of-called-foul-magic-nets-2/
259,12/01/24,IND,MEM,Foul,IND,Lost,2,00:57.8,https://official.nba.com/archive/challenge-of-called-foul-pacers-grizzlies-3/
260,12/01/24,IND,MEM,Possession,MEM,Lost,1,09:18.0,https://official.nba.com/archive/48483-challenge-oob-pacers-at-grizzlies/
0,01/31/25,PHX,GSW,Possession,PHX,Won,4,07:43.0,https://official.nba.com/archive/challenge-oob-suns-warriors-3/
1,01/31/25,PHX,GSW,Possession,PHX,Won,2,07:15.0,https://official.nba.com/archive/challenge-oob-suns-warriors-2/
2,01/31/25,CHI,TOR,Foul,TOR,Lost,4,02:31.0,https://official.nba.com/archive/challenge-of-called-foul-bulls-raptors-3/
3,01/31/25,MIL,SAS,Goaltending,SAS,Won,3,05:05.0,https://official.nba.com/archive/49649-challenge-goaltending-bi-bucks-at-spurs/
4,01/31/25,LAC,CHA,Foul,CHA,Won,4,00:28.4,https://official.nba.com/archive/challenge-of-called-foul-clippers-hornets-2/
5,01/31/25,DEN,PHI,Foul,DEN,Won,3,04:57.0,https://official.nba.com/archive/challenge-of-called-foul-nuggets-76ers/
6,01/31/25,LAC,CHA,Possession,LAC,Lost,2,03:29.0,https://official.nba.com/archive/challenge-oob-clippers-hornets-2/
7,01/30/25,ORL,POR,Foul,POR,Won,4,08:15.0,https://official.nba.com/archive/challenge-of-called-foul-magic-trail-blazers-5/
8,01/30/25,ORL,POR,Foul,ORL,Won,4,10:35.0,https://official.nba.com/archive/challenge-of-called-foul-magic-trail-blazers-2/
9,01/30/25,ORL,POR,Foul,POR,Won,3,10:17.0,https://official.nba.com/archive/challenge-of-called-foul-magic-trail-blazers/
10,01/30/25,MIN,UTA,Foul,UTA,Lost,4,03:13.0,https://official.nba.com/archive/challenge-of-called-foul-timberwolves-jazz-2/
11,01/29/25,MIN,PHX,Foul,PHX,Lost,4,02:45.0,https://official.nba.com/archive/challenge-of-called-foul-timberwolves-suns-5/
12,01/29/25,OKC,GSW,Foul,OKC,Won,2,11:20.0,https://official.nba.com/archive/challenge-of-called-foul-thunder-warriors-3/
13,01/29/25,MIN,PHX,Foul,PHX,Won,3,06:20.0,https://official.nba.com/archive/challenge-of-called-foul-timberwolves-suns-4/
14,01/29/25,DAL,NOP,Possession,NOP,Won,4,03:35.0,https://official.nba.com/archive/49618-challenge-oob-mavericks-at-pelicans/
15,01/29/25,MIN,PHX,Foul,MIN,Lost,2,07:41.0,https://official.nba.com/archive/challenge-of-called-foul-timberwolves-suns/
16,01/29/25,CHI,BOS,Possession,BOS,Lost,3,04:23.0,https://official.nba.com/archive/49610-challenge-oob-bulls-at-celtics/
17,01/29/25,DET,IND,Foul,IND,Won,4,11:28.0,https://official.nba.com/archive/challenge-of-called-foul-pistons-pacers/
18,01/29/25,CLE,MIA,Foul,CLE,Lost,3,07:38.0,https://official.nba.com/archive/challenge-of-called-foul-cavaliers-heat-7/
19,01/29/25,BKN,CHA,Foul,CHA,Lost,3,04:33.0,https://official.nba.com/archive/challenge-of-called-foul-nets-hornets-2/
20,01/29/25,DEN,NYK,Possession,DEN,Won,2,10:07.0,https://official.nba.com/archive/challenge-oob-nuggets-knicks-2/
21,01/29/25,CHI,BOS,Possession,BOS,Won,2,07:56.0,https://official.nba.com/archive/challenge-oob-bulls-celtics/
22,01/29/25,DEN,NYK,Possession,NYK,Won,1,03:40.0,https://official.nba.com/archive/challenge-oob-nuggets-knicks/
23,01/29/25,SAC,PHI,Foul,PHI,Lost,1,04:30.0,https://official.nba.com/archive/challenge-of-called-foul-kings-76ers/
24,01/28/25,MIL,POR,Foul,POR,Won,3,10:04.0,https://official.nba.com/archive/challenge-of-called-foul-bucks-trail-blazers/
25,01/28/25,MIL,POR,Foul,MIL,Won,3,11:17.0,https://official.nba.com/archive/challenge-of-called-foul-bucks-trail-blazers-2/
26,01/28/25,UTA,GSW,Foul,UTA,Won,2,08:25.0,https://official.nba.com/archive/challenge-of-called-foul-jazz-warriors-2/
27,01/28/25,HOU,ATL,Foul,ATL,Won,3,00:14.7,https://official.nba.com/archive/49583-challenge-of-called-foul-rockets-at-hawks/
28,01/28/25,HOU,ATL,Possession,ATL,Won,2,08:56.0,https://official.nba.com/archive/49582-challenge-oob-rockets-at-hawks/
29,01/28/25,LAL,PHI,Possession,PHI,Won,1,02:10.0,https://official.nba.com/archive/challenge-oob-lakers-76ers/
30,01/27/25,LAC,PHX,Foul,LAC,Lost,4,00:29.6,https://official.nba.com/archive/challenge-of-called-foul-clippers-suns-5/
31,01/27/25,LAC,PHX,Possession,PHX,Won,4,07:27.0,https://official.nba.com/archive/49579-challenge-oob-clippers-at-suns/
32,01/27/25,MIL,UTA,Possession,UTA,Won,4,04:54.0,https://official.nba.com/archive/challenge-oob-bucks-jazz/
33,01/27/25,ATL,MIN,Possession,MIN,Won,4,00:21.6,https://official.nba.com/archive/49575-challenge-oob-hawks-at-timberwolves/
34,01/27/25,ATL,MIN,Possession,ATL,Won,4,08:04.0,https://official.nba.com/archive/challenge-oob-hawks-timberwolves-4/
35,01/27/25,ATL,MIN,Possession,MIN,Won,4,09:36.0,https://official.nba.com/archive/challenge-oob-hawks-timberwolves-3/
36,01/27/25,HOU,BOS,Foul,BOS,Lost,4,04:14.0,https://official.nba.com/archive/challenge-of-called-foul-rockets-celtics/
37,01/27/25,MEM,NYK,Goaltending,MEM,Won,2,02:27.0,https://official.nba.com/archive/49562-challenge-goaltending-bi-grizzlies-at-knicks/
38,01/27/25,LAL,CHA,Possession,LAL,Won,3,06:13.0,https://official.nba.com/archive/49561-challenge-oob-lakers-at-hornets/
39,01/27/25,ORL,MIA,Foul,ORL,Won,2,08:06.0,https://official.nba.com/archive/challenge-of-called-foul-magic-heat-3/
40,01/27/25,SAC,BKN,Foul,BKN,Won,1,02:18.0,https://official.nba.com/archive/challenge-of-called-foul-kings-nets/
41,01/27/25,NOP,TOR,Foul,TOR,Lost,1,05:42.0,https://official.nba.com/archive/challenge-of-called-foul-pelicans-raptors/
42,01/27/25,MEM,NYK,Possession,MEM,Won,1,07:05.0,https://official.nba.com/archive/49557-challenge-oob-grizzlies-at-knicks/
43,01/27/25,DET,CLE,Possession,CLE,Won,2,06:39.0,https://official.nba.com/archive/challenge-oob-pistons-cavaliers/
44,01/27/25,DET,CLE,Foul,CLE,Lost,1,04:03.0,https://official.nba.com/archive/challenge-of-called-foul-pistons-cavaliers-2/
45,01/27/25,LAL,CHA,Possession,LAL,Won,1,06:04.0,https://official.nba.com/archive/49553-challenge-oob-lakers-at-hornets/
46,01/26/25,OKC,POR,Possession,OKC,Lost,4,04:57.0,https://official.nba.com/archive/challenge-oob-thunder-trail-blazers/
47,01/26/25,OKC,POR,Possession,OKC,Won,3,00:17.4,https://official.nba.com/archive/challenge-oob-thunder-trail-blazers-4/
48,01/25/25,MIL,LAC,Foul,MIL,Lost,2,00:06.5,https://official.nba.com/archive/challenge-of-called-foul-bucks-clippers-2/
49,01/25/25,MIL,LAC,Possession,LAC,Lost,1,04:21.0,https://official.nba.com/archive/challenge-oob-bucks-clippers/
50,01/25/25,LAL,GSW,Foul,LAL,Lost,4,02:17.0,https://official.nba.com/archive/challenge-of-called-foul-lakers-warriors-3/
51,01/25/25,LAL,GSW,Possession,GSW,Lost,4,02:36.0,https://official.nba.com/archive/challenge-oob-lakers-warriors/
52,01/25/25,UTA,MEM,Possession,MEM,Won,4,06:23.0,https://official.nba.com/archive/49541-challenge-oob-jazz-at-grizzlies/
53,01/25/25,PHI,CHI,Possession,PHI,Won,4,02:17.0,https://official.nba.com/archive/49540-challenge-oob-76ers-at-bulls/
54,01/25/25,SAC,NYK,Foul,SAC,Won,4,06:56.0,https://official.nba.com/archive/challenge-of-called-foul-kings-knicks-2/
55,01/25/25,TOR,ATL,Foul,TOR,Won,4,08:56.0,https://official.nba.com/archive/challenge-of-called-foul-raptors-hawks-3/
56,01/25/25,HOU,CLE,Possession,CLE,Won,4,06:44.0,https://official.nba.com/archive/challenge-oob-rockets-cavaliers/
57,01/25/25,DET,ORL,Foul,ORL,Lost,4,07:55.0,https://official.nba.com/archive/49532-challenge-of-called-foul-pistons-at-magic/
58,01/25/25,WAS,PHX,Foul,PHX,Won,1,09:16.0,https://official.nba.com/archive/challenge-of-called-foul-wizards-suns-3/
59,01/25/25,UTA,MEM,Foul,MEM,Won,2,02:27.0,https://official.nba.com/archive/challenge-of-called-foul-jazz-grizzlies/
60,01/25/25,SAC,NYK,Possession,NYK,Won,2,00:09.9,https://official.nba.com/archive/challenge-oob-kings-knicks-3/
61,01/25/25,UTA,MEM,Foul,UTA,Won,1,03:52.0,https://official.nba.com/archive/challenge-of-called-foul-jazz-grizzlies-7/
62,01/25/25,DET,ORL,Possession,DET,Won,2,03:20.0,https://official.nba.com/archive/challenge-oob-pistons-magic/
63,01/25/25,TOR,ATL,Foul,TOR,Won,1,01:11.0,https://official.nba.com/archive/challenge-of-called-foul-raptors-hawks-4/
64,01/25/25,NOP,CHA,Goaltending,NOP,Won,2,00:45.5,https://official.nba.com/archive/49512-challenge-goaltending-bi-pelicans-at-hornets/
65,01/25/25,BOS,DAL,Foul,DAL,Lost,4,02:16.0,https://official.nba.com/archive/challenge-of-called-foul-celtics-mavericks-3/
66,01/25/25,TOR,ATL,Foul,ATL,Won,1,05:37.0,https://official.nba.com/archive/challenge-of-called-foul-raptors-hawks-6/
67,01/25/25,MIA,BKN,Possession,BKN,Lost,3,12:00.0,https://official.nba.com/archive/49508-challenge-oob-heat-at-nets/
68,01/25/25,NOP,CHA,Possession,NOP,Won,1,03:15.0,https://official.nba.com/archive/challenge-oob-pelicans-hornets-2/
69,01/25/25,BOS,DAL,Foul,BOS,Won,3,07:00.0,https://official.nba.com/archive/challenge-of-called-foul-celtics-mavericks-4/
70,01/25/25,BOS,DAL,Foul,DAL,Won,1,00:47.5,https://official.nba.com/archive/challenge-of-called-foul-celtics-mavericks-5/
71,01/25/25,DEN,MIN,Foul,MIN,Won,4,09:38.0,https://official.nba.com/archive/challenge-of-called-foul-nuggets-timberwolves-2/
72,01/25/25,DEN,MIN,Foul,MIN,Won,3,03:51.0,https://official.nba.com/archive/challenge-of-called-foul-nuggets-timberwolves-6/
73,01/25/25,IND,SAS,Possession,SAS,Won,4,05:54.0,https://official.nba.com/archive/challenge-oob-pacers-spurs/
74,01/24/25,NOP,MEM,Possession,MEM,Lost,4,05:05.0,https://official.nba.com/archive/49492-challenge-oob-pelicans-at-grizzlies/
75,01/24/25,POR,CHA,Foul,CHA,Lost,3,10:20.0,https://official.nba.com/archive/challenge-of-called-foul-trail-blazers-hornets-3/
76,01/23/25,WAS,LAC,Foul,LAC,Won,3,00:44.0,https://official.nba.com/archive/challenge-of-called-foul-wizards-clippers-3/
77,01/23/25,DAL,OKC,Foul,DAL,Won,4,00:32.2,https://official.nba.com/archive/challenge-of-called-foul-mavericks-thunder-11/
78,01/23/25,BOS,LAL,Possession,LAL,Won,1,03:11.0,https://official.nba.com/archive/challenge-oob-celtics-lakers/
79,01/23/25,CHI,GSW,Possession,GSW,Won,1,08:15.0,https://official.nba.com/archive/challenge-oob-bulls-warriors/
80,01/23/25,SAC,DEN,Foul,DEN,Lost,2,01:54.0,https://official.nba.com/archive/challenge-of-called-foul-kings-nuggets-2/
81,01/23/25,TOR,ATL,Foul,ATL,Won,4,08:49.0,https://official.nba.com/archive/challenge-of-called-foul-raptors-hawks-2/
82,01/23/25,SAC,DEN,Foul,SAC,Won,1,06:16.0,https://official.nba.com/archive/challenge-of-called-foul-kings-nuggets/
83,01/23/25,DAL,OKC,Foul,OKC,Won,2,02:26.0,https://official.nba.com/archive/challenge-of-called-foul-mavericks-thunder-10/
84,01/23/25,POR,ORL,Foul,POR,Won,4,10:29.0,https://official.nba.com/archive/challenge-of-called-foul-trail-blazers-magic-2/
85,01/23/25,MIA,MIL,Foul,MIL,Lost,1,04:14.0,https://official.nba.com/archive/challenge-of-called-foul-heat-bucks-6/
86,01/23/25,POR,ORL,Foul,ORL,Lost,3,11:10.0,https://official.nba.com/archive/challenge-of-called-foul-trail-blazers-magic/
87,01/23/25,SAS,IND,Possession,IND,Won,3,02:26.0,https://official.nba.com/archive/challenge-oob-spurs-pacers-2/
88,01/22/25,BOS,LAC,Possession,BOS,Won,5,01:45.0,https://official.nba.com/archive/challenge-oob-celtics-clippers/
89,01/22/25,GSW,SAC,Foul,SAC,Won,4,00:50.6,https://official.nba.com/archive/challenge-of-called-foul-warriors-kings-2/
90,01/22/25,BOS,LAC,Foul,BOS,Won,3,04:18.0,https://official.nba.com/archive/challenge-of-called-foul-celtics-clippers/
91,01/22/25,CLE,HOU,Foul,CLE,Lost,4,00:04.5,https://official.nba.com/archive/challenge-of-called-foul-cavaliers-rockets/
92,01/22/25,CLE,HOU,Foul,CLE,Won,4,00:42.2,https://official.nba.com/archive/challenge-of-called-foul-cavaliers-rockets-2/
93,01/22/25,MIN,DAL,Possession,DAL,Lost,4,03:21.0,https://official.nba.com/archive/challenge-oob-timberwolves-mavericks/
94,01/22/25,PHX,BKN,Foul,PHX,Won,4,10:54.0,https://official.nba.com/archive/challenge-of-called-foul-suns-nets-2/
95,01/22/25,UTA,OKC,Foul,OKC,Won,2,06:50.0,https://official.nba.com/archive/challenge-of-called-foul-jazz-thunder-3/
96,01/22/25,CHA,MEM,Foul,CHA,Lost,2,11:09.0,https://official.nba.com/archive/challenge-of-called-foul-hornets-grizzlies-2/
97,01/22/25,UTA,OKC,Foul,UTA,Won,2,11:17.0,https://official.nba.com/archive/challenge-of-called-foul-jazz-thunder-5/
98,01/21/25,WAS,LAL,Foul,LAL,Lost,2,05:56.0,https://official.nba.com/archive/challenge-of-called-foul-wizards-lakers-4/
99,01/21/25,WAS,LAL,Foul,WAS,Won,1,00:00.1,https://official.nba.com/archive/challenge-of-called-foul-wizards-lakers-3/
100,01/21/25,PHI,DEN,Foul,DEN,Lost,2,07:28.0,https://official.nba.com/archive/challenge-of-called-foul-76ers-nuggets-2/
101,01/21/25,POR,MIA,Foul,POR,Lost,4,04:04.0,https://official.nba.com/archive/challenge-of-called-foul-trail-blazers-heat/
102,01/21/25,NYK,BKN,Possession,NYK,Won,4,07:16.0,https://official.nba.com/archive/49433-challenge-oob-knicks-at-nets/
103,01/20/25,CHI,LAC,Foul,LAC,Won,4,08:43.0,https://official.nba.com/archive/challenge-of-called-foul-bulls-clippers-2/
104,01/20/25,CHI,LAC,Foul,CHI,Lost,2,05:43.0,https://official.nba.com/archive/challenge-of-called-foul-bulls-clippers/
105,01/20/25,UTA,NOP,Possession,UTA,Won,1,07:36.0,https://official.nba.com/archive/challenge-oob-jazz-pelicans/
106,01/20/25,BOS,GSW,Foul,GSW,Won,3,11:50.0,https://official.nba.com/archive/challenge-of-called-foul-celtics-warriors/
107,01/20/25,BOS,GSW,Possession,BOS,Won,2,08:16.0,https://official.nba.com/archive/challenge-oob-celtics-warriors-2/
108,01/20/25,PHX,CLE,Possession,PHX,Lost,4,05:36.0,https://official.nba.com/archive/49419-challenge-oob-suns-at-cavaliers/
109,01/20/25,PHX,CLE,Foul,CLE,Won,4,09:43.0,https://official.nba.com/archive/challenge-of-called-foul-suns-cavaliers-2/
110,01/20/25,PHX,CLE,Foul,CLE,Won,3,05:18.0,https://official.nba.com/archive/challenge-of-called-foul-suns-cavaliers/
111,01/20/25,ATL,NYK,Possession,ATL,Won,3,08:51.0,https://official.nba.com/archive/challenge-oob-hawks-knicks/
112,01/20/25,ATL,NYK,Foul,ATL,Won,2,00:08.7,https://official.nba.com/archive/challenge-of-called-foul-hawks-knicks-8/
113,01/20/25,ATL,NYK,Foul,NYK,Won,2,01:33.0,https://official.nba.com/archive/challenge-of-called-foul-hawks-knicks-7/
114,01/20/25,MIN,MEM,Foul,MIN,Lost,3,07:31.0,https://official.nba.com/archive/challenge-of-called-foul-timberwolves-grizzlies/
115,01/20/25,DET,HOU,Foul,HOU,Won,4,04:22.0,https://official.nba.com/archive/challenge-of-called-foul-pistons-rockets-2/
116,01/20/25,DET,HOU,Possession,HOU,Won,4,10:16.0,https://official.nba.com/archive/challenge-oob-pistons-rockets/
117,01/20/25,DET,HOU,Foul,DET,Won,4,11:27.0,https://official.nba.com/archive/challenge-of-called-foul-pistons-rockets/
118,01/20/25,ATL,NYK,Possession,NYK,Won,1,00:42.3,https://official.nba.com/archive/challenge-oob-hawks-knicks-3/
119,01/20/25,DAL,CHA,Foul,DAL,Lost,4,00:15.5,https://official.nba.com/archive/challenge-of-called-foul-mavericks-hornets-4/
120,01/20/25,DAL,CHA,Foul,DAL,Won,1,00:50.5,https://official.nba.com/archive/challenge-of-called-foul-mavericks-hornets-2/
121,01/19/25,CHI,POR,Foul,CHI,Won,4,11:02.0,https://official.nba.com/archive/challenge-of-called-foul-bulls-trail-blazers-2/
122,01/19/25,WAS,SAC,Foul,SAC,Won,3,02:48.0,https://official.nba.com/archive/challenge-of-called-foul-wizards-kings/
123,01/19/25,CHI,POR,Possession,POR,Won,1,07:55.0,https://official.nba.com/archive/49392-challenge-oob-bulls-at-trail-blazers/
124,01/19/25,BKN,OKC,Foul,OKC,Lost,1,10:34.0,https://official.nba.com/archive/challenge-of-called-foul-nets-thunder/
125,01/19/25,DEN,ORL,Foul,DEN,Won,2,01:47.0,https://official.nba.com/archive/challenge-of-called-foul-nuggets-magic/
126,01/19/25,DEN,ORL,Possession,DEN,Won,2,03:23.0,https://official.nba.com/archive/challenge-oob-nuggets-magic/
127,01/18/25,HOU,POR,Possession,HOU,Won,3,01:57.0,https://official.nba.com/archive/challenge-oob-rockets-trail-blazers-3/
128,01/18/25,CLE,MIN,Foul,CLE,Lost,4,06:02.0,https://official.nba.com/archive/challenge-of-called-foul-cavaliers-timberwolves/
129,01/18/25,CLE,MIN,Possession,CLE,Won,4,09:34.0,https://official.nba.com/archive/challenge-oob-cavaliers-timberwolves/
130,01/18/25,CLE,MIN,Foul,MIN,Won,3,05:43.0,https://official.nba.com/archive/challenge-of-called-foul-cavaliers-timberwolves-2/
131,01/18/25,WAS,GSW,Possession,GSW,Won,2,06:16.0,https://official.nba.com/archive/challenge-oob-wizards-warriors/
132,01/18/25,ATL,BOS,Foul,ATL,Lost,4,00:52.3,https://official.nba.com/archive/challenge-of-called-foul-hawks-celtics-3/
133,01/18/25,PHX,DET,Foul,PHX,Lost,4,00:21.7,https://official.nba.com/archive/challenge-of-called-foul-suns-pistons-2/
134,01/18/25,PHX,DET,Foul,DET,Lost,1,01:32.0,https://official.nba.com/archive/challenge-of-called-foul-suns-pistons-3/
135,01/17/25,BKN,LAL,Foul,LAL,Won,4,04:46.0,https://official.nba.com/archive/challenge-of-called-foul-nets-lakers-3/
136,01/17/25,BKN,LAL,Foul,BKN,Lost,2,06:34.0,https://official.nba.com/archive/challenge-of-called-foul-nets-lakers-2/
137,01/17/25,OKC,DAL,Possession,OKC,Lost,4,00:22.4,https://official.nba.com/archive/49365-challenge-oob-thunder-at-mavericks/
138,01/17/25,OKC,DAL,Possession,OKC,Won,4,01:20.0,https://official.nba.com/archive/challenge-oob-thunder-mavericks-4/
139,01/17/25,OKC,DAL,Foul,DAL,Lost,4,03:45.0,https://official.nba.com/archive/challenge-of-called-foul-thunder-mavericks/
140,01/17/25,CHA,CHI,Foul,CHA,Won,4,00:38.5,https://official.nba.com/archive/challenge-of-called-foul-hornets-bulls-6/
141,01/17/25,CHA,CHI,Possession,CHI,Won,4,02:42.0,https://official.nba.com/archive/challenge-oob-hornets-bulls/
142,01/17/25,MIN,NYK,Foul,NYK,Won,4,03:19.0,https://official.nba.com/archive/challenge-of-called-foul-timberwolves-knicks/
143,01/17/25,ORL,BOS,Possession,ORL,Won,4,09:00.0,https://official.nba.com/archive/challenge-oob-magic-celtics-2/
144,01/17/25,TOR,MIL,Foul,TOR,Lost,2,00:03.9,https://official.nba.com/archive/challenge-of-called-foul-raptors-bucks-2/
145,01/17/25,ORL,BOS,Possession,BOS,Won,4,10:49.0,https://official.nba.com/archive/challenge-oob-magic-celtics/
146,01/17/25,UTA,NOP,Goaltending,UTA,Won,2,06:00.0,https://official.nba.com/archive/49347-challenge-goaltending-bi-jazz-at-pelicans/
147,01/17/25,MIN,NYK,Foul,MIN,Won,3,05:42.0,https://official.nba.com/archive/challenge-of-called-foul-timberwolves-knicks-3/
148,01/17/25,UTA,NOP,Foul,UTA,Won,4,08:22.0,https://official.nba.com/archive/challenge-of-called-foul-jazz-pelicans-3/
149,01/17/25,UTA,NOP,Foul,UTA,Won,1,07:43.0,https://official.nba.com/archive/challenge-of-called-foul-jazz-pelicans-4/
150,01/16/25,LAC,POR,Possession,POR,Won,4,03:03.0,https://official.nba.com/archive/challenge-oob-clippers-trail-blazers-2/
151,01/16/25,HOU,SAC,Foul,HOU,Lost,4,00:34.0,https://official.nba.com/archive/challenge-of-called-foul-rockets-kings-3/
152,01/16/25,LAC,POR,Possession,POR,Won,2,07:44.0,https://official.nba.com/archive/challenge-oob-clippers-trail-blazers/
153,01/16/25,IND,DET,Foul,DET,Won,3,00:54.8,https://official.nba.com/archive/challenge-of-called-foul-pacers-pistons-3/
154,01/16/25,CLE,OKC,Foul,OKC,Lost,2,07:22.0,https://official.nba.com/archive/challenge-of-called-foul-cavaliers-thunder-2/
155,01/16/25,PHX,WAS,Possession,PHX,Won,1,05:38.0,https://official.nba.com/archive/challenge-oob-suns-wizards/
156,01/15/25,MIA,LAL,Possession,LAL,Won,4,01:36.0,https://official.nba.com/archive/49318-challenge-oob-heat-at-lakers/
157,01/15/25,GSW,MIN,Foul,MIN,Lost,3,03:03.0,https://official.nba.com/archive/challenge-of-called-foul-warriors-timberwolves-2/
158,01/15/25,GSW,MIN,Foul,GSW,Lost,3,08:11.0,https://official.nba.com/archive/challenge-of-called-foul-warriors-timberwolves/
159,01/15/25,CHA,UTA,Possession,UTA,Won,3,04:43.0,https://official.nba.com/archive/challenge-oob-hornets-jazz-3/
160,01/15/25,DAL,NOP,Possession,NOP,Won,4,00:33.7,https://official.nba.com/archive/49311-challenge-oob-mavericks-at-pelicans/
161,01/15/25,CHA,UTA,Possession,UTA,Won,2,04:02.0,https://official.nba.com/archive/challenge-oob-hornets-jazz-2/
162,01/15/25,ORL,MIL,Foul,MIL,Lost,2,03:49.0,https://official.nba.com/archive/challenge-of-called-foul-magic-bucks-2/
163,01/15/25,ATL,CHI,Possession,ATL,Won,2,03:57.0,https://official.nba.com/archive/challenge-oob-hawks-bulls/
164,01/15/25,BOS,TOR,Foul,TOR,Won,2,05:35.0,https://official.nba.com/archive/challenge-of-called-foul-celtics-raptors/
165,01/15/25,NYK,PHI,Foul,PHI,Lost,1,09:08.0,https://official.nba.com/archive/challenge-of-called-foul-knicks-76ers-8/
166,01/14/25,BKN,POR,Foul,POR,Lost,4,00:54.6,https://official.nba.com/archive/challenge-of-called-foul-nets-trail-blazers/
167,01/14/25,BKN,POR,Possession,POR,Won,2,05:00.0,https://official.nba.com/archive/49299-challenge-oob-nets-at-trail-blazers/
168,01/14/25,NOP,CHI,Possession,NOP,Won,4,01:53.0,https://official.nba.com/archive/49297-challenge-oob-pelicans-at-bulls/
169,01/14/25,SAC,MIL,Foul,MIL,Lost,4,03:18.0,https://official.nba.com/archive/challenge-of-called-foul-kings-bucks-4/
170,01/14/25,NOP,CHI,Possession,CHI,Won,3,02:47.0,https://official.nba.com/archive/49290-challenge-oob-pelicans-at-bulls/
171,01/14/25,CLE,IND,Possession,CLE,Won,4,06:41.0,https://official.nba.com/archive/49288-challenge-oob-cavaliers-at-pacers/
172,01/14/25,PHX,ATL,Possession,PHX,Won,3,07:21.0,https://official.nba.com/archive/challenge-oob-suns-hawks-2/
173,01/14/25,PHX,ATL,Foul,ATL,Lost,2,04:31.0,https://official.nba.com/archive/challenge-of-called-foul-suns-hawks/
174,01/13/25,MIA,LAC,Foul,LAC,Lost,4,01:29.0,https://official.nba.com/archive/challenge-of-called-foul-heat-clippers-2/
175,01/13/25,SAS,LAL,Possession,LAL,Won,1,07:02.0,https://official.nba.com/archive/challenge-oob-spurs-lakers/
176,01/13/25,MEM,HOU,Foul,HOU,Lost,4,11:38.0,https://official.nba.com/archive/challenge-of-called-foul-grizzlies-rockets-3/
177,01/13/25,DET,NYK,Possession,DET,Won,4,01:48.0,https://official.nba.com/archive/challenge-oob-pistons-knicks/
178,01/13/25,MIN,WAS,Possession,MIN,Won,3,07:50.0,https://official.nba.com/archive/challenge-oob-timberwolves-wizards/
179,01/13/25,DET,NYK,Foul,NYK,Won,2,01:53.0,https://official.nba.com/archive/challenge-of-called-foul-pistons-knicks-6/
180,01/12/25,BKN,UTA,Foul,UTA,Lost,5,00:06.4,https://official.nba.com/archive/challenge-of-called-foul-nets-jazz/
181,01/12/25,BKN,UTA,Possession,BKN,Lost,4,00:01.7,https://official.nba.com/archive/challenge-oob-nets-jazz-2/
182,01/12/25,CHA,PHX,Foul,PHX,Lost,2,00:01.8,https://official.nba.com/archive/challenge-of-called-foul-hornets-suns-3/
183,01/12/25,BKN,UTA,Possession,BKN,Won,2,09:37.0,https://official.nba.com/archive/challenge-oob-nets-jazz/
184,01/12/25,PHI,ORL,Foul,PHI,Won,4,03:56.0,https://official.nba.com/archive/challenge-of-called-foul-76ers-magic-2/
185,01/12/25,IND,CLE,Foul,CLE,Lost,4,09:05.0,https://official.nba.com/archive/challenge-of-called-foul-pacers-cavaliers-4/
186,01/12/25,NOP,BOS,Foul,BOS,Lost,4,08:58.0,https://official.nba.com/archive/challenge-of-called-foul-pelicans-celtics-3/
187,01/12/25,NOP,BOS,Foul,NOP,Won,3,02:30.0,https://official.nba.com/archive/challenge-of-called-foul-pelicans-celtics-2/
188,01/12/25,PHI,ORL,Foul,ORL,Lost,3,09:35.0,https://official.nba.com/archive/challenge-of-called-foul-76ers-magic/
189,01/12/25,OKC,WAS,Possession,OKC,Won,3,10:27.0,https://official.nba.com/archive/challenge-oob-thunder-wizards/
190,01/12/25,IND,CLE,Foul,IND,Lost,2,01:27.0,https://official.nba.com/archive/49244-challenge-of-called-foul-pacers-at-cavaliers/
191,01/12/25,NOP,BOS,Foul,NOP,Won,2,10:13.0,https://official.nba.com/archive/challenge-of-called-foul-pelicans-celtics/
192,01/12/25,SAC,CHI,Foul,SAC,Lost,4,03:00.0,https://official.nba.com/archive/challenge-of-called-foul-kings-bulls-3/
193,01/12/25,MIL,NYK,Goaltending,MIL,Won,3,07:00.0,https://official.nba.com/archive/49237-challenge-goaltending-bi-bucks-at-knicks/
194,01/12/25,DEN,DAL,Possession,DAL,Won,3,07:19.0,https://official.nba.com/archive/challenge-oob-nuggets-mavericks/
195,01/12/25,SAC,CHI,Foul,CHI,Won,2,04:26.0,https://official.nba.com/archive/challenge-of-called-foul-kings-bulls/
196,01/11/25,MEM,MIN,Possession,MEM,Won,2,05:10.0,https://official.nba.com/archive/challenge-oob-grizzlies-timberwolves-2/
197,01/11/25,MEM,MIN,Possession,MEM,Won,2,06:43.0,https://official.nba.com/archive/challenge-oob-grizzlies-timberwolves-3/
198,01/11/25,TOR,DET,Foul,DET,Lost,3,07:28.0,https://official.nba.com/archive/challenge-of-called-foul-raptors-pistons-4/
199,01/11/25,UTA,PHX,Possession,UTA,Lost,4,03:08.0,https://official.nba.com/archive/49228-challenge-oob-jazz-at-suns/
200,01/11/25,UTA,PHX,Foul,UTA,Won,3,10:07.0,https://official.nba.com/archive/challenge-of-called-foul-jazz-suns/
201,01/11/25,UTA,PHX,Foul,PHX,Won,2,10:20.0,https://official.nba.com/archive/challenge-of-called-foul-jazz-suns-4/
202,01/10/25,BKN,DEN,Possession,BKN,Won,3,00:33.5,https://official.nba.com/archive/challenge-oob-nets-nuggets-2/
203,01/10/25,MIL,ORL,Foul,ORL,Lost,4,00:09.3,https://official.nba.com/archive/challenge-of-called-foul-bucks-magic-2/
204,01/10/25,MIL,ORL,Foul,MIL,Lost,4,01:36.0,https://official.nba.com/archive/challenge-of-called-foul-bucks-magic-3/
205,01/10/25,MIL,ORL,Foul,MIL,Won,3,04:20.0,https://official.nba.com/archive/challenge-of-called-foul-bucks-magic-4/
206,01/10/25,NOP,PHI,Possession,NOP,Won,3,09:01.0,https://official.nba.com/archive/challenge-oob-pelicans-76ers/
207,01/10/25,NOP,PHI,Foul,PHI,Won,2,03:47.0,https://official.nba.com/archive/challenge-of-called-foul-pelicans-76ers/
208,01/10/25,GSW,IND,Possession,GSW,Won,2,10:58.0,https://official.nba.com/archive/challenge-oob-warriors-pacers/
209,01/09/25,MIA,UTA,Foul,UTA,Won,4,01:19.0,https://official.nba.com/archive/challenge-of-called-foul-heat-jazz-3/
210,01/09/25,MIA,UTA,Foul,UTA,Won,4,11:44.0,https://official.nba.com/archive/challenge-of-called-foul-heat-jazz-2/
211,01/09/25,HOU,MEM,Foul,HOU,Won,4,08:26.0,https://official.nba.com/archive/challenge-of-called-foul-rockets-grizzlies-2/
212,01/09/25,HOU,MEM,Foul,MEM,Won,4,11:49.0,https://official.nba.com/archive/challenge-of-called-foul-rockets-grizzlies/
213,01/09/25,POR,DAL,Foul,DAL,Won,4,01:46.0,https://official.nba.com/archive/49200-challenge-of-called-foul-trail-blazers-at-mavericks/
214,01/09/25,ATL,PHX,Foul,PHX,Lost,1,01:09.0,https://official.nba.com/archive/challenge-of-called-foul-hawks-suns/
215,01/09/25,GSW,DET,Possession,DET,Won,4,01:38.0,https://official.nba.com/archive/challenge-oob-warriors-pistons-3/
216,01/09/25,POR,DAL,Possession,DAL,Won,1,04:08.0,https://official.nba.com/archive/49193-challenge-oob-trail-blazers-at-mavericks/
217,01/09/25,GSW,DET,Possession,DET,Won,4,11:28.0,https://official.nba.com/archive/49192-challenge-oob-warriors-at-pistons/
218,01/09/25,MIN,ORL,Possession,MIN,Won,3,00:57.0,https://official.nba.com/archive/49191-challenge-oob-timberwolves-at-magic/
219,01/09/25,MIN,ORL,Foul,ORL,Won,3,01:57.0,https://official.nba.com/archive/challenge-of-called-foul-timberwolves-magic-2/
220,01/09/25,GSW,DET,Possession,GSW,Won,3,04:13.0,https://official.nba.com/archive/49188-challenge-oob-warriors-at-pistons/
221,01/08/25,SAS,MIL,Foul,SAS,Won,2,11:10.0,https://official.nba.com/archive/challenge-of-called-foul-spurs-bucks-2/
222,01/08/25,OKC,CLE,Foul,CLE,Won,4,01:19.0,https://official.nba.com/archive/challenge-of-called-foul-thunder-cavaliers/
223,01/08/25,TOR,NYK,Possession,NYK,Won,3,00:20.6,https://official.nba.com/archive/challenge-oob-raptors-knicks-3/
224,01/08/25,OKC,CLE,Possession,OKC,Won,4,09:32.0,https://official.nba.com/archive/challenge-oob-thunder-cavaliers/
225,01/08/25,TOR,NYK,Foul,TOR,Lost,2,00:06.3,https://official.nba.com/archive/challenge-of-called-foul-raptors-knicks-3/
226,01/08/25,TOR,NYK,Goaltending,TOR,Won,2,04:06.0,https://official.nba.com/archive/49170-challenge-goaltending-bi-raptors-at-knicks/
227,01/08/25,WAS,PHI,Foul,PHI,Won,1,00:41.5,https://official.nba.com/archive/challenge-of-called-foul-wizards-76ers-2/
228,01/07/25,BOS,DEN,Foul,DEN,Won,4,11:48.0,https://official.nba.com/archive/challenge-of-called-foul-celtics-nuggets-2/
229,01/07/25,BOS,DEN,Foul,BOS,Won,3,02:57.0,https://official.nba.com/archive/challenge-of-called-foul-celtics-nuggets/
230,01/07/25,ATL,UTA,Foul,ATL,Won,4,10:49.0,https://official.nba.com/archive/challenge-of-called-foul-hawks-jazz-3/
231,01/07/25,MIN,NOP,Possession,NOP,Won,4,03:43.0,https://official.nba.com/archive/challenge-oob-timberwolves-pelicans-2/
232,01/07/25,ATL,UTA,Foul,UTA,Won,2,04:11.0,https://official.nba.com/archive/challenge-of-called-foul-hawks-jazz-2/
233,01/07/25,MIN,NOP,Foul,MIN,Won,2,00:11.3,https://official.nba.com/archive/challenge-of-called-foul-timberwolves-pelicans-2/
234,01/07/25,PHX,CHA,Foul,CHA,Won,3,01:02.0,https://official.nba.com/archive/challenge-of-called-foul-suns-hornets-2/
235,01/07/25,LAL,DAL,Foul,DAL,Lost,2,09:11.0,https://official.nba.com/archive/challenge-of-called-foul-lakers-mavericks/
236,01/07/25,HOU,WAS,Goaltending,WAS,Won,2,02:23.0,https://official.nba.com/archive/49148-challenge-goaltending-bi-rockets-at-wizards/
237,01/06/25,MIA,SAC,Possession,MIA,Won,4,08:13.0,https://official.nba.com/archive/challenge-oob-heat-kings-3/
238,01/06/25,SAS,CHI,Foul,CHI,Won,4,00:04.4,https://official.nba.com/archive/challenge-of-called-foul-spurs-bulls/
239,01/06/25,MIA,SAC,Foul,MIA,Won,1,10:03.0,https://official.nba.com/archive/challenge-of-called-foul-heat-kings-3/
240,01/06/25,MIA,SAC,Possession,SAC,Won,1,11:46.0,https://official.nba.com/archive/challenge-oob-heat-kings-4/
241,01/06/25,SAS,CHI,Possession,SAS,Won,4,06:09.0,https://official.nba.com/archive/challenge-oob-spurs-bulls/
242,01/06/25,ORL,NYK,Foul,NYK,Lost,4,01:05.0,https://official.nba.com/archive/challenge-of-called-foul-magic-knicks-3/
243,01/06/25,SAS,CHI,Possession,SAS,Won,3,01:34.0,https://official.nba.com/archive/challenge-oob-spurs-bulls-2/
244,01/06/25,ORL,NYK,Foul,NYK,Won,4,05:13.0,https://official.nba.com/archive/challenge-of-called-foul-magic-knicks-4/
245,01/06/25,LAC,MIN,Foul,MIN,Lost,3,06:24.0,https://official.nba.com/archive/challenge-of-called-foul-clippers-timberwolves-3/
246,01/06/25,PHX,PHI,Foul,PHX,Lost,4,02:56.0,https://official.nba.com/archive/challenge-of-called-foul-suns-76ers/
247,01/06/25,LAC,MIN,Foul,LAC,Lost,2,00:08.0,https://official.nba.com/archive/challenge-of-called-foul-clippers-timberwolves-4/
248,01/06/25,DAL,MEM,Possession,MEM,Lost,1,02:36.0,https://official.nba.com/archive/49126-challenge-oob-mavericks-at-grizzlies/
249,01/06/25,POR,DET,Possession,POR,Lost,3,09:01.0,https://official.nba.com/archive/challenge-oob-trail-blazers-pistons/
250,01/06/25,DAL,MEM,Foul,DAL,Lost,1,03:49.0,https://official.nba.com/archive/challenge-of-called-foul-mavericks-grizzlies/
251,01/06/25,IND,BKN,Possession,BKN,Won,4,04:26.0,https://official.nba.com/archive/49123-challenge-oob-pacers-at-nets/
252,01/05/25,LAL,HOU,Foul,LAL,Lost,3,04:00.0,https://official.nba.com/archive/challenge-of-called-foul-lakers-rockets-4/
253,01/05/25,UTA,ORL,Foul,ORL,Lost,4,08:38.0,https://official.nba.com/archive/challenge-of-called-foul-jazz-magic/
254,01/05/25,CHA,CLE,Possession,CLE,Won,3,08:38.0,https://official.nba.com/archive/49115-challenge-oob-hornets-at-cavaliers/
255,01/05/25,CHA,CLE,Possession,CLE,Won,2,03:38.0,https://official.nba.com/archive/challenge-oob-hornets-cavaliers-2/
256,01/05/25,BOS,OKC,Foul,OKC,Lost,3,04:36.0,https://official.nba.com/archive/challenge-of-called-foul-celtics-thunder-2/
257,01/04/25,MEM,GSW,Foul,GSW,Won,4,09:52.0,https://official.nba.com/archive/challenge-of-called-foul-grizzlies-warriors-3/
258,01/04/25,DEN,SAS,Foul,SAS,Won,5,03:34.0,https://official.nba.com/archive/challenge-of-called-foul-nuggets-spurs-4/
259,01/04/25,NYK,CHI,Foul,NYK,Won,4,08:28.0,https://official.nba.com/archive/challenge-of-called-foul-knicks-bulls-2/
260,01/04/25,POR,MIL,Foul,POR,Lost,4,00:32.8,https://official.nba.com/archive/challenge-of-called-foul-trail-blazers-bucks-2/
261,01/04/25,PHX,IND,Foul,PHX,Lost,4,07:23.0,https://official.nba.com/archive/challenge-of-called-foul-suns-pacers-2/
262,01/04/25,NYK,CHI,Foul,NYK,Won,1,03:13.0,https://official.nba.com/archive/challenge-of-called-foul-knicks-bulls/
263,01/04/25,DEN,SAS,Foul,DEN,Lost,1,09:16.0,https://official.nba.com/archive/challenge-of-called-foul-nuggets-spurs-3/
264,01/04/25,MIN,DET,Foul,DET,Lost,2,08:27.0,https://official.nba.com/archive/challenge-of-called-foul-timberwolves-pistons-3/
265,01/04/25,MIN,DET,Foul,MIN,Won,2,10:18.0,https://official.nba.com/archive/challenge-of-called-foul-timberwolves-pistons/
266,01/04/25,MIN,DET,Possession,MIN,Won,1,00:19.8,https://official.nba.com/archive/challenge-oob-timberwolves-pistons-2/
267,01/03/25,MEM,SAC,Foul,SAC,Lost,3,05:56.0,https://official.nba.com/archive/49080-challenge-of-called-foul-grizzlies-at-kings/
268,01/03/25,ATL,LAL,Possession,LAL,Won,1,04:31.0,https://official.nba.com/archive/challenge-oob-hawks-lakers/
269,01/03/25,SAS,DEN,Possession,SAS,Lost,4,10:48.0,https://official.nba.com/archive/challenge-oob-spurs-nuggets/
270,01/03/25,MEM,SAC,Possession,MEM,Won,1,03:53.0,https://official.nba.com/archive/challenge-oob-grizzlies-kings-2/
271,01/03/25,WAS,NOP,Possession,NOP,Lost,4,05:08.0,https://official.nba.com/archive/49072-challenge-oob-wizards-at-pelicans/
272,01/03/25,NYK,OKC,Foul,OKC,Lost,3,03:30.0,https://official.nba.com/archive/challenge-of-called-foul-knicks-thunder-2/
273,01/03/25,CHA,DET,Foul,DET,Lost,4,06:24.0,https://official.nba.com/archive/challenge-of-called-foul-hornets-pistons-3/
274,01/03/25,BOS,HOU,Foul,BOS,Won,2,02:20.0,https://official.nba.com/archive/challenge-of-called-foul-celtics-rockets-3/
275,01/03/25,NYK,OKC,Foul,OKC,Won,2,09:16.0,https://official.nba.com/archive/challenge-of-called-foul-knicks-thunder-3/
276,01/03/25,ORL,TOR,Foul,TOR,Lost,2,00:02.4,https://official.nba.com/archive/challenge-of-called-foul-magic-raptors/
277,01/03/25,WAS,NOP,Possession,NOP,Won,1,08:06.0,https://official.nba.com/archive/challenge-oob-wizards-pelicans-2/
278,01/03/25,CHA,DET,Foul,DET,Won,2,00:02.3,https://official.nba.com/archive/challenge-of-called-foul-hornets-pistons-4/
279,01/02/25,POR,LAL,Foul,POR,Lost,2,04:01.0,https://official.nba.com/archive/challenge-of-called-foul-trail-blazers-lakers-5/
280,01/02/25,POR,LAL,Goaltending,POR,Lost,1,08:26.0,https://official.nba.com/archive/49052-challenge-goaltending-bi-trail-blazers-at-lakers/
281,01/02/25,BKN,MIL,Foul,MIL,Won,4,00:23.1,https://official.nba.com/archive/challenge-of-called-foul-nets-bucks-2/
282,01/02/25,LAC,OKC,Possession,OKC,Won,3,02:58.0,https://official.nba.com/archive/49047-challenge-oob-clippers-at-thunder/
283,01/02/25,BKN,MIL,Foul,MIL,Won,2,04:05.0,https://official.nba.com/archive/challenge-of-called-foul-nets-bucks-3/
284,01/01/25,DAL,HOU,Foul,DAL,Lost,4,04:04.0,https://official.nba.com/archive/challenge-of-called-foul-mavericks-rockets-3/
285,01/01/25,BKN,TOR,Foul,BKN,Lost,4,09:43.0,https://official.nba.com/archive/challenge-of-called-foul-nets-raptors-6/
286,01/01/25,BKN,TOR,Possession,BKN,Won,3,00:02.6,https://official.nba.com/archive/challenge-oob-nets-raptors-3/
287,01/01/25,UTA,NYK,Foul,UTA,Won,3,09:14.0,https://official.nba.com/archive/challenge-of-called-foul-jazz-knicks-2/
288,01/01/25,ORL,DET,Foul,DET,Lost,4,10:31.0,https://official.nba.com/archive/challenge-of-called-foul-magic-pistons-3/
289,01/01/25,NOP,MIA,Possession,NOP,Won,1,02:10.0,https://official.nba.com/archive/challenge-oob-pelicans-heat/
290,01/01/25,BKN,TOR,Foul,TOR,Won,1,03:52.0,https://official.nba.com/archive/challenge-of-called-foul-nets-raptors-5/
291,01/01/25,CHI,WAS,Foul,WAS,Lost,1,00:00.6,https://official.nba.com/archive/challenge-of-called-foul-bulls-wizards-2/
292,01/01/25,ORL,DET,Foul,ORL,Lost,1,08:28.0,https://official.nba.com/archive/challenge-of-called-foul-magic-pistons-2/
0,02/28/25,LAC,LAL,Foul,LAC,Won,4,00:15.8,https://official.nba.com/archive/challenge-of-called-foul-clippers-lakers-3/
1,02/28/25,LAC,LAL,Possession,LAC,Won,4,00:25.4,https://official.nba.com/archive/50138-challenge-oob-clippers-at-lakers/
2,02/28/25,LAC,LAL,Foul,LAL,Lost,3,09:35.0,https://official.nba.com/archive/challenge-of-called-foul-clippers-lakers-2/
3,02/28/25,NOP,PHX,Foul,PHX,Won,4,07:32.0,https://official.nba.com/archive/challenge-of-called-foul-pelicans-suns/
4,02/28/25,IND,MIA,Foul,IND,Won,4,01:15.0,https://official.nba.com/archive/challenge-of-called-foul-pacers-heat-7/
5,02/28/25,MIN,UTA,Possession,UTA,Won,1,03:36.0,https://official.nba.com/archive/challenge-oob-timberwolves-jazz-4/
6,02/28/25,TOR,CHI,Possession,TOR,Lost,3,05:30.0,https://official.nba.com/archive/challenge-oob-raptors-bulls-2/
7,02/28/25,CLE,BOS,Possession,CLE,Won,3,05:17.0,https://official.nba.com/archive/challenge-oob-cavaliers-celtics-3/
8,02/28/25,POR,BKN,Foul,BKN,Won,3,08:05.0,https://official.nba.com/archive/challenge-of-called-foul-trail-blazers-nets-2/
9,02/28/25,NYK,MEM,Possession,MEM,Won,2,02:35.0,https://official.nba.com/archive/50123-challenge-oob-knicks-at-grizzlies/
10,02/28/25,CLE,BOS,Foul,BOS,Lost,2,00:45.9,https://official.nba.com/archive/challenge-of-called-foul-cavaliers-celtics-5/
11,02/28/25,OKC,ATL,Possession,OKC,Won,1,03:16.0,https://official.nba.com/archive/challenge-oob-thunder-hawks/
12,02/28/25,DEN,DET,Possession,DET,Lost,2,11:17.0,https://official.nba.com/archive/challenge-oob-nuggets-pistons-2/
13,02/27/25,MIN,LAL,Foul,MIN,Lost,4,11:07.0,https://official.nba.com/archive/challenge-of-called-foul-timberwolves-lakers/
14,02/27/25,CHA,DAL,Possession,DAL,Won,3,03:29.0,https://official.nba.com/archive/challenge-oob-hornets-mavericks/
15,02/27/25,CHA,DAL,Foul,CHA,Won,2,10:37.0,https://official.nba.com/archive/challenge-of-called-foul-hornets-mavericks/
16,02/27/25,GSW,ORL,Foul,ORL,Won,4,05:20.0,https://official.nba.com/archive/challenge-of-called-foul-warriors-magic-2/
17,02/27/25,GSW,ORL,Foul,GSW,Won,3,08:40.0,https://official.nba.com/archive/challenge-of-called-foul-warriors-magic/
18,02/26/25,SAS,HOU,Possession,HOU,Lost,4,02:56.0,https://official.nba.com/archive/challenge-oob-spurs-rockets/
19,02/26/25,SAS,HOU,Foul,SAS,Lost,1,04:44.0,https://official.nba.com/archive/challenge-of-called-foul-spurs-rockets/
20,02/26/25,LAC,CHI,Foul,LAC,Lost,4,01:53.0,https://official.nba.com/archive/challenge-of-called-foul-clippers-bulls/
21,02/26/25,PHI,NYK,Possession,PHI,Lost,4,01:15.0,https://official.nba.com/archive/challenge-oob-76ers-knicks-4/
22,02/26/25,OKC,BKN,Foul,OKC,Won,3,01:11.0,https://official.nba.com/archive/challenge-of-called-foul-thunder-nets-2/
23,02/26/25,SAC,UTA,Foul,UTA,Won,1,08:40.0,https://official.nba.com/archive/challenge-of-called-foul-kings-jazz/
24,02/26/25,PHI,NYK,Possession,PHI,Won,4,08:31.0,https://official.nba.com/archive/challenge-oob-76ers-knicks-3/
25,02/26/25,TOR,IND,Goaltending,IND,Lost,4,04:59.0,https://official.nba.com/archive/50090-challenge-goaltending-bi-raptors-at-pacers/
26,02/26/25,OKC,BKN,Foul,BKN,Won,2,03:51.0,https://official.nba.com/archive/challenge-of-called-foul-thunder-nets/
27,02/26/25,ATL,MIA,Possession,ATL,Won,1,03:14.0,https://official.nba.com/archive/challenge-oob-hawks-heat/
28,02/26/25,POR,WAS,Possession,POR,Won,1,06:32.0,https://official.nba.com/archive/challenge-oob-trail-blazers-wizards/
29,02/25/25,DAL,LAL,Possession,LAL,Lost,3,02:26.0,https://official.nba.com/archive/challenge-oob-mavericks-lakers/
30,02/25/25,CHA,GSW,Possession,GSW,Won,3,06:23.0,https://official.nba.com/archive/challenge-oob-hornets-warriors/
31,02/25/25,DAL,LAL,Foul,DAL,Won,2,01:59.0,https://official.nba.com/archive/challenge-of-called-foul-mavericks-lakers/
32,02/25/25,PHX,MEM,Foul,MEM,Lost,4,03:58.0,https://official.nba.com/archive/challenge-of-called-foul-suns-grizzlies-2/
33,02/25/25,PHX,MEM,Foul,PHX,Lost,4,08:41.0,https://official.nba.com/archive/challenge-of-called-foul-suns-grizzlies/
34,02/25/25,SAS,NOP,Foul,NOP,Lost,2,08:52.0,https://official.nba.com/archive/challenge-of-called-foul-spurs-pelicans/
35,02/25/25,CLE,ORL,Foul,CLE,Lost,2,09:54.0,https://official.nba.com/archive/50061-challenge-of-called-foul-cavaliers-at-magic/
36,02/24/25,CHA,SAC,Possession,SAC,Lost,3,04:30.0,https://official.nba.com/archive/50058-challenge-oob-hornets-at-kings/
37,02/24/25,CHA,SAC,Possession,CHA,Lost,3,08:28.0,https://official.nba.com/archive/50057-challenge-oob-hornets-at-kings/
38,02/24/25,POR,UTA,Foul,POR,Won,3,00:42.9,https://official.nba.com/archive/challenge-of-called-foul-trail-blazers-jazz-6/
39,02/24/25,MIN,OKC,Possession,MIN,Lost,4,02:50.0,https://official.nba.com/archive/challenge-oob-timberwolves-thunder-2/
40,02/24/25,MIN,OKC,Foul,OKC,Lost,4,03:41.0,https://official.nba.com/archive/challenge-of-called-foul-timberwolves-thunder/
41,02/24/25,MIA,ATL,Foul,ATL,Won,4,00:33.8,https://official.nba.com/archive/challenge-of-called-foul-heat-hawks-10/
42,02/24/25,MIA,ATL,Foul,ATL,Won,4,03:25.0,https://official.nba.com/archive/challenge-of-called-foul-heat-hawks-9/
43,02/24/25,POR,UTA,Possession,UTA,Won,1,00:45.8,https://official.nba.com/archive/challenge-oob-trail-blazers-jazz-2/
44,02/24/25,BKN,WAS,Foul,WAS,Lost,4,00:13.0,https://official.nba.com/archive/challenge-of-called-foul-nets-wizards-4/
45,02/24/25,POR,UTA,Foul,UTA,Won,1,01:36.0,https://official.nba.com/archive/challenge-of-called-foul-trail-blazers-jazz-3/
46,02/24/25,LAC,DET,Possession,DET,Won,4,11:22.0,https://official.nba.com/archive/challenge-oob-clippers-pistons/
47,02/24/25,LAC,DET,Foul,LAC,Lost,3,03:57.0,https://official.nba.com/archive/challenge-of-called-foul-clippers-pistons/
48,02/24/25,BKN,WAS,Foul,BKN,Won,3,03:29.0,https://official.nba.com/archive/challenge-of-called-foul-nets-wizards-3/
49,02/24/25,DEN,IND,Foul,IND,Lost,3,01:59.0,https://official.nba.com/archive/challenge-of-called-foul-nuggets-pacers-3/
50,02/24/25,CHI,PHI,Foul,CHI,Won,3,09:11.0,https://official.nba.com/archive/challenge-of-called-foul-bulls-76ers/
51,02/24/25,DEN,IND,Foul,DEN,Won,3,08:49.0,https://official.nba.com/archive/challenge-of-called-foul-nuggets-pacers-2/
52,02/23/25,OKC,MIN,Foul,OKC,Lost,4,03:29.0,https://official.nba.com/archive/challenge-of-called-foul-thunder-timberwolves-4/
53,02/23/25,OKC,MIN,Foul,MIN,Won,4,08:29.0,https://official.nba.com/archive/challenge-of-called-foul-thunder-timberwolves-8/
54,02/23/25,MEM,CLE,Foul,CLE,Lost,4,06:08.0,https://official.nba.com/archive/challenge-of-called-foul-grizzlies-cavaliers/
55,02/23/25,MEM,CLE,Possession,MEM,Lost,3,01:54.0,https://official.nba.com/archive/challenge-oob-grizzlies-cavaliers-2/
56,02/23/25,MEM,CLE,Possession,CLE,Won,3,06:47.0,https://official.nba.com/archive/challenge-oob-grizzlies-cavaliers/
57,02/23/25,DET,ATL,Foul,DET,Won,4,00:15.3,https://official.nba.com/archive/50024-challenge-of-called-foul-pistons-at-hawks/
58,02/23/25,PHX,TOR,Foul,PHX,Won,4,11:10.0,https://official.nba.com/archive/challenge-of-called-foul-suns-raptors-2/
59,02/23/25,MIA,MIL,Foul,MIL,Lost,3,01:31.0,https://official.nba.com/archive/challenge-of-called-foul-heat-bucks-8/
60,02/23/25,PHX,TOR,Possession,PHX,Won,3,01:32.0,https://official.nba.com/archive/50017-challenge-oob-suns-at-raptors/
61,02/23/25,DET,ATL,Foul,ATL,Lost,3,08:08.0,https://official.nba.com/archive/challenge-of-called-foul-pistons-hawks-3/
62,02/23/25,WAS,ORL,Foul,ORL,Won,2,03:19.0,https://official.nba.com/archive/challenge-of-called-foul-wizards-magic-2/
63,02/23/25,DAL,GSW,Foul,DAL,Won,3,01:53.0,https://official.nba.com/archive/challenge-of-called-foul-mavericks-warriors-2/
64,02/23/25,DAL,GSW,Possession,GSW,Won,3,07:06.0,https://official.nba.com/archive/challenge-oob-mavericks-warriors/
65,02/23/25,NYK,BOS,Foul,NYK,Lost,3,00:34.1,https://official.nba.com/archive/challenge-of-called-foul-knicks-celtics-6/
66,02/22/25,CHA,POR,Foul,CHA,Lost,4,11:29.0,https://official.nba.com/archive/challenge-of-called-foul-hornets-trail-blazers/
67,02/22/25,LAL,DEN,Possession,LAL,Won,3,00:12.5,https://official.nba.com/archive/challenge-oob-lakers-nuggets/
68,02/22/25,CHA,POR,Possession,POR,Won,1,07:08.0,https://official.nba.com/archive/challenge-oob-hornets-trail-blazers/
69,02/22/25,HOU,UTA,Foul,UTA,Lost,2,06:15.0,https://official.nba.com/archive/challenge-of-called-foul-rockets-jazz-3/
70,02/22/25,LAL,DEN,Foul,LAL,Won,2,08:50.0,https://official.nba.com/archive/challenge-of-called-foul-lakers-nuggets-4/
71,02/22/25,BKN,PHI,Foul,BKN,Won,3,04:12.0,https://official.nba.com/archive/challenge-of-called-foul-nets-76ers-4/
72,02/21/25,MIN,HOU,Possession,HOU,Won,4,00:33.4,https://official.nba.com/archive/challenge-oob-timberwolves-rockets-2/
73,02/21/25,MIN,HOU,Possession,MIN,Lost,4,03:13.0,https://official.nba.com/archive/challenge-oob-timberwolves-rockets/
74,02/21/25,DET,SAS,Foul,DET,Won,4,04:32.0,https://official.nba.com/archive/49982-challenge-of-called-foul-pistons-at-spurs/
75,02/21/25,NOP,DAL,Foul,DAL,Lost,3,06:32.0,https://official.nba.com/archive/challenge-of-called-foul-pelicans-mavericks-3/
76,02/21/25,MEM,ORL,Possession,MEM,Won,4,02:05.0,https://official.nba.com/archive/challenge-oob-grizzlies-magic/
77,02/21/25,NOP,DAL,Foul,DAL,Won,2,09:26.0,https://official.nba.com/archive/challenge-of-called-foul-pelicans-mavericks-2/
78,02/21/25,MIL,WAS,Foul,MIL,Lost,3,08:11.0,https://official.nba.com/archive/challenge-of-called-foul-bucks-wizards-5/
79,02/21/25,MIA,TOR,Foul,TOR,Won,2,06:19.0,https://official.nba.com/archive/challenge-of-called-foul-heat-raptors-2/
80,02/21/25,MIL,WAS,Foul,WAS,Lost,2,09:20.0,https://official.nba.com/archive/challenge-of-called-foul-bucks-wizards-3/
81,02/20/25,LAL,POR,Possession,LAL,Won,4,01:19.0,https://official.nba.com/archive/challenge-oob-lakers-trail-blazers/
82,02/20/25,PHX,SAS,Foul,PHX,Lost,4,05:39.0,https://official.nba.com/archive/challenge-of-called-foul-suns-spurs-3/
83,02/20/25,PHX,SAS,Possession,SAS,Lost,4,06:05.0,https://official.nba.com/archive/challenge-oob-suns-spurs/
84,02/20/25,LAL,POR,Goaltending,LAL,Won,3,04:24.0,https://official.nba.com/archive/49966-challenge-goaltending-bi-lakers-at-trail-blazers/
85,02/20/25,LAC,MIL,Foul,MIL,Won,4,02:06.0,https://official.nba.com/archive/challenge-of-called-foul-clippers-bucks/
86,02/20/25,LAC,MIL,Possession,LAC,Lost,4,06:59.0,https://official.nba.com/archive/challenge-oob-clippers-bucks-2/
87,02/20/25,ORL,ATL,Foul,ATL,Lost,4,09:18.0,https://official.nba.com/archive/challenge-of-called-foul-magic-hawks-3/
88,02/20/25,CLE,BKN,Foul,BKN,Lost,3,07:34.0,https://official.nba.com/archive/challenge-of-called-foul-cavaliers-nets-5/
89,02/20/25,CLE,BKN,Foul,CLE,Lost,2,02:10.0,https://official.nba.com/archive/challenge-of-called-foul-cavaliers-nets-4/
90,02/20/25,CLE,BKN,Foul,CLE,Won,2,04:11.0,https://official.nba.com/archive/challenge-of-called-foul-cavaliers-nets-3/
91,02/20/25,ORL,ATL,Goaltending,ORL,Lost,2,09:17.0,https://official.nba.com/archive/49950-challenge-goaltending-bi-magic-at-hawks/
92,02/13/25,LAC,UTA,Foul,UTA,Lost,4,11:12.0,https://official.nba.com/archive/challenge-of-called-foul-clippers-jazz-2/
93,02/13/25,SAC,NOP,Foul,NOP,Lost,4,06:18.0,https://official.nba.com/archive/challenge-of-called-foul-kings-pelicans-3/
94,02/13/25,GSW,HOU,Possession,HOU,Won,4,04:23.0,https://official.nba.com/archive/challenge-oob-warriors-rockets/
95,02/13/25,LAC,UTA,Possession,LAC,Lost,2,01:13.0,https://official.nba.com/archive/challenge-oob-clippers-jazz-2/
96,02/13/25,MIA,DAL,Foul,DAL,Lost,3,07:05.0,https://official.nba.com/archive/challenge-of-called-foul-heat-mavericks-2/
97,02/13/25,SAC,NOP,Foul,SAC,Won,3,04:35.0,https://official.nba.com/archive/challenge-of-called-foul-kings-pelicans-4/
98,02/13/25,OKC,MIN,Foul,MIN,Won,1,01:23.0,https://official.nba.com/archive/challenge-of-called-foul-thunder-timberwolves-2/
99,02/13/25,OKC,MIN,Foul,OKC,Lost,4,02:41.0,https://official.nba.com/archive/challenge-of-called-foul-thunder-timberwolves-3/
100,02/12/25,MEM,LAC,Foul,LAC,Won,4,10:33.0,https://official.nba.com/archive/challenge-of-called-foul-grizzlies-clippers/
101,02/12/25,GSW,DAL,Foul,GSW,Lost,4,00:17.6,https://official.nba.com/archive/challenge-of-called-foul-warriors-mavericks/
102,02/12/25,MEM,LAC,Foul,LAC,Won,2,08:18.0,https://official.nba.com/archive/challenge-of-called-foul-grizzlies-clippers-5/
103,02/12/25,POR,DEN,Foul,DEN,Won,4,08:05.0,https://official.nba.com/archive/challenge-of-called-foul-trail-blazers-nuggets-4/
104,02/12/25,LAL,UTA,Foul,UTA,Lost,4,09:57.0,https://official.nba.com/archive/challenge-of-called-foul-lakers-jazz-6/
105,02/12/25,GSW,DAL,Possession,GSW,Won,2,00:20.5,https://official.nba.com/archive/challenge-oob-warriors-mavericks/
106,02/12/25,LAL,UTA,Foul,LAL,Lost,3,07:44.0,https://official.nba.com/archive/49920-challenge-of-called-foul-lakers-at-jazz/
107,02/12/25,PHX,HOU,Possession,PHX,Lost,4,08:50.0,https://official.nba.com/archive/challenge-oob-suns-rockets-3/
108,02/12/25,ATL,NYK,Foul,BOS,Lost,5,03:34.0,https://official.nba.com/archive/challenge-of-called-foul-hawks-knicks-5/
109,02/12/25,MIL,MIN,Possession,MIL,Lost,4,00:59.1,https://official.nba.com/archive/challenge-oob-bucks-timberwolves/
110,02/12/25,SAC,NOP,Foul,NOP,Won,4,09:16.0,https://official.nba.com/archive/challenge-of-called-foul-kings-pelicans-2/
111,02/12/25,PHI,BKN,Foul,PHI,Lost,4,00:17.9,https://official.nba.com/archive/challenge-of-called-foul-76ers-nets/
112,02/12/25,GSW,DAL,Foul,DAL,Won,1,07:17.0,https://official.nba.com/archive/challenge-of-called-foul-warriors-mavericks-3/
113,02/12/25,ATL,NYK,Foul,NYK,Lost,4,04:01.0,https://official.nba.com/archive/challenge-of-called-foul-hawks-knicks-6/
114,02/12/25,LAL,UTA,Foul,LAL,Won,2,06:56.0,https://official.nba.com/archive/challenge-of-called-foul-lakers-jazz-3/
115,02/12/25,MIL,MIN,Foul,MIN,Lost,3,03:15.0,https://official.nba.com/archive/challenge-of-called-foul-bucks-timberwolves-2/
116,02/12/25,LAL,UTA,Foul,UTA,Won,1,02:58.0,https://official.nba.com/archive/challenge-of-called-foul-lakers-jazz-5/
117,02/12/25,IND,WAS,Foul,WAS,Won,4,03:30.0,https://official.nba.com/archive/challenge-of-called-foul-pacers-wizards-2/
118,02/12/25,CLE,TOR,Possession,CLE,Won,3,06:59.0,https://official.nba.com/archive/challenge-oob-cavaliers-raptors/
119,02/12/25,PHX,HOU,Foul,PHX,Won,1,02:30.0,https://official.nba.com/archive/challenge-of-called-foul-suns-rockets/
120,02/12/25,DET,CHI,Foul,DET,Lost,2,06:59.0,https://official.nba.com/archive/challenge-of-called-foul-pistons-bulls-2/
121,02/12/25,IND,WAS,Foul,IND,Lost,4,10:34.0,https://official.nba.com/archive/challenge-of-called-foul-pacers-wizards/
122,02/12/25,ATL,NYK,Possession,ATL,Won,2,05:47.0,https://official.nba.com/archive/challenge-oob-hawks-knicks-2/
123,02/12/25,PHI,BKN,Possession,BKN,Lost,1,06:20.0,https://official.nba.com/archive/challenge-oob-76ers-nets/
124,02/11/25,MEM,PHX,Foul,PHX,Lost,3,04:43.0,https://official.nba.com/archive/challenge-of-called-foul-grizzlies-suns/
125,02/11/25,MEM,PHX,Possession,PHX,Won,2,00:19.5,https://official.nba.com/archive/challenge-oob-grizzlies-suns-2/
126,02/11/25,DET,CHI,Foul,DET,Won,2,03:27.0,https://official.nba.com/archive/challenge-of-called-foul-pistons-bulls/
127,02/11/25,NYK,IND,Possession,IND,Won,2,09:30.0,https://official.nba.com/archive/challenge-oob-knicks-pacers-2/
128,02/10/25,UTA,LAL,Possession,LAL,Lost,3,00:44.7,https://official.nba.com/archive/49876-challenge-oob-jazz-at-lakers/
129,02/10/25,UTA,LAL,Foul,UTA,Lost,3,02:33.0,https://official.nba.com/archive/challenge-of-called-foul-jazz-lakers-3/
130,02/10/25,UTA,LAL,Foul,UTA,Won,2,06:38.0,https://official.nba.com/archive/challenge-of-called-foul-jazz-lakers-2/
131,02/10/25,POR,DEN,Possession,DEN,Won,3,07:30.0,https://official.nba.com/archive/challenge-oob-trail-blazers-nuggets/
132,02/10/25,SAC,DAL,Foul,DAL,Won,4,09:07.0,https://official.nba.com/archive/challenge-of-called-foul-kings-mavericks-3/
133,02/10/25,GSW,MIL,Foul,GSW,Won,4,11:42.0,https://official.nba.com/archive/challenge-of-called-foul-warriors-bucks-2/
134,02/10/25,GSW,MIL,Foul,MIL,Lost,3,01:29.0,https://official.nba.com/archive/challenge-of-called-foul-warriors-bucks/
135,02/10/25,NOP,OKC,Foul,OKC,Lost,3,08:50.0,https://official.nba.com/archive/challenge-of-called-foul-pelicans-thunder-6/
136,02/10/25,ATL,ORL,Possession,ATL,Won,4,01:03.0,https://official.nba.com/archive/challenge-oob-hawks-magic-2/
137,02/10/25,ATL,ORL,Possession,ATL,Won,4,06:37.0,https://official.nba.com/archive/challenge-oob-hawks-magic/
138,02/10/25,NOP,OKC,Possession,NOP,Won,2,05:20.0,https://official.nba.com/archive/challenge-oob-pelicans-thunder-2/
139,02/10/25,NOP,OKC,Foul,OKC,Won,2,08:45.0,https://official.nba.com/archive/challenge-of-called-foul-pelicans-thunder-5/
140,02/10/25,CHA,BKN,Foul,CHA,Won,1,03:41.0,https://official.nba.com/archive/challenge-of-called-foul-hornets-nets-4/
141,02/09/25,TOR,HOU,Possession,HOU,Won,4,04:08.0,https://official.nba.com/archive/49849-challenge-oob-raptors-at-rockets/
142,02/09/25,PHI,MIL,Foul,PHI,Lost,3,11:15.0,https://official.nba.com/archive/challenge-of-called-foul-76ers-bucks/
143,02/09/25,CHA,DET,Foul,CHA,Won,4,07:33.0,https://official.nba.com/archive/challenge-of-called-foul-hornets-pistons-7/
144,02/09/25,CHA,DET,Foul,DET,Lost,3,05:31.0,https://official.nba.com/archive/challenge-of-called-foul-hornets-pistons-6/
145,02/09/25,CHA,DET,Foul,CHA,Won,3,06:09.0,https://official.nba.com/archive/challenge-of-called-foul-hornets-pistons-5/
146,02/09/25,PHI,MIL,Possession,PHI,Won,1,07:26.0,https://official.nba.com/archive/challenge-oob-76ers-bucks/
147,02/08/25,UTA,LAC,Foul,LAC,Won,4,09:14.0,https://official.nba.com/archive/challenge-of-called-foul-jazz-clippers-4/
148,02/08/25,NOP,SAC,Foul,SAC,Lost,4,03:10.0,https://official.nba.com/archive/challenge-of-called-foul-pelicans-kings-3/
149,02/08/25,UTA,LAC,Foul,LAC,Won,3,10:48.0,https://official.nba.com/archive/challenge-of-called-foul-jazz-clippers-3/
150,02/08/25,UTA,LAC,Possession,UTA,Won,1,02:31.0,https://official.nba.com/archive/challenge-oob-jazz-clippers-2/
151,02/08/25,POR,MIN,Foul,POR,Lost,4,02:06.0,https://official.nba.com/archive/challenge-of-called-foul-trail-blazers-timberwolves-5/
152,02/08/25,POR,MIN,Foul,MIN,Won,4,09:35.0,https://official.nba.com/archive/challenge-of-called-foul-trail-blazers-timberwolves-6/
153,02/08/25,OKC,MEM,Foul,OKC,Lost,3,01:19.0,https://official.nba.com/archive/challenge-of-called-foul-thunder-grizzlies-2/
154,02/08/25,GSW,CHI,Possession,GSW,Lost,3,10:39.0,https://official.nba.com/archive/challenge-oob-warriors-bulls/
155,02/08/25,GSW,CHI,Foul,CHI,Lost,2,00:37.7,https://official.nba.com/archive/challenge-of-called-foul-warriors-bulls/
156,02/08/25,POR,MIN,Possession,POR,Won,2,02:17.0,https://official.nba.com/archive/challenge-oob-trail-blazers-timberwolves/
157,02/08/25,BOS,NYK,Possession,BOS,Won,1,04:10.0,https://official.nba.com/archive/49821-challenge-oob-celtics-at-knicks/
158,02/08/25,IND,LAL,Possession,LAL,Won,4,04:10.0,https://official.nba.com/archive/challenge-oob-pacers-lakers/
159,02/08/25,IND,LAL,Foul,IND,Won,4,04:51.0,https://official.nba.com/archive/challenge-of-called-foul-pacers-lakers/
160,02/08/25,IND,LAL,Foul,LAL,Won,3,09:41.0,https://official.nba.com/archive/challenge-of-called-foul-pacers-lakers-7/
161,02/08/25,HOU,DAL,Possession,DAL,Won,4,01:28.0,https://official.nba.com/archive/challenge-oob-rockets-mavericks-3/
162,02/08/25,HOU,DAL,Foul,DAL,Won,4,09:13.0,https://official.nba.com/archive/challenge-of-called-foul-rockets-mavericks-8/
163,02/08/25,HOU,DAL,Possession,HOU,Won,3,02:50.0,https://official.nba.com/archive/challenge-oob-rockets-mavericks-2/
164,02/07/25,UTA,PHX,Foul,PHX,Won,3,11:04.0,https://official.nba.com/archive/challenge-of-called-foul-jazz-suns-5/
165,02/07/25,UTA,PHX,Possession,UTA,Won,2,06:30.0,https://official.nba.com/archive/challenge-oob-jazz-suns-2/
166,02/07/25,TOR,OKC,Possession,TOR,Lost,4,08:04.0,https://official.nba.com/archive/challenge-oob-raptors-thunder/
167,02/07/25,PHI,DET,Foul,PHI,Won,4,02:13.0,https://official.nba.com/archive/challenge-of-called-foul-76ers-pistons-4/
168,02/07/25,TOR,OKC,Foul,OKC,Won,4,09:37.0,https://official.nba.com/archive/challenge-of-called-foul-raptors-thunder-3/
169,02/07/25,TOR,OKC,Foul,OKC,Won,4,10:26.0,https://official.nba.com/archive/challenge-of-called-foul-raptors-thunder-4/
170,02/07/25,PHI,DET,Foul,DET,Won,4,05:39.0,https://official.nba.com/archive/challenge-of-called-foul-76ers-pistons-5/
171,02/07/25,TOR,OKC,Possession,TOR,Won,3,11:14.0,https://official.nba.com/archive/challenge-oob-raptors-thunder-2/
172,02/07/25,SAS,CHA,Foul,SAS,Won,4,00:30.6,https://official.nba.com/archive/challenge-of-called-foul-spurs-hornets-4/
173,02/07/25,CLE,WAS,Foul,CLE,Lost,4,03:38.0,https://official.nba.com/archive/challenge-of-called-foul-cavaliers-wizards-3/
174,02/07/25,MIL,ATL,Possession,ATL,Won,4,11:15.0,https://official.nba.com/archive/challenge-oob-bucks-hawks-2/
175,02/07/25,MIL,ATL,Foul,MIL,Won,2,00:21.2,https://official.nba.com/archive/challenge-of-called-foul-bucks-hawks/
176,02/07/25,PHI,DET,Foul,DET,Won,1,00:03.6,https://official.nba.com/archive/challenge-of-called-foul-76ers-pistons-6/
177,02/07/25,SAS,CHA,Foul,CHA,Lost,2,05:45.0,https://official.nba.com/archive/challenge-of-called-foul-spurs-hornets-5/
178,02/07/25,CLE,WAS,Foul,WAS,Won,2,11:37.0,https://official.nba.com/archive/challenge-of-called-foul-cavaliers-wizards-4/
179,02/06/25,IND,LAC,Foul,LAC,Lost,4,01:39.0,https://official.nba.com/archive/challenge-of-called-foul-pacers-clippers-2/
180,02/06/25,IND,LAC,Foul,IND,Won,4,06:35.0,https://official.nba.com/archive/challenge-of-called-foul-pacers-clippers/
181,02/06/25,SAC,POR,Foul,SAC,Lost,4,03:02.0,https://official.nba.com/archive/challenge-of-called-foul-kings-trail-blazers-3/
182,02/06/25,SAC,POR,Foul,POR,Lost,4,03:48.0,https://official.nba.com/archive/49776-challenge-of-called-foul-kings-at-trail-blazers/
183,02/06/25,SAC,POR,Possession,POR,Won,4,09:24.0,https://official.nba.com/archive/49773-challenge-oob-kings-at-trail-blazers/
184,02/06/25,HOU,MIN,Foul,MIN,Lost,4,07:18.0,https://official.nba.com/archive/challenge-of-called-foul-rockets-timberwolves-7/
185,02/06/25,HOU,MIN,Foul,HOU,Won,3,07:38.0,https://official.nba.com/archive/challenge-of-called-foul-rockets-timberwolves-4/
186,02/06/25,ORL,DEN,Possession,DEN,Won,1,10:53.0,https://official.nba.com/archive/challenge-oob-magic-nuggets-2/
187,02/05/25,PHX,OKC,Foul,OKC,Lost,4,11:45.0,https://official.nba.com/archive/challenge-of-called-foul-suns-thunder-6/
188,02/05/25,PHX,OKC,Foul,PHX,Lost,3,01:53.0,https://official.nba.com/archive/challenge-of-called-foul-suns-thunder-5/
189,02/05/25,ORL,SAC,Foul,SAC,Won,2,10:20.0,https://official.nba.com/archive/challenge-of-called-foul-magic-kings/
190,02/05/25,GSW,UTA,Foul,UTA,Won,3,04:17.0,https://official.nba.com/archive/challenge-of-called-foul-warriors-jazz/
191,02/05/25,PHX,OKC,Possession,OKC,Won,2,02:50.0,https://official.nba.com/archive/49754-challenge-oob-suns-at-thunder/
192,02/05/25,CHI,MIN,Possession,CHI,Lost,4,04:36.0,https://official.nba.com/archive/49753-challenge-oob-bulls-at-timberwolves/
193,02/05/25,CHI,MIN,Foul,MIN,Won,4,05:02.0,https://official.nba.com/archive/49752-challenge-of-called-foul-bulls-at-timberwolves/
194,02/05/25,MIA,PHI,Foul,MIA,Won,4,06:27.0,https://official.nba.com/archive/challenge-of-called-foul-heat-76ers/
195,02/05/25,SAS,ATL,Foul,ATL,Lost,4,00:02.9,https://official.nba.com/archive/challenge-of-called-foul-spurs-hawks/
196,02/05/25,CLE,DET,Possession,CLE,Won,4,01:02.0,https://official.nba.com/archive/challenge-oob-cavaliers-pistons/
197,02/05/25,MEM,TOR,Possession,MEM,Won,3,05:24.0,https://official.nba.com/archive/challenge-oob-grizzlies-raptors/
198,02/05/25,CLE,DET,Foul,CLE,Won,3,03:50.0,https://official.nba.com/archive/challenge-of-called-foul-cavaliers-pistons-2/
199,02/05/25,CHI,MIN,Possession,MIN,Won,1,03:07.0,https://official.nba.com/archive/challenge-oob-bulls-timberwolves-2/
200,02/05/25,CHI,MIN,Foul,CHI,Won,1,03:44.0,https://official.nba.com/archive/challenge-of-called-foul-bulls-timberwolves/
201,02/04/25,IND,POR,Foul,IND,Won,3,08:14.0,https://official.nba.com/archive/challenge-of-called-foul-pacers-trail-blazers-2/
202,02/04/25,LAL,LAC,Foul,LAL,Lost,3,08:25.0,https://official.nba.com/archive/challenge-of-called-foul-lakers-clippers-4/
203,02/04/25,IND,POR,Foul,IND,Won,2,06:41.0,https://official.nba.com/archive/challenge-of-called-foul-pacers-trail-blazers/
204,02/04/25,LAL,LAC,Foul,LAC,Won,1,06:40.0,https://official.nba.com/archive/challenge-of-called-foul-lakers-clippers-2/
205,02/04/25,DAL,PHI,Possession,PHI,Won,4,09:12.0,https://official.nba.com/archive/challenge-oob-mavericks-76ers/
206,02/04/25,BOS,CLE,Foul,CLE,Won,3,07:00.0,https://official.nba.com/archive/challenge-of-called-foul-celtics-cavaliers-7/
207,02/04/25,HOU,BKN,Possession,BKN,Won,2,03:04.0,https://official.nba.com/archive/challenge-oob-rockets-nets/
208,02/04/25,NYK,TOR,Possession,TOR,Lost,2,08:22.0,https://official.nba.com/archive/challenge-oob-knicks-raptors/
209,02/04/25,BOS,CLE,Foul,BOS,Lost,2,10:56.0,https://official.nba.com/archive/challenge-of-called-foul-celtics-cavaliers-2/
210,02/03/25,PHX,POR,Possession,PHX,Won,5,03:49.0,https://official.nba.com/archive/challenge-oob-suns-trail-blazers/
211,02/03/25,ORL,GSW,Possession,ORL,Won,4,08:39.0,https://official.nba.com/archive/challenge-oob-magic-warriors/
212,02/03/25,PHX,POR,Foul,POR,Lost,4,05:12.0,https://official.nba.com/archive/challenge-of-called-foul-suns-trail-blazers-3/
213,02/03/25,SAS,MEM,Foul,MEM,Lost,4,05:28.0,https://official.nba.com/archive/challenge-of-called-foul-spurs-grizzlies-2/
214,02/03/25,SAC,MIN,Possession,SAC,Won,4,00:06.1,https://official.nba.com/archive/challenge-oob-kings-timberwolves-4/
215,02/03/25,HOU,NYK,Possession,HOU,Won,4,00:38.0,https://official.nba.com/archive/challenge-oob-rockets-knicks/
216,02/03/25,HOU,NYK,Foul,HOU,Lost,4,05:15.0,https://official.nba.com/archive/challenge-of-called-foul-rockets-knicks-2/
217,02/03/25,IND,UTA,Possession,UTA,Won,1,01:31.0,https://official.nba.com/archive/challenge-oob-pacers-jazz/
218,02/03/25,SAC,MIN,Possession,MIN,Won,3,06:40.0,https://official.nba.com/archive/challenge-oob-kings-timberwolves-3/
219,02/03/25,ATL,DET,Foul,DET,Lost,3,01:52.0,https://official.nba.com/archive/challenge-of-called-foul-hawks-pistons-3/
220,02/02/25,BOS,PHI,Foul,BOS,Won,4,00:35.4,https://official.nba.com/archive/49690-challenge-of-called-foul-celtics-at-76ers/
221,02/02/25,BOS,PHI,Possession,BOS,Won,4,08:41.0,https://official.nba.com/archive/challenge-oob-celtics-76ers/
222,02/02/25,BOS,PHI,Foul,PHI,Lost,2,10:39.0,https://official.nba.com/archive/challenge-of-called-foul-celtics-76ers-4/
223,02/02/25,CHI,DET,Foul,CHI,Won,4,10:24.0,https://official.nba.com/archive/challenge-of-called-foul-bulls-pistons-2/
224,02/02/25,CHI,DET,Foul,DET,Lost,3,07:34.0,https://official.nba.com/archive/challenge-of-called-foul-bulls-pistons-3/
225,02/02/25,CHI,DET,Possession,CHI,Won,1,04:13.0,https://official.nba.com/archive/challenge-oob-bulls-pistons/
226,02/02/25,CHI,DET,Foul,DET,Won,1,08:12.0,https://official.nba.com/archive/challenge-of-called-foul-bulls-pistons-4/
227,02/01/25,PHX,POR,Foul,POR,Won,3,06:10.0,https://official.nba.com/archive/challenge-of-called-foul-suns-trail-blazers-2/
228,02/01/25,LAL,NYK,Foul,LAL,Lost,3,07:04.0,https://official.nba.com/archive/challenge-of-called-foul-lakers-knicks-2/
229,02/01/25,WAS,MIN,Foul,MIN,Lost,3,01:46.0,https://official.nba.com/archive/challenge-of-called-foul-wizards-timberwolves/
230,02/01/25,WAS,MIN,Foul,WAS,Lost,3,03:31.0,https://official.nba.com/archive/challenge-of-called-foul-wizards-timberwolves-2/
231,02/01/25,DEN,CHA,Foul,CHA,Lost,4,00:19.6,https://official.nba.com/archive/challenge-of-called-foul-nuggets-hornets-4/
232,02/01/25,BKN,HOU,Foul,BKN,Won,2,00:50.3,https://official.nba.com/archive/challenge-of-called-foul-nets-rockets/
233,02/01/25,LAL,NYK,Possession,NYK,Won,1,06:45.0,https://official.nba.com/archive/challenge-oob-lakers-knicks/
234,02/01/25,ATL,IND,Possession,ATL,Won,4,00:38.7,https://official.nba.com/archive/challenge-oob-hawks-pacers/
235,02/01/25,ORL,UTA,Foul,ORL,Lost,4,06:46.0,https://official.nba.com/archive/challenge-of-called-foul-magic-jazz-3/
236,02/01/25,ORL,UTA,Foul,UTA,Lost,3,02:35.0,https://official.nba.com/archive/challenge-of-called-foul-magic-jazz-4/
0,03/31/25,HOU,LAL,Possession,HOU,Won,4,06:22.0,https://official.nba.com/archive/50787-challenge-oob-rockets-at-lakers/
1,03/31/25,HOU,LAL,Foul,LAL,Won,3,06:18.0,https://official.nba.com/archive/challenge-of-called-foul-rockets-lakers-3/
2,03/31/25,HOU,LAL,Foul,HOU,Won,1,08:00.0,https://official.nba.com/archive/challenge-of-called-foul-rockets-lakers-8/
3,03/31/25,BKN,DAL,Possession,BKN,Won,4,06:07.0,https://official.nba.com/archive/50781-challenge-oob-nets-at-mavericks/
4,03/31/25,UTA,CHA,Foul,CHA,Won,4,05:00.0,https://official.nba.com/archive/challenge-of-called-foul-jazz-hornets/
5,03/31/25,SAC,IND,Foul,IND,Won,4,04:54.0,https://official.nba.com/archive/challenge-of-called-foul-kings-pacers-2/
6,03/31/25,CHI,OKC,Foul,OKC,Won,2,04:56.0,https://official.nba.com/archive/challenge-of-called-foul-bulls-thunder/
7,03/31/25,UTA,CHA,Possession,UTA,Lost,3,02:17.0,https://official.nba.com/archive/challenge-oob-jazz-hornets/
8,03/31/25,BOS,MEM,Foul,BOS,Won,2,03:04.0,https://official.nba.com/archive/challenge-of-called-foul-celtics-grizzlies-2/
9,03/31/25,MIA,WAS,Foul,WAS,Lost,1,03:06.0,https://official.nba.com/archive/challenge-of-called-foul-heat-wizards-3/
10,03/31/25,MIA,WAS,Foul,MIA,Won,1,05:55.0,https://official.nba.com/archive/50765-challenge-of-called-foul-heat-at-wizards/
11,03/30/25,HOU,PHX,Possession,HOU,Won,2,05:12.0,https://official.nba.com/archive/challenge-oob-rockets-suns/
12,03/30/25,DET,MIN,Foul,MIN,Lost,4,09:48.0,https://official.nba.com/archive/challenge-of-called-foul-pistons-timberwolves-3/
13,03/30/25,ATL,MIL,Foul,ATL,Won,3,09:41.0,https://official.nba.com/archive/challenge-of-called-foul-hawks-bucks-4/
14,03/30/25,DET,MIN,Possession,MIN,Won,2,01:36.0,https://official.nba.com/archive/50757-challenge-oob-pistons-at-timberwolves/
15,03/30/25,ATL,MIL,Foul,MIL,Lost,2,03:25.0,https://official.nba.com/archive/challenge-of-called-foul-hawks-bucks-3/
16,03/30/25,POR,NYK,Possession,POR,Won,4,07:03.0,https://official.nba.com/archive/challenge-oob-trail-blazers-knicks-3/
17,03/30/25,POR,NYK,Possession,NYK,Won,3,01:39.0,https://official.nba.com/archive/challenge-oob-trail-blazers-knicks-2/
18,03/30/25,DET,MIN,Foul,DET,Won,1,03:26.0,https://official.nba.com/archive/challenge-of-called-foul-pistons-timberwolves/
19,03/30/25,POR,NYK,Possession,NYK,Won,2,01:28.0,https://official.nba.com/archive/challenge-oob-trail-blazers-knicks/
20,03/30/25,LAC,CLE,Foul,LAC,Lost,4,01:42.0,https://official.nba.com/archive/challenge-of-called-foul-clippers-cavaliers/
21,03/30/25,LAC,CLE,Possession,LAC,Won,3,03:25.0,https://official.nba.com/archive/challenge-oob-clippers-cavaliers/
22,03/29/25,BOS,SAS,Foul,SAS,Won,4,02:28.0,https://official.nba.com/archive/challenge-of-called-foul-celtics-spurs-2/
23,03/29/25,LAL,MEM,Foul,LAL,Won,3,00:18.2,https://official.nba.com/archive/challenge-of-called-foul-lakers-grizzlies-3/
24,03/29/25,IND,OKC,Goaltending,OKC,Lost,2,06:54.0,https://official.nba.com/archive/challenge-goaltending-bi-pacers-thunder/
25,03/29/25,BOS,SAS,Possession,BOS,Won,2,08:23.0,https://official.nba.com/archive/50734-challenge-oob-celtics-at-spurs/
26,03/29/25,DAL,CHI,Possession,DAL,Lost,1,02:17.0,https://official.nba.com/archive/challenge-oob-mavericks-bulls/
27,03/29/25,MIA,PHI,Foul,PHI,Won,2,08:42.0,https://official.nba.com/archive/challenge-of-called-foul-heat-76ers-2/
28,03/29/25,BKN,WAS,Foul,WAS,Won,2,02:48.0,https://official.nba.com/archive/challenge-of-called-foul-nets-wizards-6/
29,03/29/25,BKN,WAS,Foul,BKN,Lost,1,09:09.0,https://official.nba.com/archive/challenge-of-called-foul-nets-wizards-5/
30,03/28/25,UTA,DEN,Foul,UTA,Lost,4,05:48.0,https://official.nba.com/archive/challenge-of-called-foul-jazz-nuggets-2/
31,03/28/25,GSW,NOP,Possession,NOP,Won,4,00:47.4,https://official.nba.com/archive/challenge-oob-warriors-pelicans-2/
32,03/28/25,GSW,NOP,Foul,GSW,Lost,4,03:15.0,https://official.nba.com/archive/challenge-of-called-foul-warriors-pelicans-5/
33,03/28/25,PHX,MIN,Foul,MIN,Lost,4,03:40.0,https://official.nba.com/archive/challenge-of-called-foul-suns-timberwolves-5/
34,03/28/25,UTA,DEN,Foul,DEN,Lost,2,01:11.0,https://official.nba.com/archive/challenge-of-called-foul-jazz-nuggets-3/
35,03/28/25,CHA,TOR,Foul,TOR,Won,4,06:28.0,https://official.nba.com/archive/challenge-of-called-foul-hornets-raptors-2/
36,03/28/25,CHA,TOR,Possession,CHA,Won,4,08:40.0,https://official.nba.com/archive/challenge-oob-hornets-raptors/
37,03/28/25,UTA,DEN,Possession,UTA,Won,1,07:06.0,https://official.nba.com/archive/challenge-oob-jazz-nuggets/
38,03/28/25,CLE,DET,Foul,DET,Lost,3,06:05.0,https://official.nba.com/archive/challenge-of-called-foul-cavaliers-pistons-5/
39,03/28/25,GSW,NOP,Possession,GSW,Won,1,01:33.0,https://official.nba.com/archive/50710-challenge-oob-warriors-at-pelicans/
40,03/28/25,PHX,MIN,Possession,PHX,Lost,1,05:05.0,https://official.nba.com/archive/50709-challenge-oob-suns-at-timberwolves/
41,03/28/25,LAC,BKN,Foul,BKN,Lost,1,05:45.0,https://official.nba.com/archive/challenge-of-called-foul-clippers-nets/
42,03/28/25,CLE,DET,Possession,DET,Won,1,04:06.0,https://official.nba.com/archive/challenge-oob-cavaliers-pistons-2/
43,03/27/25,HOU,UTA,Possession,HOU,Won,4,10:06.0,https://official.nba.com/archive/50704-challenge-oob-rockets-at-jazz/
44,03/27/25,HOU,UTA,Foul,UTA,Won,3,01:40.0,https://official.nba.com/archive/challenge-of-called-foul-rockets-jazz-4/
45,03/27/25,LAL,CHI,Foul,LAL,Won,3,06:49.0,https://official.nba.com/archive/challenge-of-called-foul-lakers-bulls-3/
46,03/27/25,SAS,CLE,Foul,SAS,Won,3,01:47.0,https://official.nba.com/archive/challenge-of-called-foul-spurs-cavaliers-2/
47,03/27/25,SAS,CLE,Foul,SAS,Won,3,05:10.0,https://official.nba.com/archive/challenge-of-called-foul-spurs-cavaliers/
48,03/27/25,LAL,CHI,Foul,CHI,Won,1,05:27.0,https://official.nba.com/archive/challenge-of-called-foul-lakers-bulls-2/
49,03/27/25,LAL,CHI,Foul,LAL,Won,1,05:43.0,https://official.nba.com/archive/challenge-of-called-foul-lakers-bulls/
50,03/26/25,BOS,PHX,Possession,BOS,Won,3,00:27.0,https://official.nba.com/archive/50687-challenge-oob-celtics-at-suns/
51,03/26/25,BOS,PHX,Possession,BOS,Won,1,05:39.0,https://official.nba.com/archive/50686-challenge-oob-celtics-at-suns/
52,03/26/25,TOR,BKN,Possession,BKN,Won,4,09:06.0,https://official.nba.com/archive/challenge-oob-raptors-nets-2/
53,03/26/25,WAS,PHI,Foul,PHI,Won,3,05:52.0,https://official.nba.com/archive/challenge-of-called-foul-wizards-76ers-3/
54,03/25/25,CLE,POR,Possession,CLE,Won,4,05:32.0,https://official.nba.com/archive/50676-challenge-oob-cavaliers-at-trail-blazers/
55,03/25/25,OKC,SAC,Foul,OKC,Lost,3,03:48.0,https://official.nba.com/archive/challenge-of-called-foul-thunder-kings-4/
56,03/25/25,OKC,SAC,Foul,SAC,Won,3,07:38.0,https://official.nba.com/archive/challenge-of-called-foul-thunder-kings/
57,03/25/25,CLE,POR,Possession,CLE,Won,2,05:42.0,https://official.nba.com/archive/challenge-oob-cavaliers-trail-blazers/
58,03/25/25,ATL,HOU,Possession,ATL,Won,4,01:28.0,https://official.nba.com/archive/challenge-oob-hawks-rockets/
59,03/25/25,MEM,UTA,Foul,UTA,Lost,2,01:55.0,https://official.nba.com/archive/challenge-of-called-foul-grizzlies-jazz-3/
60,03/25/25,MEM,UTA,Possession,MEM,Lost,2,07:38.0,https://official.nba.com/archive/challenge-oob-grizzlies-jazz/
61,03/25/25,ATL,HOU,Possession,HOU,Lost,3,08:30.0,https://official.nba.com/archive/50666-challenge-oob-hawks-at-rockets/
62,03/25/25,ATL,HOU,Foul,HOU,Won,3,09:01.0,https://official.nba.com/archive/challenge-of-called-foul-hawks-rockets/
63,03/25/25,MEM,UTA,Possession,UTA,Won,1,04:55.0,https://official.nba.com/archive/challenge-oob-grizzlies-jazz-2/
64,03/25/25,ORL,CHA,Foul,ORL,Lost,4,07:15.0,https://official.nba.com/archive/challenge-of-called-foul-magic-hornets-2/
65,03/25/25,ATL,HOU,Foul,ATL,Won,2,03:13.0,https://official.nba.com/archive/challenge-of-called-foul-hawks-rockets-3/
66,03/25/25,GSW,MIA,Foul,MIA,Lost,2,00:52.5,https://official.nba.com/archive/challenge-of-called-foul-warriors-heat/
67,03/25/25,GSW,MIA,Possession,GSW,Won,2,01:35.0,https://official.nba.com/archive/challenge-oob-warriors-heat/
68,03/24/25,MIL,PHX,Possession,MIL,Won,4,02:17.0,https://official.nba.com/archive/challenge-oob-bucks-suns-2/
69,03/24/25,BOS,SAC,Foul,BOS,Won,4,04:43.0,https://official.nba.com/archive/challenge-of-called-foul-celtics-kings/
70,03/24/25,MIL,PHX,Possession,PHX,Won,4,08:37.0,https://official.nba.com/archive/50652-challenge-oob-bucks-at-suns/
71,03/24/25,BOS,SAC,Possession,BOS,Won,2,03:32.0,https://official.nba.com/archive/challenge-oob-celtics-kings/
72,03/24/25,MIL,PHX,Foul,MIL,Won,2,06:45.0,https://official.nba.com/archive/challenge-of-called-foul-bucks-suns-2/
73,03/24/25,CHI,DEN,Foul,CHI,Won,3,07:50.0,https://official.nba.com/archive/challenge-of-called-foul-bulls-nuggets/
74,03/24/25,PHI,NOP,Foul,PHI,Won,2,01:31.0,https://official.nba.com/archive/challenge-of-called-foul-76ers-pelicans/
75,03/24/25,LAL,ORL,Possession,ORL,Won,3,03:06.0,https://official.nba.com/archive/challenge-oob-lakers-magic/
76,03/24/25,TOR,WAS,Foul,TOR,Won,2,00:04.2,https://official.nba.com/archive/challenge-of-called-foul-raptors-wizards/
77,03/24/25,DAL,BKN,Possession,BKN,Lost,1,05:18.0,https://official.nba.com/archive/50641-challenge-oob-mavericks-at-nets/
78,03/24/25,MIN,IND,Possession,IND,Won,1,01:20.0,https://official.nba.com/archive/challenge-oob-timberwolves-pacers-2/
79,03/23/25,OKC,LAC,Possession,OKC,Won,4,01:01.0,https://official.nba.com/archive/challenge-oob-thunder-clippers-3/
80,03/23/25,OKC,LAC,Foul,LAC,Won,4,02:32.0,https://official.nba.com/archive/challenge-of-called-foul-thunder-clippers-6/
81,03/23/25,OKC,LAC,Foul,OKC,Won,2,07:29.0,https://official.nba.com/archive/challenge-of-called-foul-thunder-clippers-5/
82,03/23/25,OKC,LAC,Foul,LAC,Won,1,04:55.0,https://official.nba.com/archive/challenge-of-called-foul-thunder-clippers-4/
83,03/23/25,DEN,HOU,Foul,DEN,Lost,4,07:36.0,https://official.nba.com/archive/challenge-of-called-foul-nuggets-rockets/
84,03/23/25,DEN,HOU,Possession,DEN,Won,3,00:19.8,https://official.nba.com/archive/challenge-oob-nuggets-rockets-2/
85,03/23/25,DEN,HOU,Possession,HOU,Won,3,01:50.0,https://official.nba.com/archive/challenge-oob-nuggets-rockets/
86,03/23/25,CHA,MIA,Foul,CHA,Lost,4,01:53.0,https://official.nba.com/archive/challenge-of-called-foul-hornets-heat-3/
87,03/23/25,CHA,MIA,Possession,CHA,Won,4,10:49.0,https://official.nba.com/archive/challenge-oob-hornets-heat/
88,03/23/25,PHI,ATL,Foul,ATL,Won,3,08:22.0,https://official.nba.com/archive/challenge-of-called-foul-76ers-hawks-8/
89,03/23/25,CLE,UTA,Possession,CLE,Lost,3,01:22.0,https://official.nba.com/archive/50622-challenge-oob-cavaliers-at-jazz/
90,03/23/25,NOP,DET,Foul,DET,Lost,4,11:06.0,https://official.nba.com/archive/challenge-of-called-foul-pelicans-pistons-2/
91,03/23/25,NOP,DET,Foul,DET,Won,3,04:20.0,https://official.nba.com/archive/challenge-of-called-foul-pelicans-pistons/
92,03/23/25,NOP,DET,Possession,NOP,Won,2,06:56.0,https://official.nba.com/archive/challenge-oob-pelicans-pistons/
93,03/22/25,CHI,LAL,Possession,LAL,Won,3,03:59.0,https://official.nba.com/archive/challenge-oob-bulls-lakers/
94,03/22/25,MIL,SAC,Possession,SAC,Won,1,03:41.0,https://official.nba.com/archive/challenge-oob-bucks-kings/
95,03/22/25,GSW,ATL,Foul,ATL,Lost,4,04:24.0,https://official.nba.com/archive/challenge-of-called-foul-warriors-hawks-3/
96,03/21/25,DEN,POR,Foul,POR,Lost,3,03:38.0,https://official.nba.com/archive/challenge-of-called-foul-nuggets-trail-blazers-4/
97,03/21/25,BOS,UTA,Possession,BOS,Won,4,05:11.0,https://official.nba.com/archive/challenge-oob-celtics-jazz/
98,03/21/25,BOS,UTA,Foul,BOS,Won,4,08:45.0,https://official.nba.com/archive/challenge-of-called-foul-celtics-jazz/
99,03/21/25,MEM,LAC,Possession,LAC,Won,2,06:17.0,https://official.nba.com/archive/challenge-oob-grizzlies-clippers-3/
100,03/21/25,MEM,LAC,Possession,MEM,Won,1,03:52.0,https://official.nba.com/archive/challenge-oob-grizzlies-clippers/
101,03/21/25,DET,DAL,Possession,DAL,Won,4,01:07.0,https://official.nba.com/archive/challenge-oob-pistons-mavericks/
102,03/21/25,DET,DAL,Foul,DET,Won,4,04:23.0,https://official.nba.com/archive/challenge-of-called-foul-pistons-mavericks/
103,03/21/25,CLE,PHX,Foul,CLE,Won,2,09:52.0,https://official.nba.com/archive/challenge-of-called-foul-cavaliers-suns/
104,03/21/25,CHA,OKC,Possession,OKC,Lost,3,03:37.0,https://official.nba.com/archive/challenge-oob-hornets-thunder/
105,03/21/25,NOP,MIN,Foul,MIN,Won,3,11:23.0,https://official.nba.com/archive/challenge-of-called-foul-pelicans-timberwolves-3/
106,03/21/25,DET,DAL,Foul,DAL,Won,2,09:21.0,https://official.nba.com/archive/challenge-of-called-foul-pistons-mavericks-2/
107,03/21/25,ORL,WAS,Possession,WAS,Won,3,03:41.0,https://official.nba.com/archive/challenge-oob-magic-wizards-3/
108,03/21/25,PHI,SAS,Foul,SAS,Won,1,01:27.0,https://official.nba.com/archive/challenge-of-called-foul-76ers-spurs/
109,03/21/25,ORL,WAS,Possession,ORL,Won,1,04:23.0,https://official.nba.com/archive/challenge-oob-magic-wizards/
110,03/20/25,TOR,GSW,Foul,TOR,Lost,1,00:27.3,https://official.nba.com/archive/challenge-of-called-foul-raptors-warriors-2/
111,03/20/25,BKN,IND,Foul,BKN,Won,2,05:25.0,https://official.nba.com/archive/challenge-of-called-foul-nets-pacers-2/
112,03/20/25,BKN,IND,Foul,IND,Lost,2,06:33.0,https://official.nba.com/archive/challenge-of-called-foul-nets-pacers-3/
113,03/20/25,NYK,CHA,Possession,NYK,Won,2,07:57.0,https://official.nba.com/archive/50567-challenge-oob-knicks-at-hornets/
114,03/20/25,NYK,CHA,Goaltending,CHA,Won,2,11:07.0,https://official.nba.com/archive/50565-challenge-goaltending-bi-knicks-at-hornets/
115,03/20/25,BKN,IND,Possession,BKN,Won,1,10:26.0,https://official.nba.com/archive/challenge-oob-nets-pacers-2/
116,03/19/25,MEM,POR,Possession,POR,Won,3,02:43.0,https://official.nba.com/archive/challenge-oob-grizzlies-trail-blazers/
117,03/19/25,CHI,PHX,Foul,MIL,Won,3,10:23.0,https://official.nba.com/archive/challenge-of-called-foul-bulls-suns/
118,03/19/25,WAS,UTA,Possession,UTA,Won,3,00:13.6,https://official.nba.com/archive/challenge-oob-wizards-jazz/
119,03/19/25,DAL,IND,Foul,IND,Lost,4,00:29.7,https://official.nba.com/archive/challenge-of-called-foul-mavericks-pacers-2/
120,03/19/25,PHI,OKC,Possession,OKC,Won,3,07:07.0,https://official.nba.com/archive/50554-challenge-oob-76ers-at-thunder/
121,03/19/25,HOU,ORL,Possession,ORL,Won,3,02:31.0,https://official.nba.com/archive/50551-challenge-oob-rockets-at-magic/
122,03/19/25,DET,MIA,Foul,DET,Lost,1,07:49.0,https://official.nba.com/archive/challenge-of-called-foul-pistons-heat/
123,03/19/25,HOU,ORL,Foul,HOU,Won,1,11:42.0,https://official.nba.com/archive/challenge-of-called-foul-rockets-magic/
124,03/18/25,CLE,LAC,Possession,LAC,Lost,4,01:17.0,https://official.nba.com/archive/challenge-oob-cavaliers-clippers-2/
125,03/18/25,CLE,LAC,Possession,CLE,Lost,3,03:04.0,https://official.nba.com/archive/challenge-oob-cavaliers-clippers-3/
126,03/18/25,CLE,LAC,Foul,CLE,Won,3,05:51.0,https://official.nba.com/archive/challenge-of-called-foul-cavaliers-clippers/
127,03/18/25,MIL,GSW,Foul,MIL,Lost,3,00:01.5,https://official.nba.com/archive/challenge-of-called-foul-bucks-warriors-3/
128,03/18/25,MIL,GSW,Foul,MIL,Won,3,11:07.0,https://official.nba.com/archive/challenge-of-called-foul-bucks-warriors-2/
129,03/18/25,MIL,GSW,Foul,GSW,Lost,1,02:20.0,https://official.nba.com/archive/challenge-of-called-foul-bucks-warriors/
130,03/18/25,BKN,BOS,Foul,BKN,Lost,4,00:17.7,https://official.nba.com/archive/challenge-of-called-foul-nets-celtics-3/
131,03/18/25,BKN,BOS,Foul,BOS,Lost,4,08:40.0,https://official.nba.com/archive/challenge-of-called-foul-nets-celtics-4/
132,03/17/25,DEN,GSW,Foul,GSW,Won,4,04:31.0,https://official.nba.com/archive/challenge-of-called-foul-nuggets-warriors-4/
133,03/17/25,MEM,SAC,Foul,SAC,Lost,4,03:42.0,https://official.nba.com/archive/challenge-of-called-foul-grizzlies-kings-5/
134,03/17/25,IND,MIN,Foul,MIN,Won,5,01:22.0,https://official.nba.com/archive/challenge-of-called-foul-pacers-timberwolves-4/
135,03/17/25,PHI,HOU,Possession,PHI,Lost,4,00:37.2,https://official.nba.com/archive/50518-challenge-oob-76ers-at-rockets/
136,03/17/25,IND,MIN,Foul,IND,Lost,4,03:19.0,https://official.nba.com/archive/challenge-of-called-foul-pacers-timberwolves-5/
137,03/17/25,DET,NOP,Possession,DET,Lost,4,08:03.0,https://official.nba.com/archive/challenge-oob-pistons-pelicans/
138,03/17/25,MIA,NYK,Possession,NYK,Won,4,06:43.0,https://official.nba.com/archive/challenge-oob-heat-knicks-2/
139,03/17/25,MIA,NYK,Possession,NYK,Won,4,10:05.0,https://official.nba.com/archive/50508-challenge-oob-heat-at-knicks/
140,03/16/25,OKC,MIL,Foul,MIL,Won,4,03:32.0,https://official.nba.com/archive/challenge-of-called-foul-thunder-bucks-2/
141,03/16/25,OKC,MIL,Foul,OKC,Won,4,05:38.0,https://official.nba.com/archive/challenge-of-called-foul-thunder-bucks-3/
142,03/16/25,OKC,MIL,Foul,MIL,Won,3,08:28.0,https://official.nba.com/archive/challenge-of-called-foul-thunder-bucks-4/
143,03/16/25,UTA,MIN,Foul,UTA,Lost,3,06:42.0,https://official.nba.com/archive/challenge-of-called-foul-jazz-timberwolves/
144,03/16/25,ATL,BKN,Foul,ATL,Won,4,04:29.0,https://official.nba.com/archive/challenge-of-called-foul-hawks-nets/
145,03/16/25,ATL,BKN,Foul,ATL,Won,2,02:29.0,https://official.nba.com/archive/challenge-of-called-foul-hawks-nets-2/
146,03/16/25,PHX,LAL,Possession,PHX,Lost,2,02:54.0,https://official.nba.com/archive/challenge-oob-suns-lakers/
147,03/16/25,PHX,LAL,Possession,LAL,Won,2,07:11.0,https://official.nba.com/archive/challenge-oob-suns-lakers-2/
148,03/16/25,PHI,DAL,Foul,DAL,Lost,4,00:25.4,https://official.nba.com/archive/challenge-of-called-foul-76ers-mavericks/
149,03/16/25,ORL,CLE,Possession,ORL,Won,2,03:15.0,https://official.nba.com/archive/challenge-oob-magic-cavaliers-2/
150,03/16/25,PHI,DAL,Foul,PHI,Lost,2,09:56.0,https://official.nba.com/archive/challenge-of-called-foul-76ers-mavericks-2/
151,03/15/25,WAS,DEN,Foul,WAS,Lost,3,08:20.0,https://official.nba.com/archive/challenge-of-called-foul-wizards-nuggets/
152,03/15/25,WAS,DEN,Foul,WAS,Won,3,09:40.0,https://official.nba.com/archive/challenge-of-called-foul-wizards-nuggets-2/
153,03/15/25,IND,MIL,Foul,IND,Won,4,00:10.3,https://official.nba.com/archive/challenge-of-called-foul-pacers-bucks/
154,03/15/25,WAS,DEN,Possession,DEN,Won,3,11:12.0,https://official.nba.com/archive/challenge-oob-wizards-nuggets/
155,03/15/25,IND,MIL,Foul,IND,Won,4,03:07.0,https://official.nba.com/archive/challenge-of-called-foul-pacers-bucks-5/
156,03/15/25,CHI,HOU,Possession,HOU,Lost,4,07:19.0,https://official.nba.com/archive/challenge-oob-bulls-rockets/
157,03/15/25,IND,MIL,Possession,IND,Lost,4,08:11.0,https://official.nba.com/archive/challenge-oob-pacers-bucks/
158,03/15/25,MIA,MEM,Foul,MEM,Lost,4,05:58.0,https://official.nba.com/archive/challenge-of-called-foul-heat-grizzlies/
159,03/15/25,NOP,SAS,Possession,SAS,Lost,2,02:26.0,https://official.nba.com/archive/50472-challenge-oob-pelicans-at-spurs/
160,03/15/25,OKC,DET,Foul,DET,Won,4,05:33.0,https://official.nba.com/archive/challenge-of-called-foul-thunder-pistons-4/
161,03/15/25,OKC,DET,Possession,OKC,Won,4,09:58.0,https://official.nba.com/archive/challenge-oob-thunder-pistons/
162,03/15/25,NYK,GSW,Possession,NYK,Lost,1,06:28.0,https://official.nba.com/archive/50464-challenge-oob-knicks-at-warriors/
163,03/15/25,OKC,DET,Foul,DET,Won,2,01:09.0,https://official.nba.com/archive/challenge-of-called-foul-thunder-pistons-3/
164,03/14/25,SAC,PHX,Foul,PHX,Won,3,07:23.0,https://official.nba.com/archive/50455-challenge-of-called-foul-kings-at-suns/
165,03/14/25,LAL,DEN,Foul,DEN,Lost,3,04:57.0,https://official.nba.com/archive/challenge-of-called-foul-lakers-nuggets-5/
166,03/14/25,SAC,PHX,Possession,PHX,Won,1,04:39.0,https://official.nba.com/archive/challenge-oob-kings-suns-3/
167,03/14/25,CHA,SAS,Possession,CHA,Won,4,04:55.0,https://official.nba.com/archive/challenge-oob-hornets-spurs/
168,03/14/25,ORL,MIN,Foul,MIN,Won,4,07:34.0,https://official.nba.com/archive/challenge-of-called-foul-magic-timberwolves/
169,03/14/25,CLE,MEM,Possession,CLE,Won,3,02:43.0,https://official.nba.com/archive/50446-challenge-oob-cavaliers-at-grizzlies/
170,03/14/25,LAC,ATL,Foul,LAC,Lost,4,04:15.0,https://official.nba.com/archive/challenge-of-called-foul-clippers-hawks-3/
171,03/14/25,BOS,MIA,Foul,MIA,Lost,4,02:20.0,https://official.nba.com/archive/challenge-of-called-foul-celtics-heat-5/
172,03/14/25,LAC,ATL,Goaltending,ATL,Won,3,03:47.0,https://official.nba.com/archive/challenge-goaltending-bi-clippers-hawks/
173,03/14/25,CHA,SAS,Possession,CHA,Won,2,03:46.0,https://official.nba.com/archive/challenge-oob-hornets-spurs-2/
174,03/14/25,LAC,ATL,Possession,LAC,Won,3,10:01.0,https://official.nba.com/archive/challenge-oob-clippers-hawks/
175,03/14/25,ORL,MIN,Possession,MIN,Won,1,07:23.0,https://official.nba.com/archive/challenge-oob-magic-timberwolves-2/
176,03/14/25,BOS,MIA,Foul,BOS,Won,2,01:36.0,https://official.nba.com/archive/50432-challenge-of-called-foul-celtics-at-heat/
177,03/13/25,ORL,NOP,Possession,ORL,Won,4,07:15.0,https://official.nba.com/archive/challenge-oob-magic-pelicans/
178,03/13/25,WAS,DET,Possession,WAS,Won,4,00:41.9,https://official.nba.com/archive/challenge-oob-wizards-pistons/
179,03/13/25,WAS,DET,Possession,DET,Won,3,08:45.0,https://official.nba.com/archive/challenge-oob-wizards-pistons-2/
180,03/13/25,BKN,CHI,Possession,BKN,Won,1,06:23.0,https://official.nba.com/archive/challenge-oob-nets-bulls-2/
181,03/13/25,LAL,MIL,Foul,LAL,Lost,1,02:06.0,https://official.nba.com/archive/challenge-of-called-foul-lakers-bucks/
182,03/12/25,NYK,POR,Possession,POR,Won,4,01:12.0,https://official.nba.com/archive/challenge-oob-knicks-trail-blazers-2/
183,03/12/25,NYK,POR,Possession,NYK,Won,4,04:46.0,https://official.nba.com/archive/challenge-oob-knicks-trail-blazers/
184,03/12/25,MIN,DEN,Foul,MIN,Won,4,10:33.0,https://official.nba.com/archive/challenge-of-called-foul-timberwolves-nuggets-2/
185,03/12/25,NYK,POR,Foul,POR,Won,2,05:42.0,https://official.nba.com/archive/challenge-of-called-foul-knicks-trail-blazers/
186,03/12/25,MIN,DEN,Foul,DEN,Lost,1,01:38.0,https://official.nba.com/archive/challenge-of-called-foul-timberwolves-nuggets-3/
187,03/12/25,LAC,MIA,Foul,MIA,Lost,4,02:45.0,https://official.nba.com/archive/challenge-of-called-foul-clippers-heat/
188,03/12/25,PHX,HOU,Foul,HOU,Lost,4,09:25.0,https://official.nba.com/archive/challenge-of-called-foul-suns-rockets-5/
189,03/12/25,LAC,MIA,Foul,LAC,Lost,4,10:21.0,https://official.nba.com/archive/challenge-of-called-foul-clippers-heat-2/
190,03/12/25,OKC,BOS,Foul,OKC,Lost,4,00:22.5,https://official.nba.com/archive/challenge-of-called-foul-thunder-celtics-2/
191,03/12/25,UTA,MEM,Foul,UTA,Won,3,03:29.0,https://official.nba.com/archive/challenge-of-called-foul-jazz-grizzlies-8/
192,03/12/25,DAL,SAS,Foul,SAS,Won,3,07:31.0,https://official.nba.com/archive/challenge-of-called-foul-mavericks-spurs-4/
193,03/12/25,PHI,TOR,Foul,PHI,Won,4,08:33.0,https://official.nba.com/archive/challenge-of-called-foul-76ers-raptors-2/
194,03/12/25,UTA,MEM,Possession,MEM,Won,3,07:35.0,https://official.nba.com/archive/challenge-oob-jazz-grizzlies-2/
195,03/12/25,PHX,HOU,Foul,PHX,Lost,3,11:45.0,https://official.nba.com/archive/challenge-of-called-foul-suns-rockets-2/
196,03/12/25,PHX,HOU,Foul,PHX,Won,2,00:22.7,https://official.nba.com/archive/challenge-of-called-foul-suns-rockets-4/
197,03/12/25,CHA,ATL,Possession,CHA,Lost,2,02:18.0,https://official.nba.com/archive/50393-challenge-oob-hornets-at-hawks/
198,03/11/25,MIL,IND,Foul,MIL,Lost,4,00:03.3,https://official.nba.com/archive/challenge-of-called-foul-bucks-pacers-9/
199,03/11/25,LAC,NOP,Possession,NOP,Won,3,04:09.0,https://official.nba.com/archive/50389-challenge-oob-clippers-at-pelicans/
200,03/11/25,LAC,NOP,Foul,LAC,Won,3,10:06.0,https://official.nba.com/archive/challenge-of-called-foul-clippers-pelicans-6/
201,03/11/25,WAS,DET,Foul,WAS,Won,4,02:35.0,https://official.nba.com/archive/challenge-of-called-foul-wizards-pistons/
202,03/11/25,BKN,CLE,Foul,CLE,Won,4,00:33.7,https://official.nba.com/archive/challenge-of-called-foul-nets-cavaliers/
203,03/11/25,BKN,CLE,Possession,CLE,Won,4,01:37.0,https://official.nba.com/archive/challenge-oob-nets-cavaliers-5/
204,03/11/25,LAC,NOP,Possession,NOP,Won,2,02:28.0,https://official.nba.com/archive/50381-challenge-oob-clippers-at-pelicans/
205,03/11/25,WAS,DET,Foul,WAS,Won,3,03:25.0,https://official.nba.com/archive/challenge-of-called-foul-wizards-pistons-2/
206,03/10/25,NYK,SAC,Foul,NYK,Lost,4,09:57.0,https://official.nba.com/archive/challenge-of-called-foul-knicks-kings/
207,03/10/25,NYK,SAC,Possession,NYK,Won,3,08:14.0,https://official.nba.com/archive/challenge-oob-knicks-kings-3/
208,03/10/25,POR,GSW,Possession,POR,Won,4,03:26.0,https://official.nba.com/archive/challenge-oob-trail-blazers-warriors/
209,03/10/25,POR,GSW,Possession,POR,Won,4,07:53.0,https://official.nba.com/archive/challenge-oob-trail-blazers-warriors-2/
210,03/10/25,NYK,SAC,Foul,SAC,Lost,2,02:02.0,https://official.nba.com/archive/challenge-of-called-foul-knicks-kings-2/
211,03/10/25,POR,GSW,Possession,GSW,Won,2,00:45.7,https://official.nba.com/archive/challenge-oob-trail-blazers-warriors-3/
212,03/10/25,PHX,MEM,Foul,PHX,Won,4,03:16.0,https://official.nba.com/archive/challenge-of-called-foul-suns-grizzlies-3/
213,03/10/25,PHX,MEM,Possession,PHX,Won,4,06:56.0,https://official.nba.com/archive/challenge-oob-suns-grizzlies/
214,03/10/25,PHI,ATL,Foul,PHI,Won,4,01:43.0,https://official.nba.com/archive/challenge-of-called-foul-76ers-hawks-4/
215,03/10/25,ORL,HOU,Possession,HOU,Won,3,04:17.0,https://official.nba.com/archive/challenge-oob-magic-rockets/
216,03/10/25,IND,CHI,Foul,CHI,Lost,3,07:53.0,https://official.nba.com/archive/challenge-of-called-foul-pacers-bulls-2/
217,03/10/25,WAS,TOR,Possession,TOR,Lost,4,08:03.0,https://official.nba.com/archive/challenge-oob-wizards-raptors-3/
218,03/10/25,UTA,BOS,Foul,UTA,Won,4,07:03.0,https://official.nba.com/archive/challenge-of-called-foul-jazz-celtics-4/
219,03/10/25,PHI,ATL,Foul,ATL,Won,4,10:32.0,https://official.nba.com/archive/challenge-of-called-foul-76ers-hawks-7/
220,03/10/25,DAL,SAS,Foul,SAS,Lost,2,06:41.0,https://official.nba.com/archive/challenge-of-called-foul-mavericks-spurs-3/
221,03/10/25,DEN,OKC,Foul,OKC,Won,2,07:44.0,https://official.nba.com/archive/challenge-of-called-foul-nuggets-thunder-2/
222,03/10/25,PHI,ATL,Possession,PHI,Won,3,11:04.0,https://official.nba.com/archive/challenge-oob-76ers-hawks/
223,03/10/25,CHA,MIA,Foul,CHA,Lost,2,08:10.0,https://official.nba.com/archive/challenge-of-called-foul-hornets-heat/
224,03/10/25,UTA,BOS,Possession,UTA,Won,1,00:10.6,https://official.nba.com/archive/challenge-oob-jazz-celtics/
225,03/10/25,PHI,ATL,Goaltending,PHI,Won,1,01:05.0,https://official.nba.com/archive/challenge-goaltending-bi-76ers-hawks-2/
226,03/10/25,LAL,BKN,Foul,LAL,Lost,1,06:49.0,https://official.nba.com/archive/challenge-of-called-foul-lakers-nets-2/
227,03/09/25,SAC,LAC,Possession,LAC,Lost,5,01:03.0,https://official.nba.com/archive/challenge-oob-kings-clippers-2/
228,03/09/25,SAC,LAC,Foul,SAC,Lost,5,03:56.0,https://official.nba.com/archive/challenge-of-called-foul-kings-clippers-4/
229,03/09/25,SAC,LAC,Foul,LAC,Won,4,01:05.0,https://official.nba.com/archive/challenge-of-called-foul-kings-clippers-3/
230,03/09/25,DET,POR,Foul,POR,Lost,4,04:52.0,https://official.nba.com/archive/50336-challenge-of-called-foul-pistons-at-trail-blazers/
231,03/09/25,DET,POR,Goaltending,DET,Won,3,03:34.0,https://official.nba.com/archive/challenge-goaltending-bi-pistons-trail-blazers/
232,03/09/25,SAS,MIN,Possession,MIN,Lost,4,05:37.0,https://official.nba.com/archive/challenge-oob-spurs-timberwolves/
233,03/09/25,DET,POR,Foul,DET,Won,2,05:06.0,https://official.nba.com/archive/challenge-of-called-foul-pistons-trail-blazers-3/
234,03/09/25,UTA,PHI,Possession,PHI,Won,4,00:01.8,https://official.nba.com/archive/challenge-oob-jazz-76ers-2/
235,03/09/25,CLE,MIL,Possession,CLE,Won,3,09:46.0,https://official.nba.com/archive/challenge-oob-cavaliers-bucks/
236,03/09/25,UTA,PHI,Goaltending,PHI,Won,1,01:37.0,https://official.nba.com/archive/challenge-goaltending-bi-jazz-76ers/
237,03/09/25,MEM,NOP,Possession,NOP,Won,2,05:56.0,https://official.nba.com/archive/challenge-oob-grizzlies-pelicans/
238,03/09/25,DEN,OKC,Possession,OKC,Won,3,08:26.0,https://official.nba.com/archive/challenge-oob-nuggets-thunder-3/
239,03/09/25,DEN,OKC,Possession,DEN,Won,1,00:23.6,https://official.nba.com/archive/challenge-oob-nuggets-thunder-2/
240,03/08/25,ORL,MIL,Possession,ORL,Won,4,00:34.3,https://official.nba.com/archive/challenge-oob-magic-bucks/
241,03/08/25,LAL,BOS,Possession,BOS,Won,3,04:11.0,https://official.nba.com/archive/challenge-oob-lakers-celtics/
242,03/08/25,ORL,MIL,Foul,MIL,Won,3,03:12.0,https://official.nba.com/archive/challenge-of-called-foul-magic-bucks-3/
243,03/08/25,LAL,BOS,Foul,BOS,Won,2,03:03.0,https://official.nba.com/archive/challenge-of-called-foul-lakers-celtics-2/
244,03/08/25,DET,GSW,Foul,GSW,Won,2,06:22.0,https://official.nba.com/archive/challenge-of-called-foul-pistons-warriors/
245,03/08/25,NOP,HOU,Foul,HOU,Won,3,03:51.0,https://official.nba.com/archive/challenge-of-called-foul-pelicans-rockets/
246,03/08/25,NOP,HOU,Foul,HOU,Won,3,07:37.0,https://official.nba.com/archive/challenge-of-called-foul-pelicans-rockets-2/
247,03/08/25,WAS,TOR,Foul,TOR,Won,2,07:56.0,https://official.nba.com/archive/challenge-of-called-foul-wizards-raptors-3/
248,03/08/25,IND,ATL,Foul,ATL,Lost,2,08:58.0,https://official.nba.com/archive/challenge-of-called-foul-pacers-hawks/
249,03/07/25,NYK,LAC,Possession,NYK,Won,4,01:37.0,https://official.nba.com/archive/challenge-oob-knicks-clippers/
250,03/07/25,PHX,DEN,Foul,PHX,Lost,4,03:03.0,https://official.nba.com/archive/challenge-of-called-foul-suns-nuggets-2/
251,03/07/25,PHX,DEN,Foul,DEN,Won,4,03:14.0,https://official.nba.com/archive/challenge-of-called-foul-suns-nuggets-3/
252,03/07/25,MIN,MIA,Foul,MIA,Lost,4,09:04.0,https://official.nba.com/archive/challenge-of-called-foul-timberwolves-heat-4/
253,03/07/25,POR,OKC,Foul,OKC,Won,4,10:41.0,https://official.nba.com/archive/challenge-of-called-foul-trail-blazers-thunder-5/
254,03/07/25,UTA,TOR,Possession,UTA,Won,4,07:55.0,https://official.nba.com/archive/challenge-oob-jazz-raptors/
255,03/07/25,MEM,DAL,Foul,DAL,Won,3,04:28.0,https://official.nba.com/archive/challenge-of-called-foul-grizzlies-mavericks-4/
256,03/07/25,CLE,CHA,Possession,CHA,Won,3,06:49.0,https://official.nba.com/archive/challenge-oob-cavaliers-hornets/
257,03/07/25,MIN,MIA,Foul,MIN,Won,2,11:46.0,https://official.nba.com/archive/challenge-of-called-foul-timberwolves-heat-3/
258,03/07/25,MEM,DAL,Foul,DAL,Won,1,07:49.0,https://official.nba.com/archive/challenge-of-called-foul-grizzlies-mavericks-5/
259,03/07/25,CLE,CHA,Foul,CHA,Won,1,00:52.0,https://official.nba.com/archive/challenge-of-called-foul-cavaliers-hornets-4/
260,03/07/25,CLE,CHA,Foul,CLE,Lost,1,06:42.0,https://official.nba.com/archive/challenge-of-called-foul-cavaliers-hornets-6/
261,03/06/25,NYK,LAL,Foul,LAL,Lost,5,01:24.0,https://official.nba.com/archive/challenge-of-called-foul-knicks-lakers-2/
262,03/06/25,NYK,LAL,Foul,NYK,Lost,3,03:58.0,https://official.nba.com/archive/challenge-of-called-foul-knicks-lakers/
263,03/06/25,HOU,NOP,Foul,HOU,Lost,4,01:34.0,https://official.nba.com/archive/challenge-of-called-foul-rockets-pelicans/
264,03/06/25,HOU,NOP,Possession,HOU,Won,4,03:04.0,https://official.nba.com/archive/50263-challenge-oob-rockets-at-pelicans/
265,03/06/25,HOU,NOP,Possession,NOP,Won,4,04:45.0,https://official.nba.com/archive/challenge-oob-rockets-pelicans-3/
266,03/06/25,GSW,BKN,Foul,GSW,Lost,4,05:41.0,https://official.nba.com/archive/challenge-of-called-foul-warriors-nets/
267,03/06/25,CHI,ORL,Possession,ORL,Lost,4,02:54.0,https://official.nba.com/archive/challenge-oob-bulls-magic/
268,03/06/25,GSW,BKN,Possession,BKN,Lost,3,02:39.0,https://official.nba.com/archive/challenge-oob-warriors-nets-2/
269,03/06/25,IND,ATL,Possession,ATL,Won,3,03:14.0,https://official.nba.com/archive/challenge-oob-pacers-hawks/
270,03/06/25,PHI,BOS,Possession,PHI,Won,2,05:55.0,https://official.nba.com/archive/challenge-oob-76ers-celtics/
271,03/06/25,HOU,NOP,Possession,HOU,Won,1,11:31.0,https://official.nba.com/archive/challenge-oob-rockets-pelicans-2/
272,03/06/25,CHI,ORL,Foul,CHI,Lost,2,02:37.0,https://official.nba.com/archive/challenge-of-called-foul-bulls-magic/
273,03/06/25,CHI,ORL,Foul,CHI,Won,2,07:05.0,https://official.nba.com/archive/challenge-of-called-foul-bulls-magic-3/
274,03/05/25,OKC,MEM,Foul,MEM,Lost,3,04:08.0,https://official.nba.com/archive/challenge-of-called-foul-thunder-grizzlies-4/
275,03/05/25,OKC,MEM,Foul,OKC,Won,3,04:44.0,https://official.nba.com/archive/challenge-of-called-foul-thunder-grizzlies-5/
276,03/05/25,DET,LAC,Possession,DET,Won,1,03:57.0,https://official.nba.com/archive/challenge-oob-pistons-clippers/
277,03/05/25,SAC,DEN,Foul,DEN,Won,3,01:09.0,https://official.nba.com/archive/challenge-of-called-foul-kings-nuggets-3/
278,03/05/25,SAC,DEN,Foul,SAC,Won,3,01:51.0,https://official.nba.com/archive/challenge-of-called-foul-kings-nuggets-4/
279,03/05/25,OKC,MEM,Foul,OKC,Won,1,00:29.7,https://official.nba.com/archive/challenge-of-called-foul-thunder-grizzlies-3/
280,03/05/25,SAC,DEN,Foul,DEN,Won,2,02:57.0,https://official.nba.com/archive/challenge-of-called-foul-kings-nuggets-5/
281,03/05/25,SAC,DEN,Foul,SAC,Won,2,03:42.0,https://official.nba.com/archive/challenge-of-called-foul-kings-nuggets-6/
282,03/05/25,UTA,WAS,Possession,UTA,Won,4,06:12.0,https://official.nba.com/archive/50237-challenge-oob-jazz-at-wizards/
283,03/05/25,UTA,WAS,Possession,WAS,Lost,4,07:47.0,https://official.nba.com/archive/challenge-oob-jazz-wizards-2/
284,03/05/25,POR,BOS,Possession,POR,Lost,4,06:45.0,https://official.nba.com/archive/challenge-oob-trail-blazers-celtics/
285,03/05/25,MIA,CLE,Possession,CLE,Lost,3,06:32.0,https://official.nba.com/archive/challenge-oob-heat-cavaliers/
286,03/05/25,MIN,CHA,Possession,CHA,Won,2,00:42.6,https://official.nba.com/archive/challenge-oob-timberwolves-hornets-2/
287,03/05/25,POR,BOS,Foul,BOS,Won,2,06:11.0,https://official.nba.com/archive/challenge-of-called-foul-trail-blazers-celtics-3/
288,03/05/25,UTA,WAS,Foul,UTA,Won,1,07:19.0,https://official.nba.com/archive/challenge-of-called-foul-jazz-wizards/
289,03/05/25,MIN,CHA,Possession,MIN,Won,1,09:18.0,https://official.nba.com/archive/challenge-oob-timberwolves-hornets/
290,03/04/25,LAC,PHX,Foul,PHX,Lost,4,00:57.6,https://official.nba.com/archive/challenge-of-called-foul-clippers-suns-7/
291,03/04/25,LAC,PHX,Possession,PHX,Won,4,02:33.0,https://official.nba.com/archive/challenge-oob-clippers-suns-3/
292,03/04/25,LAC,PHX,Foul,LAC,Lost,4,09:57.0,https://official.nba.com/archive/challenge-of-called-foul-clippers-suns-6/
293,03/04/25,CLE,CHI,Foul,CLE,Won,3,00:02.8,https://official.nba.com/archive/challenge-of-called-foul-cavaliers-bulls-5/
294,03/04/25,CLE,CHI,Possession,CLE,Won,3,07:00.0,https://official.nba.com/archive/challenge-oob-cavaliers-bulls-3/
295,03/04/25,MIL,ATL,Possession,MIL,Lost,4,01:34.0,https://official.nba.com/archive/challenge-oob-bucks-hawks-3/
296,03/04/25,GSW,NYK,Foul,NYK,Won,4,07:50.0,https://official.nba.com/archive/challenge-of-called-foul-warriors-knicks-2/
297,03/04/25,PHI,MIN,Goaltending,MIN,Won,3,07:46.0,https://official.nba.com/archive/50209-challenge-goaltending-bi-76ers-at-timberwolves/
298,03/04/25,CLE,CHI,Foul,CHI,Won,2,04:23.0,https://official.nba.com/archive/challenge-of-called-foul-cavaliers-bulls-6/
299,03/04/25,HOU,IND,Possession,HOU,Won,4,10:08.0,https://official.nba.com/archive/50206-challenge-oob-rockets-at-pacers/
300,03/04/25,TOR,ORL,Possession,TOR,Won,3,07:47.0,https://official.nba.com/archive/challenge-oob-raptors-magic/
301,03/04/25,TOR,ORL,Possession,ORL,Won,2,01:41.0,https://official.nba.com/archive/challenge-oob-raptors-magic-2/
302,03/03/25,ATL,MEM,Foul,ATL,Won,4,01:51.0,https://official.nba.com/archive/challenge-of-called-foul-hawks-grizzlies/
303,03/03/25,SAC,DAL,Foul,DAL,Lost,3,07:37.0,https://official.nba.com/archive/challenge-of-called-foul-kings-mavericks-5/
304,03/03/25,DET,UTA,Possession,UTA,Lost,2,08:03.0,https://official.nba.com/archive/challenge-oob-pistons-jazz/
305,03/03/25,HOU,OKC,Possession,HOU,Lost,4,10:33.0,https://official.nba.com/archive/challenge-oob-rockets-thunder/
306,03/03/25,ATL,MEM,Foul,MEM,Won,3,00:42.1,https://official.nba.com/archive/challenge-of-called-foul-hawks-grizzlies-2/
307,03/03/25,DET,UTA,Possession,DET,Won,1,06:00.0,https://official.nba.com/archive/50189-challenge-oob-pistons-at-jazz/
308,03/03/25,SAC,DAL,Foul,SAC,Lost,1,07:59.0,https://official.nba.com/archive/challenge-of-called-foul-kings-mavericks-4/
309,03/03/25,GSW,CHA,Foul,CHA,Won,3,05:19.0,https://official.nba.com/archive/challenge-of-called-foul-warriors-hornets-4/
310,03/03/25,GSW,CHA,Foul,GSW,Lost,1,06:29.0,https://official.nba.com/archive/50179-challenge-of-called-foul-warriors-at-hornets/
311,03/02/25,MIN,PHX,Possession,MIN,Won,4,01:35.0,https://official.nba.com/archive/50178-challenge-oob-timberwolves-at-suns/
312,03/02/25,NOP,UTA,Foul,UTA,Lost,4,00:37.2,https://official.nba.com/archive/challenge-of-called-foul-pelicans-jazz/
313,03/02/25,NOP,UTA,Possession,UTA,Won,3,08:23.0,https://official.nba.com/archive/challenge-oob-pelicans-jazz-2/
314,03/02/25,OKC,SAS,Foul,OKC,Won,4,08:00.0,https://official.nba.com/archive/challenge-of-called-foul-thunder-spurs-4/
315,03/02/25,NYK,MIA,Possession,MIA,Won,5,00:30.2,https://official.nba.com/archive/50171-challenge-oob-knicks-at-heat/
316,03/02/25,OKC,SAS,Foul,OKC,Won,2,01:42.0,https://official.nba.com/archive/challenge-of-called-foul-thunder-spurs-2/
317,03/02/25,TOR,ORL,Foul,ORL,Won,2,02:18.0,https://official.nba.com/archive/challenge-of-called-foul-raptors-magic/
318,03/02/25,NYK,MIA,Goaltending,NYK,Won,2,04:07.0,https://official.nba.com/archive/challenge-goaltending-bi-knicks-heat/
319,03/02/25,POR,CLE,Foul,CLE,Lost,3,08:32.0,https://official.nba.com/archive/challenge-of-called-foul-trail-blazers-cavaliers-2/
320,03/02/25,POR,CLE,Possession,CLE,Won,3,11:21.0,https://official.nba.com/archive/50158-challenge-oob-trail-blazers-at-cavaliers/
321,03/02/25,POR,CLE,Possession,POR,Won,1,02:45.0,https://official.nba.com/archive/challenge-oob-trail-blazers-cavaliers-2/
322,03/02/25,DEN,BOS,Foul,DEN,Won,1,07:52.0,https://official.nba.com/archive/challenge-of-called-foul-nuggets-celtics/
323,03/01/25,GSW,PHI,Possession,PHI,Won,4,00:49.3,https://official.nba.com/archive/challenge-oob-warriors-76ers-2/
324,03/01/25,GSW,PHI,Foul,GSW,Lost,4,00:56.3,https://official.nba.com/archive/challenge-of-called-foul-warriors-76ers-2/
325,03/01/25,MIL,DAL,Foul,DAL,Lost,4,02:20.0,https://official.nba.com/archive/challenge-of-called-foul-bucks-mavericks/
326,03/01/25,SAS,MEM,Foul,MEM,Won,4,10:28.0,https://official.nba.com/archive/challenge-of-called-foul-spurs-grizzlies-3/
327,03/01/25,MIL,DAL,Possession,DAL,Won,2,05:42.0,https://official.nba.com/archive/challenge-oob-bucks-mavericks/
328,03/01/25,SAC,HOU,Possession,HOU,Won,2,01:07.0,https://official.nba.com/archive/challenge-oob-kings-rockets/
329,03/01/25,SAS,MEM,Possession,SAS,Won,1,02:31.0,https://official.nba.com/archive/challenge-oob-spurs-grizzlies/
330,03/01/25,BKN,DET,Foul,BKN,Lost,2,08:08.0,https://official.nba.com/archive/challenge-of-called-foul-nets-pistons-3/
0,04/13/25,LAC,GSW,Foul,LAC,Won,5,00:50.2,https://official.nba.com/archive/challenge-of-called-foul-clippers-warriors-2/
1,04/13/25,TOR,SAS,Foul,TOR,Lost,4,07:03.0,https://official.nba.com/archive/challenge-of-called-foul-raptors-spurs/
2,04/13/25,DAL,MEM,Possession,MEM,Won,4,11:00.0,https://official.nba.com/archive/challenge-oob-mavericks-grizzlies-2/
3,04/13/25,LAC,GSW,Possession,GSW,Won,3,02:55.0,https://official.nba.com/archive/challenge-oob-clippers-warriors/
4,04/13/25,PHX,SAC,Foul,SAC,Lost,4,11:03.0,https://official.nba.com/archive/challenge-of-called-foul-suns-kings/
5,04/13/25,LAL,POR,Possession,POR,Won,3,07:13.0,https://official.nba.com/archive/challenge-oob-lakers-trail-blazers-3/
6,04/13/25,DEN,HOU,Possession,DEN,Lost,3,08:20.0,https://official.nba.com/archive/51076-challenge-oob-nuggets-at-rockets/
7,04/13/25,LAC,GSW,Foul,LAC,Won,2,02:14.0,https://official.nba.com/archive/challenge-of-called-foul-clippers-warriors/
8,04/13/25,PHX,SAC,Possession,SAC,Won,2,00:32.8,https://official.nba.com/archive/challenge-oob-suns-kings/
9,04/13/25,OKC,NOP,Foul,OKC,Won,2,04:34.0,https://official.nba.com/archive/challenge-of-called-foul-thunder-pelicans-7/
10,04/13/25,LAL,POR,Foul,LAL,Lost,4,08:59.0,https://official.nba.com/archive/challenge-of-called-foul-lakers-trail-blazers/
11,04/13/25,UTA,MIN,Possession,UTA,Won,2,05:24.0,https://official.nba.com/archive/challenge-oob-jazz-timberwolves-2/
12,04/13/25,LAL,POR,Possession,POR,Won,1,09:15.0,https://official.nba.com/archive/challenge-oob-lakers-trail-blazers-2/
13,04/13/25,IND,CLE,Foul,CLE,Won,5,01:05.0,https://official.nba.com/archive/challenge-of-called-foul-pacers-cavaliers-2/
14,04/13/25,NYK,BKN,Foul,BKN,Lost,4,07:31.0,https://official.nba.com/archive/challenge-of-called-foul-knicks-nets-3/
15,04/13/25,DET,MIL,Foul,MIL,Lost,4,02:40.0,https://official.nba.com/archive/challenge-of-called-foul-pistons-bucks-8/
16,04/13/25,DET,MIL,Foul,MIL,Won,3,00:47.1,https://official.nba.com/archive/challenge-of-called-foul-pistons-bucks-7/
17,04/13/25,NYK,BKN,Foul,BKN,Lost,3,07:38.0,https://official.nba.com/archive/challenge-of-called-foul-knicks-nets-2/
18,04/13/25,DET,MIL,Foul,DET,Won,3,09:36.0,https://official.nba.com/archive/challenge-of-called-foul-pistons-bucks-6/
19,04/13/25,IND,CLE,Possession,IND,Won,2,04:14.0,https://official.nba.com/archive/challenge-oob-pacers-cavaliers/
20,04/13/25,ORL,ATL,Foul,ORL,Won,2,03:07.0,https://official.nba.com/archive/challenge-of-called-foul-magic-hawks-4/
21,04/13/25,CHA,BOS,Possession,BOS,Lost,2,02:55.0,https://official.nba.com/archive/challenge-oob-hornets-celtics-3/
22,04/13/25,NYK,BKN,Possession,BKN,Won,1,02:59.0,https://official.nba.com/archive/challenge-oob-knicks-nets/
23,04/11/25,GSW,POR,Foul,GSW,Won,4,10:37.0,https://official.nba.com/archive/challenge-of-called-foul-warriors-trail-blazers-3/
24,04/11/25,LAC,SAC,Possession,LAC,Won,3,04:19.0,https://official.nba.com/archive/51042-challenge-oob-clippers-at-kings/
25,04/11/25,SAS,PHX,Possession,PHX,Won,3,03:29.0,https://official.nba.com/archive/challenge-oob-spurs-suns-3/
26,04/11/25,LAC,SAC,Possession,SAC,Won,3,10:34.0,https://official.nba.com/archive/challenge-oob-clippers-kings/
27,04/11/25,SAS,PHX,Foul,PHX,Won,3,06:45.0,https://official.nba.com/archive/challenge-of-called-foul-spurs-suns-6/
28,04/11/25,LAC,SAC,Foul,LAC,Won,3,11:26.0,https://official.nba.com/archive/challenge-of-called-foul-clippers-kings-2/
29,04/11/25,MEM,DEN,Foul,MEM,Won,4,11:23.0,https://official.nba.com/archive/challenge-of-called-foul-grizzlies-nuggets-2/
30,04/11/25,SAS,PHX,Foul,SAS,Won,2,03:29.0,https://official.nba.com/archive/challenge-of-called-foul-spurs-suns-5/
31,04/11/25,BKN,MIN,Foul,MIN,Won,3,03:07.0,https://official.nba.com/archive/challenge-of-called-foul-nets-timberwolves/
32,04/11/25,CLE,NYK,Foul,NYK,Won,3,01:25.0,https://official.nba.com/archive/challenge-of-called-foul-cavaliers-knicks-2/
33,04/11/25,ORL,IND,Foul,IND,Lost,4,03:50.0,https://official.nba.com/archive/challenge-of-called-foul-magic-pacers-3/
34,04/11/25,ORL,IND,Foul,IND,Won,4,10:33.0,https://official.nba.com/archive/challenge-of-called-foul-magic-pacers-4/
35,04/11/25,WAS,CHI,Possession,CHI,Won,2,04:53.0,https://official.nba.com/archive/challenge-oob-wizards-bulls-2/
36,04/11/25,ORL,IND,Foul,IND,Won,3,04:12.0,https://official.nba.com/archive/challenge-of-called-foul-magic-pacers-5/
37,04/11/25,ATL,PHI,Foul,PHI,Won,3,04:54.0,https://official.nba.com/archive/challenge-of-called-foul-hawks-76ers/
38,04/11/25,CHA,BOS,Possession,CHA,Won,2,09:26.0,https://official.nba.com/archive/challenge-oob-hornets-celtics-2/
39,04/11/25,CLE,NYK,Foul,NYK,Won,1,00:01.6,https://official.nba.com/archive/challenge-of-called-foul-cavaliers-knicks-3/
40,04/11/25,ATL,PHI,Possession,ATL,Won,1,05:54.0,https://official.nba.com/archive/challenge-oob-hawks-76ers/
41,04/10/25,MIN,MEM,Foul,MIN,Won,3,00:19.4,https://official.nba.com/archive/challenge-of-called-foul-timberwolves-grizzlies-2/
42,04/10/25,MIN,MEM,Foul,MEM,Won,3,03:47.0,https://official.nba.com/archive/challenge-of-called-foul-timberwolves-grizzlies-3/
43,04/10/25,CLE,IND,Possession,CLE,Won,4,00:34.5,https://official.nba.com/archive/50996-challenge-oob-cavaliers-at-pacers/
44,04/10/25,ATL,BKN,Foul,BKN,Won,3,05:36.0,https://official.nba.com/archive/challenge-of-called-foul-hawks-nets-4/
45,04/10/25,ATL,BKN,Foul,ATL,Won,2,10:30.0,https://official.nba.com/archive/challenge-of-called-foul-hawks-nets-5/
46,04/10/25,NYK,DET,Foul,NYK,Won,2,03:09.0,https://official.nba.com/archive/challenge-of-called-foul-knicks-pistons-2/
47,04/09/25,DEN,SAC,Foul,DEN,Lost,3,03:38.0,https://official.nba.com/archive/challenge-of-called-foul-nuggets-kings/
48,04/09/25,DEN,SAC,Foul,SAC,Won,2,05:04.0,https://official.nba.com/archive/challenge-of-called-foul-nuggets-kings-2/
49,04/09/25,OKC,PHX,Foul,OKC,Won,1,02:34.0,https://official.nba.com/archive/challenge-of-called-foul-thunder-suns-2/
50,04/09/25,OKC,PHX,Foul,PHX,Won,1,04:16.0,https://official.nba.com/archive/challenge-of-called-foul-thunder-suns-3/
51,04/09/25,POR,UTA,Possession,POR,Won,3,10:48.0,https://official.nba.com/archive/challenge-oob-trail-blazers-jazz-3/
52,04/09/25,CHA,TOR,Foul,CHA,Lost,4,08:56.0,https://official.nba.com/archive/challenge-of-called-foul-hornets-raptors-3/
53,04/09/25,POR,UTA,Possession,POR,Won,1,08:19.0,https://official.nba.com/archive/challenge-oob-trail-blazers-jazz-4/
54,04/09/25,PHI,WAS,Possession,PHI,Won,4,09:46.0,https://official.nba.com/archive/challenge-oob-76ers-wizards/
55,04/09/25,BOS,ORL,Possession,BOS,Won,4,07:23.0,https://official.nba.com/archive/50974-challenge-oob-celtics-at-magic/
56,04/09/25,PHI,WAS,Foul,WAS,Lost,3,05:56.0,https://official.nba.com/archive/challenge-of-called-foul-76ers-wizards-3/
57,04/09/25,BOS,ORL,Foul,ORL,Won,3,05:33.0,https://official.nba.com/archive/challenge-of-called-foul-celtics-magic-5/
58,04/09/25,PHI,WAS,Possession,WAS,Won,3,07:18.0,https://official.nba.com/archive/challenge-oob-76ers-wizards-2/
59,04/09/25,BOS,ORL,Possession,ORL,Won,1,02:59.0,https://official.nba.com/archive/challenge-oob-celtics-magic/
60,04/08/25,SAS,LAC,Foul,SAS,Won,3,03:48.0,https://official.nba.com/archive/challenge-of-called-foul-spurs-clippers-2/
61,04/08/25,GSW,PHX,Foul,GSW,Won,3,04:13.0,https://official.nba.com/archive/challenge-of-called-foul-warriors-suns-3/
62,04/08/25,GSW,PHX,Possession,GSW,Won,3,11:34.0,https://official.nba.com/archive/challenge-oob-warriors-suns-2/
63,04/08/25,GSW,PHX,Possession,PHX,Lost,1,04:53.0,https://official.nba.com/archive/challenge-oob-warriors-suns/
64,04/08/25,LAL,OKC,Foul,OKC,Lost,4,08:34.0,https://official.nba.com/archive/challenge-of-called-foul-lakers-thunder-4/
65,04/08/25,MIN,MIL,Foul,MIN,Won,3,00:36.1,https://official.nba.com/archive/challenge-of-called-foul-timberwolves-bucks-2/
66,04/08/25,BOS,NYK,Foul,BOS,Won,4,08:02.0,https://official.nba.com/archive/challenge-of-called-foul-celtics-knicks/
67,04/08/25,LAL,OKC,Foul,LAL,Lost,3,10:43.0,https://official.nba.com/archive/challenge-of-called-foul-lakers-thunder-5/
68,04/08/25,MIN,MIL,Foul,MIL,Lost,2,05:07.0,https://official.nba.com/archive/challenge-of-called-foul-timberwolves-bucks/
69,04/08/25,BOS,NYK,Foul,BOS,Won,2,02:25.0,https://official.nba.com/archive/challenge-of-called-foul-celtics-knicks-4/
70,04/08/25,MEM,CHA,Possession,MEM,Won,2,05:36.0,https://official.nba.com/archive/challenge-oob-grizzlies-hornets/
71,04/07/25,SAC,DET,Foul,SAC,Won,3,00:46.4,https://official.nba.com/archive/challenge-of-called-foul-kings-pistons/
72,04/07/25,SAC,DET,Possession,SAC,Won,3,06:32.0,https://official.nba.com/archive/challenge-oob-kings-pistons/
73,04/07/25,SAC,DET,Foul,DET,Lost,2,09:29.0,https://official.nba.com/archive/challenge-of-called-foul-kings-pistons-3/
74,04/06/25,HOU,GSW,Possession,HOU,Won,4,03:47.0,https://official.nba.com/archive/challenge-oob-rockets-warriors-3/
75,04/06/25,PHX,NYK,Foul,PHX,Won,4,06:32.0,https://official.nba.com/archive/challenge-of-called-foul-suns-knicks-3/
76,04/06/25,IND,DEN,Foul,DEN,Won,2,03:00.0,https://official.nba.com/archive/challenge-of-called-foul-pacers-nuggets-6/
77,04/06/25,IND,DEN,Foul,DEN,Won,1,00:11.6,https://official.nba.com/archive/challenge-of-called-foul-pacers-nuggets-2/
78,04/06/25,PHX,NYK,Possession,NYK,Won,3,07:16.0,https://official.nba.com/archive/challenge-oob-suns-knicks-2/
79,04/06/25,UTA,ATL,Foul,ATL,Lost,4,01:07.0,https://official.nba.com/archive/challenge-of-called-foul-jazz-hawks/
80,04/06/25,SAC,CLE,Foul,SAC,Won,4,02:28.0,https://official.nba.com/archive/challenge-of-called-foul-kings-cavaliers/
81,04/06/25,SAS,POR,Possession,POR,Lost,3,02:04.0,https://official.nba.com/archive/50917-challenge-oob-spurs-at-trail-blazers/
82,04/06/25,SAC,CLE,Foul,SAC,Won,3,04:29.0,https://official.nba.com/archive/challenge-of-called-foul-kings-cavaliers-2/
83,04/06/25,PHX,NYK,Foul,NYK,Won,1,01:15.0,https://official.nba.com/archive/challenge-of-called-foul-suns-knicks-2/
84,04/06/25,PHX,NYK,Possession,PHX,Won,1,02:30.0,https://official.nba.com/archive/challenge-oob-suns-knicks/
85,04/06/25,WAS,BOS,Foul,WAS,Lost,3,08:33.0,https://official.nba.com/archive/challenge-of-called-foul-wizards-celtics/
86,04/06/25,UTA,ATL,Possession,UTA,Won,1,04:26.0,https://official.nba.com/archive/challenge-oob-jazz-hawks-2/
87,04/06/25,TOR,BKN,Possession,BKN,Won,4,02:03.0,https://official.nba.com/archive/challenge-oob-raptors-nets-3/
88,04/06/25,LAL,OKC,Foul,LAL,Won,2,06:05.0,https://official.nba.com/archive/challenge-of-called-foul-lakers-thunder/
89,04/06/25,TOR,BKN,Possession,TOR,Won,2,10:12.0,https://official.nba.com/archive/challenge-oob-raptors-nets-4/
90,04/06/25,LAL,OKC,Foul,LAL,Won,1,05:37.0,https://official.nba.com/archive/challenge-of-called-foul-lakers-thunder-3/
91,04/06/25,CHI,CHA,Possession,CHI,Lost,4,10:11.0,https://official.nba.com/archive/challenge-oob-bulls-hornets/
92,04/05/25,DAL,LAC,Possession,LAC,Won,3,04:31.0,https://official.nba.com/archive/50896-challenge-oob-mavericks-at-clippers/
93,04/05/25,MIL,MIA,Foul,MIL,Won,5,01:57.0,https://official.nba.com/archive/challenge-of-called-foul-bucks-heat/
94,04/05/25,MIN,PHI,Foul,PHI,Won,4,00:14.5,https://official.nba.com/archive/challenge-of-called-foul-timberwolves-76ers/
95,04/05/25,MEM,DET,Foul,MEM,Won,4,00:26.4,https://official.nba.com/archive/challenge-of-called-foul-grizzlies-pistons/
96,04/05/25,MIN,PHI,Possession,PHI,Won,4,04:19.0,https://official.nba.com/archive/50887-challenge-oob-timberwolves-at-76ers/
97,04/05/25,MEM,DET,Foul,DET,Won,4,05:56.0,https://official.nba.com/archive/challenge-of-called-foul-grizzlies-pistons-2/
98,04/05/25,NYK,ATL,Possession,ATL,Won,4,08:29.0,https://official.nba.com/archive/challenge-oob-knicks-hawks-2/
99,04/05/25,NYK,ATL,Foul,NYK,Won,3,01:34.0,https://official.nba.com/archive/challenge-of-called-foul-knicks-hawks/
100,04/04/25,NOP,LAL,Foul,NOP,Lost,3,04:22.0,https://official.nba.com/archive/challenge-of-called-foul-pelicans-lakers/
101,04/04/25,DAL,LAC,Foul,LAC,Lost,3,01:32.0,https://official.nba.com/archive/challenge-of-called-foul-mavericks-clippers-2/
102,04/04/25,DAL,LAC,Possession,LAC,Won,3,03:07.0,https://official.nba.com/archive/challenge-oob-mavericks-clippers-2/
103,04/04/25,DEN,GSW,Foul,GSW,Won,3,06:53.0,https://official.nba.com/archive/challenge-of-called-foul-nuggets-warriors-2/
104,04/04/25,NOP,LAL,Possession,NOP,Won,2,04:28.0,https://official.nba.com/archive/challenge-oob-pelicans-lakers/
105,04/04/25,DEN,GSW,Foul,DEN,Won,2,10:34.0,https://official.nba.com/archive/challenge-of-called-foul-nuggets-warriors-3/
106,04/04/25,POR,CHI,Possession,POR,Won,4,05:05.0,https://official.nba.com/archive/challenge-oob-trail-blazers-bulls/
107,04/04/25,CLE,SAS,Foul,SAS,Won,4,08:08.0,https://official.nba.com/archive/challenge-of-called-foul-cavaliers-spurs-4/
108,04/04/25,DET,TOR,Possession,TOR,Won,4,04:07.0,https://official.nba.com/archive/challenge-oob-pistons-raptors-3/
109,04/04/25,DET,TOR,Possession,DET,Won,3,00:38.4,https://official.nba.com/archive/challenge-oob-pistons-raptors-4/
110,04/04/25,PHX,BOS,Foul,BOS,Won,4,11:32.0,https://official.nba.com/archive/challenge-of-called-foul-suns-celtics-3/
111,04/04/25,PHX,BOS,Goaltending,BOS,Won,3,07:20.0,https://official.nba.com/archive/50865-challenge-goaltending-bi-suns-at-celtics/
112,04/04/25,SAC,CHA,Possession,SAC,Won,3,03:00.0,https://official.nba.com/archive/challenge-oob-kings-hornets/
113,04/04/25,OKC,HOU,Foul,OKC,Lost,1,01:45.0,https://official.nba.com/archive/challenge-of-called-foul-thunder-rockets-7/
114,04/04/25,PHX,BOS,Foul,PHX,Lost,2,06:48.0,https://official.nba.com/archive/challenge-of-called-foul-suns-celtics-5/
115,04/04/25,UTA,IND,Possession,UTA,Won,2,01:52.0,https://official.nba.com/archive/challenge-oob-jazz-pacers/
116,04/03/25,GSW,LAL,Foul,LAL,Won,3,10:09.0,https://official.nba.com/archive/challenge-of-called-foul-warriors-lakers-2/
117,04/03/25,GSW,LAL,Possession,GSW,Won,2,06:07.0,https://official.nba.com/archive/challenge-oob-warriors-lakers/
118,04/03/25,GSW,LAL,Foul,LAL,Won,1,07:01.0,https://official.nba.com/archive/challenge-of-called-foul-warriors-lakers-4/
119,04/03/25,MIN,BKN,Possession,MIN,Lost,4,01:52.0,https://official.nba.com/archive/challenge-oob-timberwolves-nets/
120,04/03/25,MIL,PHI,Foul,MIL,Lost,4,05:17.0,https://official.nba.com/archive/challenge-of-called-foul-bucks-76ers/
121,04/03/25,MIL,PHI,Possession,MIL,Won,4,06:42.0,https://official.nba.com/archive/challenge-oob-bucks-76ers/
122,04/03/25,MIL,PHI,Foul,PHI,Lost,4,09:41.0,https://official.nba.com/archive/challenge-of-called-foul-bucks-76ers-2/
123,04/03/25,ORL,WAS,Foul,WAS,Lost,3,08:27.0,https://official.nba.com/archive/challenge-of-called-foul-magic-wizards-3/
124,04/03/25,MIN,BKN,Foul,BKN,Won,2,04:50.0,https://official.nba.com/archive/challenge-of-called-foul-timberwolves-nets/
125,04/03/25,POR,TOR,Foul,TOR,Won,2,10:26.0,https://official.nba.com/archive/challenge-of-called-foul-trail-blazers-raptors/
126,04/03/25,MEM,MIA,Foul,MEM,Lost,1,01:39.0,https://official.nba.com/archive/challenge-of-called-foul-grizzlies-heat/
127,04/03/25,ORL,WAS,Foul,ORL,Won,2,04:37.0,https://official.nba.com/archive/challenge-of-called-foul-magic-wizards-4/
128,04/02/25,NOP,LAC,Possession,LAC,Won,4,10:03.0,https://official.nba.com/archive/challenge-oob-pelicans-clippers-3/
129,04/02/25,NOP,LAC,Possession,NOP,Lost,3,03:14.0,https://official.nba.com/archive/challenge-oob-pelicans-clippers-2/
130,04/02/25,DET,OKC,Goaltending,OKC,Won,4,11:04.0,https://official.nba.com/archive/50833-challenge-goaltending-bi-pistons-at-thunder/
131,04/02/25,DET,OKC,Foul,OKC,Lost,3,02:00.0,https://official.nba.com/archive/challenge-of-called-foul-pistons-thunder-2/
132,04/02/25,ATL,DAL,Foul,DAL,Lost,2,07:04.0,https://official.nba.com/archive/50826-challenge-of-called-foul-hawks-at-mavericks/
133,04/02/25,SAC,WAS,Foul,SAC,Won,4,07:39.0,https://official.nba.com/archive/challenge-of-called-foul-kings-wizards-2/
134,04/02/25,CHA,IND,Foul,CHA,Lost,3,03:10.0,https://official.nba.com/archive/challenge-of-called-foul-hornets-pacers-5/
135,04/02/25,SAC,WAS,Foul,WAS,Lost,2,01:40.0,https://official.nba.com/archive/challenge-of-called-foul-kings-wizards-4/
136,04/02/25,MIA,BOS,Foul,MIA,Lost,1,05:37.0,https://official.nba.com/archive/challenge-of-called-foul-heat-celtics/
137,04/02/25,SAC,WAS,Foul,SAC,Won,1,04:51.0,https://official.nba.com/archive/challenge-of-called-foul-kings-wizards-5/
138,04/01/25,MIN,DEN,Foul,MIN,Lost,3,00:18.6,https://official.nba.com/archive/50804-challenge-of-called-foul-timberwolves-at-nuggets/
139,04/01/25,MIN,DEN,Foul,DEN,Lost,2,06:23.0,https://official.nba.com/archive/challenge-of-called-foul-timberwolves-nuggets-4/
140,04/01/25,MIN,DEN,Possession,MIN,Won,2,09:35.0,https://official.nba.com/archive/challenge-oob-timberwolves-nuggets-4/
141,04/01/25,PHX,MIL,Possession,MIL,Lost,4,00:38.5,https://official.nba.com/archive/challenge-oob-suns-bucks/
142,04/01/25,POR,ATL,Foul,POR,Lost,4,01:47.0,https://official.nba.com/archive/challenge-of-called-foul-trail-blazers-hawks-3/
143,04/01/25,TOR,CHI,Foul,TOR,Won,3,03:49.0,https://official.nba.com/archive/challenge-of-called-foul-raptors-bulls-2/
144,04/01/25,GSW,MEM,Foul,GSW,Won,3,09:41.0,https://official.nba.com/archive/challenge-of-called-foul-warriors-grizzlies-2/
145,04/01/25,POR,ATL,Foul,POR,Won,2,05:14.0,https://official.nba.com/archive/challenge-of-called-foul-trail-blazers-hawks-2/
146,04/01/25,ORL,SAS,Foul,SAS,Won,1,05:26.0,https://official.nba.com/archive/challenge-of-called-foul-magic-spurs-2/
147,04/01/25,POR,ATL,Foul,ATL,Lost,1,00:46.1,https://official.nba.com/archive/challenge-of-called-foul-trail-blazers-hawks/
148,04/01/25,PHI,NYK,Foul,NYK,Won,1,06:09.0,https://official.nba.com/archive/challenge-of-called-foul-76ers-knicks/
